{
    "objects": [
        {
            "attributes": {
                "description": "",
                "kibanaSavedObjectMeta": {
                    "searchSourceJSON": "{\"query\": {\"query\": \"\", \"language\": \"kuery\"}, \"index\": \"filebeat-*\", \"filter\": []}"
                },
                "title": "Message Types Timeline [Filebeat NATS] ECS",
                "uiStateJSON": "{}",
                "version": 1,
                "visState": "{\"type\": \"line\", \"params\": {\"addTooltip\": true, \"grid\": {\"style\": {\"color\": \"#eee\"}, \"categoryLines\": false}, \"type\": \"line\", \"times\": [], \"categoryAxes\": [{\"type\": \"category\", \"position\": \"bottom\", \"scale\": {\"type\": \"linear\"}, \"style\": {}, \"id\": \"CategoryAxis-1\", \"labels\": {\"truncate\": 100, \"show\": true}, \"show\": true, \"title\": {}}], \"legendPosition\": \"right\", \"addTimeMarker\": false, \"seriesParams\": [{\"type\": \"line\", \"drawLinesBetweenPoints\": true, \"data\": {\"id\": \"1\", \"label\": \"Count\"}, \"valueAxis\": \"ValueAxis-1\", \"mode\": \"normal\", \"interpolate\": \"cardinal\", \"show\": \"true\", \"showCircles\": true}], \"valueAxes\": [{\"type\": \"value\", \"position\": \"left\", \"scale\": {\"type\": \"linear\", \"mode\": \"normal\"}, \"name\": \"LeftAxis-1\", \"style\": {}, \"id\": \"ValueAxis-1\", \"labels\": {\"rotate\": 0, \"filter\": false, \"show\": true, \"truncate\": 100}, \"show\": true, \"title\": {\"text\": \"Count\"}}], \"addLegend\": true}, \"title\": \"Message Types Timeline [Filebeat NATS] ECS\", \"aggs\": [{\"type\": \"count\", \"params\": {\"customLabel\": \"\"}, \"id\": \"1\", \"schema\": \"metric\", \"enabled\": true}, {\"type\": \"date_histogram\", \"id\": \"2\", \"schema\": \"segment\", \"enabled\": true}, {\"type\": \"significant_terms\", \"params\": {\"field\": \"nats.log.msg.type\", \"size\": 15}, \"id\": \"3\", \"schema\": \"group\", \"enabled\": true}]}"
            },
            "id": "6987a800-41a8-11e9-a4da-b1df688edbcd-ecs",
            "type": "visualization",
            "updated_at": "2019-03-08T21:47:49.627Z",
            "version": 3
        },
        {
            "attributes": {
                "description": "",
                "kibanaSavedObjectMeta": {
                    "searchSourceJSON": "{\"query\": {\"query\": \"service.type: nats\", \"language\": \"kuery\"}, \"index\": \"filebeat-*\", \"filter\": []}"
                },
                "title": "Communication Directions [Filebeat NATS] ECS",
                "uiStateJSON": "{}",
                "version": 1,
                "visState": "{\"type\": \"line\", \"params\": {\"addTooltip\": true, \"grid\": {\"style\": {\"color\": \"#eee\"}, \"categoryLines\": false}, \"type\": \"line\", \"times\": [], \"categoryAxes\": [{\"type\": \"category\", \"position\": \"bottom\", \"scale\": {\"type\": \"linear\"}, \"style\": {}, \"id\": \"CategoryAxis-1\", \"labels\": {\"truncate\": 100, \"show\": true}, \"show\": true, \"title\": {}}], \"legendPosition\": \"right\", \"addTimeMarker\": false, \"seriesParams\": [{\"type\": \"line\", \"drawLinesBetweenPoints\": true, \"data\": {\"id\": \"1\", \"label\": \"Count\"}, \"valueAxis\": \"ValueAxis-1\", \"mode\": \"normal\", \"show\": \"true\", \"showCircles\": true}], \"valueAxes\": [{\"type\": \"value\", \"position\": \"left\", \"scale\": {\"type\": \"linear\", \"mode\": \"normal\"}, \"name\": \"LeftAxis-1\", \"style\": {}, \"id\": \"ValueAxis-1\", \"labels\": {\"rotate\": 0, \"filter\": false, \"show\": true, \"truncate\": 100}, \"show\": true, \"title\": {\"text\": \"Count\"}}], \"addLegend\": true}, \"title\": \"Communication Directions [Filebeat NATS] ECS\", \"aggs\": [{\"type\": \"count\", \"params\": {}, \"id\": \"1\", \"schema\": \"metric\", \"enabled\": true}, {\"type\": \"date_histogram\", \"id\": \"2\", \"schema\": \"segment\", \"enabled\": true}, {\"type\": \"significant_terms\", \"params\": {\"field\": \"network.direction\", \"size\": 2}, \"id\": \"3\", \"schema\": \"group\", \"enabled\": true}]}"
            },
            "id": "0b2061d0-41ad-11e9-a4da-b1df688edbcd-ecs",
            "type": "visualization",
            "updated_at": "2019-03-08T21:54:53.381Z",
            "version": 3
        },
        {
            "attributes": {
                "description": "",
                "kibanaSavedObjectMeta": {
                    "searchSourceJSON": "{\"query\": {\"query\": \"\", \"language\": \"kuery\"}, \"index\": \"filebeat-*\", \"filter\": []}"
                },
                "title": "Topics Timeline [Filebeat NATS] ECS",
                "uiStateJSON": "{}",
                "version": 1,
                "visState": "{\"type\": \"line\", \"params\": {\"addTooltip\": true, \"grid\": {\"style\": {\"color\": \"#eee\"}, \"categoryLines\": false}, \"type\": \"line\", \"times\": [], \"categoryAxes\": [{\"type\": \"category\", \"position\": \"bottom\", \"scale\": {\"type\": \"linear\"}, \"style\": {}, \"id\": \"CategoryAxis-1\", \"labels\": {\"truncate\": 100, \"show\": true}, \"show\": true, \"title\": {}}], \"legendPosition\": \"right\", \"addTimeMarker\": false, \"seriesParams\": [{\"type\": \"line\", \"drawLinesBetweenPoints\": true, \"data\": {\"id\": \"1\", \"label\": \"Count\"}, \"valueAxis\": \"ValueAxis-1\", \"mode\": \"normal\", \"show\": \"true\", \"showCircles\": true}], \"valueAxes\": [{\"type\": \"value\", \"position\": \"left\", \"scale\": {\"type\": \"linear\", \"mode\": \"normal\"}, \"name\": \"LeftAxis-1\", \"style\": {}, \"id\": \"ValueAxis-1\", \"labels\": {\"rotate\": 0, \"filter\": false, \"show\": true, \"truncate\": 100}, \"show\": true, \"title\": {\"text\": \"Count\"}}], \"addLegend\": true}, \"title\": \"Topics Timeline [Filebeat NATS] ECS\", \"aggs\": [{\"type\": \"count\", \"params\": {}, \"id\": \"1\", \"schema\": \"metric\", \"enabled\": true}, {\"type\": \"date_histogram\", \"id\": \"2\", \"schema\": \"segment\", \"enabled\": true}, {\"type\": \"significant_terms\", \"params\": {\"field\": \"nats.log.msg.subject\", \"size\": 5}, \"id\": \"3\", \"schema\": \"group\", \"enabled\": true}]}"
            },
            "id": "4a6d9ec0-41a8-11e9-a4da-b1df688edbcd-ecs",
            "type": "visualization",
            "updated_at": "2019-03-08T21:49:49.112Z",
            "version": 3
        },
        {
            "attributes": {
                "description": "",
                "kibanaSavedObjectMeta": {
                    "searchSourceJSON": "{\"query\": {\"query\": \"\", \"language\": \"kuery\"}, \"index\": \"filebeat-*\", \"filter\": []}"
                },
                "title": " Bytes Timeline [Filebeat NATS] ECS",
                "uiStateJSON": "{}",
                "version": 1,
                "visState": "{\"type\": \"line\", \"params\": {\"addTooltip\": true, \"grid\": {\"style\": {\"color\": \"#eee\"}, \"categoryLines\": false}, \"type\": \"line\", \"times\": [], \"categoryAxes\": [{\"type\": \"category\", \"position\": \"bottom\", \"scale\": {\"type\": \"linear\"}, \"style\": {}, \"id\": \"CategoryAxis-1\", \"labels\": {\"truncate\": 100, \"show\": true}, \"show\": true, \"title\": {}}], \"legendPosition\": \"right\", \"addTimeMarker\": false, \"seriesParams\": [{\"type\": \"line\", \"drawLinesBetweenPoints\": true, \"data\": {\"id\": \"1\", \"label\": \"Sum of Message Bytes\"}, \"valueAxis\": \"ValueAxis-1\", \"mode\": \"normal\", \"show\": \"true\", \"showCircles\": true}], \"valueAxes\": [{\"type\": \"value\", \"position\": \"left\", \"scale\": {\"type\": \"linear\", \"mode\": \"normal\"}, \"name\": \"LeftAxis-1\", \"style\": {}, \"id\": \"ValueAxis-1\", \"labels\": {\"rotate\": 0, \"filter\": false, \"show\": true, \"truncate\": 100}, \"show\": true, \"title\": {\"text\": \"Sum of Message Bytes\"}}], \"addLegend\": true}, \"title\": \" Bytes Timeline [Filebeat NATS] ECS\", \"aggs\": [{\"type\": \"sum\", \"params\": {\"customLabel\": \"Sum of Message Bytes\", \"field\": \"nats.log.msg.bytes\"}, \"id\": \"1\", \"schema\": \"metric\", \"enabled\": true}, {\"type\": \"date_histogram\", \"id\": \"2\", \"schema\": \"segment\", \"enabled\": true}]}"
            },
            "id": "c3d1ab80-41a8-11e9-a4da-b1df688edbcd-ecs",
            "type": "visualization",
            "updated_at": "2019-03-08T21:38:11.578Z",
            "version": 3
        },
        {
            "attributes": {
                "description": "",
                "kibanaSavedObjectMeta": {
                    "searchSourceJSON": "{\"query\": {\"query\": \"service.type: nats\", \"language\": \"kuery\"}, \"index\": \"filebeat-*\", \"filter\": []}"
                },
                "title": "Communication Directions Distribution [Filebeat NATS] ECS",
                "uiStateJSON": "{}",
                "version": 1,
                "visState": "{\"type\": \"pie\", \"params\": {\"addTooltip\": true, \"type\": \"pie\", \"isDonut\": true, \"legendPosition\": \"right\", \"labels\": {\"last_level\": true, \"truncate\": 100, \"values\": true, \"show\": true}, \"addLegend\": true}, \"title\": \"Communication Directions Distribution [Filebeat NATS] ECS\", \"aggs\": [{\"type\": \"count\", \"params\": {}, \"id\": \"1\", \"schema\": \"metric\", \"enabled\": true}, {\"type\": \"significant_terms\", \"params\": {\"field\": \"network.direction\", \"size\": 2}, \"id\": \"2\", \"schema\": \"segment\", \"enabled\": true}]}"
            },
            "id": "7716c780-41ad-11e9-a4da-b1df688edbcd-ecs",
            "type": "visualization",
            "updated_at": "2019-03-08T21:39:03.899Z",
            "version": 5
        },
        {
            "attributes": {
                "description": "",
                "kibanaSavedObjectMeta": {
                    "searchSourceJSON": "{\"query\": {\"query\": \"service.type: nats\", \"language\": \"kuery\"}, \"index\": \"filebeat-*\", \"filter\": []}"
                },
                "title": "Log Level Distribution [Filebeat NATS] ECS",
                "uiStateJSON": "{}",
                "version": 1,
                "visState": "{\"type\": \"pie\", \"params\": {\"addTooltip\": true, \"type\": \"pie\", \"isDonut\": true, \"legendPosition\": \"right\", \"labels\": {\"last_level\": true, \"truncate\": 100, \"values\": true, \"show\": true}, \"addLegend\": true}, \"title\": \"Log Level Distribution [Filebeat NATS] ECS\", \"aggs\": [{\"type\": \"count\", \"params\": {}, \"id\": \"1\", \"schema\": \"metric\", \"enabled\": true}, {\"type\": \"significant_terms\", \"params\": {\"field\": \"log.level\", \"size\": 10}, \"id\": \"2\", \"schema\": \"segment\", \"enabled\": true}]}"
            },
            "id": "3f6cca40-41ae-11e9-a4da-b1df688edbcd-ecs",
            "type": "visualization",
            "updated_at": "2019-03-08T21:44:31.263Z",
            "version": 3
        },
        {
            "attributes": {
                "description": "",
                "kibanaSavedObjectMeta": {
                    "searchSourceJSON": "{\"query\": {\"query\": \"\", \"language\": \"kuery\"}, \"index\": \"filebeat-*\", \"filter\": []}"
                },
                "title": "Message Type Distribution [Filebeat NATS] ECS",
                "uiStateJSON": "{}",
                "version": 1,
                "visState": "{\"type\": \"pie\", \"params\": {\"addTooltip\": true, \"type\": \"pie\", \"isDonut\": true, \"legendPosition\": \"right\", \"labels\": {\"last_level\": true, \"truncate\": 100, \"values\": true, \"show\": true}, \"addLegend\": true}, \"title\": \"Message Type Distribution [Filebeat NATS] ECS\", \"aggs\": [{\"type\": \"count\", \"params\": {}, \"id\": \"1\", \"schema\": \"metric\", \"enabled\": true}, {\"type\": \"significant_terms\", \"params\": {\"field\": \"nats.log.msg.type\", \"size\": 15}, \"id\": \"2\", \"schema\": \"segment\", \"enabled\": true}]}"
            },
            "id": "7ed62870-41ae-11e9-a4da-b1df688edbcd-ecs",
            "type": "visualization",
            "updated_at": "2019-03-08T21:48:10.554Z",
            "version": 3
        },
        {
            "attributes": {
                "description": "",
                "kibanaSavedObjectMeta": {
                    "searchSourceJSON": "{\"query\": {\"query\": \"service.type: nats\", \"language\": \"kuery\"}, \"index\": \"filebeat-*\", \"filter\": []}"
                },
                "title": "Log Level Timeline [Filebeat NATS] ECS",
                "uiStateJSON": "{}",
                "version": 1,
                "visState": "{\"type\": \"area\", \"params\": {\"addTooltip\": true, \"grid\": {\"style\": {\"color\": \"#eee\"}, \"categoryLines\": false}, \"type\": \"area\", \"times\": [], \"categoryAxes\": [{\"type\": \"category\", \"position\": \"bottom\", \"scale\": {\"type\": \"linear\"}, \"style\": {}, \"id\": \"CategoryAxis-1\", \"labels\": {\"truncate\": 100, \"show\": true}, \"show\": true, \"title\": {}}], \"legendPosition\": \"right\", \"addTimeMarker\": false, \"seriesParams\": [{\"type\": \"area\", \"drawLinesBetweenPoints\": true, \"data\": {\"id\": \"1\", \"label\": \"Count\"}, \"valueAxis\": \"ValueAxis-1\", \"mode\": \"stacked\", \"interpolate\": \"linear\", \"show\": \"true\", \"showCircles\": true}], \"valueAxes\": [{\"type\": \"value\", \"position\": \"left\", \"scale\": {\"type\": \"linear\", \"mode\": \"normal\"}, \"name\": \"LeftAxis-1\", \"style\": {}, \"id\": \"ValueAxis-1\", \"labels\": {\"rotate\": 0, \"filter\": false, \"show\": true, \"truncate\": 100}, \"show\": true, \"title\": {\"text\": \"Count\"}}], \"addLegend\": true}, \"title\": \"Log Level Timeline [Filebeat NATS] ECS\", \"aggs\": [{\"type\": \"count\", \"params\": {}, \"id\": \"1\", \"schema\": \"metric\", \"enabled\": true}, {\"type\": \"date_histogram\", \"id\": \"2\", \"schema\": \"segment\", \"enabled\": true}, {\"type\": \"significant_terms\", \"params\": {\"field\": \"log.level\", \"size\": 10}, \"id\": \"3\", \"schema\": \"group\", \"enabled\": true}]}"
            },
            "id": "04083600-41af-11e9-a4da-b1df688edbcd-ecs",
            "type": "visualization",
            "updated_at": "2019-03-08T21:48:44.582Z",
            "version": 2
        },
        {
            "attributes": {
                "description": "",
                "kibanaSavedObjectMeta": {
                    "searchSourceJSON": "{\"query\": {\"query\": \"service.type: nats\", \"language\": \"kuery\"}, \"index\": \"filebeat-*\", \"filter\": []}"
                },
                "title": "Client IP Count Timeline [Filebeat NATS] ECS",
                "uiStateJSON": "{}",
                "version": 1,
                "visState": "{\"type\": \"line\", \"params\": {\"addTooltip\": true, \"grid\": {\"style\": {\"color\": \"#eee\"}, \"categoryLines\": false}, \"type\": \"line\", \"times\": [], \"categoryAxes\": [{\"type\": \"category\", \"position\": \"bottom\", \"scale\": {\"type\": \"linear\"}, \"style\": {}, \"id\": \"CategoryAxis-1\", \"labels\": {\"truncate\": 100, \"show\": true}, \"show\": true, \"title\": {}}], \"legendPosition\": \"right\", \"addTimeMarker\": false, \"seriesParams\": [{\"type\": \"line\", \"drawLinesBetweenPoints\": true, \"data\": {\"id\": \"1\", \"label\": \"Count\"}, \"valueAxis\": \"ValueAxis-1\", \"mode\": \"normal\", \"show\": \"true\", \"showCircles\": true}], \"valueAxes\": [{\"type\": \"value\", \"position\": \"left\", \"scale\": {\"type\": \"linear\", \"mode\": \"normal\"}, \"name\": \"LeftAxis-1\", \"style\": {}, \"id\": \"ValueAxis-1\", \"labels\": {\"rotate\": 0, \"filter\": false, \"show\": true, \"truncate\": 100}, \"show\": true, \"title\": {\"text\": \"Count\"}}], \"addLegend\": true}, \"title\": \"Client IP Count Timeline [Filebeat NATS] ECS\", \"aggs\": [{\"type\": \"count\", \"params\": {}, \"id\": \"1\", \"schema\": \"metric\", \"enabled\": true}, {\"type\": \"date_histogram\", \"id\": \"2\", \"schema\": \"segment\", \"enabled\": true}, {\"type\": \"ip_range\", \"params\": {\"ranges\": {\"mask\": [{\"mask\": \"0.0.0.0/1\"}, {\"mask\": \"128.0.0.0/2\"}], \"fromTo\": [{\"to\": \"127.255.255.255\", \"from\": \"0.0.0.0\"}, {\"to\": \"191.255.255.255\", \"from\": \"128.0.0.0\"}]}, \"ipRangeType\": \"fromTo\", \"field\": \"client.ip\"}, \"id\": \"3\", \"schema\": \"group\", \"enabled\": true}]}"
            },
            "id": "c669ae20-41ed-11e9-ac5c-71ffa38a62e3-ecs",
            "type": "visualization",
            "updated_at": "2019-03-08T22:01:50.337Z",
            "version": 1
        },
        {
            "attributes": {
                "description": "Overview of NATS server statistics",
                "hits": 0,
                "kibanaSavedObjectMeta": {
                    "searchSourceJSON": "{\"query\": {\"query\": \"\", \"language\": \"kuery\"}, \"filter\": []}"
                },
                "optionsJSON": "{\"useMargins\": true, \"hidePanelTitles\": false, \"darkTheme\": false}",
                "panelsJSON": "[{\"type\": \"visualization\", \"panelIndex\": \"1\", \"embeddableConfig\": {}, \"id\": \"6987a800-41a8-11e9-a4da-b1df688edbcd-ecs\", \"gridData\": {\"x\": 0, \"w\": 17, \"h\": 11, \"i\": \"1\", \"y\": 0}, \"version\": \"6.6.0\"}, {\"type\": \"visualization\", \"panelIndex\": \"2\", \"embeddableConfig\": {}, \"id\": \"0b2061d0-41ad-11e9-a4da-b1df688edbcd-ecs\", \"gridData\": {\"x\": 31, \"w\": 17, \"h\": 11, \"i\": \"2\", \"y\": 0}, \"version\": \"6.6.0\"}, {\"type\": \"visualization\", \"panelIndex\": \"3\", \"embeddableConfig\": {}, \"id\": \"4a6d9ec0-41a8-11e9-a4da-b1df688edbcd-ecs\", \"gridData\": {\"x\": 0, \"w\": 25, \"h\": 12, \"i\": \"3\", \"y\": 20}, \"version\": \"6.6.0\"}, {\"type\": \"visualization\", \"panelIndex\": \"4\", \"embeddableConfig\": {\"vis\": {\"legendOpen\": false}}, \"id\": \"c3d1ab80-41a8-11e9-a4da-b1df688edbcd-ecs\", \"gridData\": {\"x\": 11, \"w\": 12, \"h\": 9, \"i\": \"4\", \"y\": 11}, \"version\": \"6.6.0\"}, {\"type\": \"visualization\", \"panelIndex\": \"5\", \"embeddableConfig\": {\"vis\": {\"legendOpen\": false}}, \"id\": \"7716c780-41ad-11e9-a4da-b1df688edbcd-ecs\", \"gridData\": {\"x\": 0, \"w\": 11, \"h\": 9, \"i\": \"5\", \"y\": 11}, \"version\": \"6.6.0\"}, {\"type\": \"visualization\", \"panelIndex\": \"6\", \"embeddableConfig\": {\"vis\": {\"legendOpen\": false}}, \"id\": \"3f6cca40-41ae-11e9-a4da-b1df688edbcd-ecs\", \"gridData\": {\"x\": 37, \"w\": 11, \"h\": 9, \"i\": \"6\", \"y\": 11}, \"version\": \"6.6.0\"}, {\"type\": \"visualization\", \"panelIndex\": \"7\", \"embeddableConfig\": {\"vis\": {\"legendOpen\": false}}, \"id\": \"7ed62870-41ae-11e9-a4da-b1df688edbcd-ecs\", \"gridData\": {\"x\": 17, \"w\": 14, \"h\": 11, \"i\": \"7\", \"y\": 0}, \"version\": \"6.6.0\"}, {\"type\": \"visualization\", \"panelIndex\": \"8\", \"embeddableConfig\": {}, \"id\": \"04083600-41af-11e9-a4da-b1df688edbcd-ecs\", \"gridData\": {\"x\": 23, \"w\": 14, \"h\": 9, \"i\": \"8\", \"y\": 11}, \"version\": \"6.6.0\"}, {\"type\": \"visualization\", \"panelIndex\": \"9\", \"embeddableConfig\": {}, \"id\": \"c669ae20-41ed-11e9-ac5c-71ffa38a62e3-ecs\", \"gridData\": {\"x\": 25, \"w\": 22, \"h\": 12, \"i\": \"9\", \"y\": 20}, \"version\": \"6.6.0\"}]",
                "timeRestore": false,
                "title": "[Filebeat NATS] Overview ECS",
                "version": 1
            },
            "id": "Filebeat-nats-overview-ecs",
            "type": "dashboard",
            "updated_at": "2019-03-08T22:02:50.580Z",
            "version": 5
        }
    ],
    "version": "6.6.0"
}