{
    "objects": [
        {
            "attributes": {
                "description": "",
                "kibanaSavedObjectMeta": {
                    "searchSourceJSON": "{\"query\": {\"query\": \"\", \"language\": \"kuery\"}, \"index\": \"filebeat-*\", \"filter\": []}"
                },
                "title": "Event types breakdown [Filebeat Auditd] ECS",
                "uiStateJSON": "{}",
                "version": 1,
                "visState": "{\"type\": \"pie\", \"params\": {\"addTooltip\": true, \"isDonut\": true, \"legendPosition\": \"right\", \"addLegend\": true}, \"listeners\": {}, \"title\": \"Audit Event Types ECS\", \"aggs\": [{\"type\": \"count\", \"params\": {}, \"id\": \"1\", \"schema\": \"metric\", \"enabled\": true}, {\"type\": \"terms\", \"params\": {\"orderBy\": \"1\", \"order\": \"desc\", \"field\": \"event.action\", \"size\": 50}, \"id\": \"2\", \"schema\": \"segment\", \"enabled\": true}]}"
            },
            "id": "6295bdd0-0a0e-11e7-825f-6748cda7d858-ecs",
            "type": "visualization",
            "version": 2
        },
        {
            "attributes": {
                "description": "",
                "kibanaSavedObjectMeta": {
                    "searchSourceJSON": "{\"query\": {\"query\": \"event.action:EXECVE\", \"language\": \"kuery\"}, \"index\": \"filebeat-*\", \"filter\": []}"
                },
                "title": "Top Exec Commands [Filebeat Auditd] ECS",
                "uiStateJSON": "{\"vis\": {\"params\": {\"sort\": {\"direction\": null, \"columnIndex\": null}}}}",
                "version": 1,
                "visState": "{\"type\": \"table\", \"params\": {\"perPage\": 10, \"showTotal\": false, \"showMeticsAtAllLevels\": false, \"totalFunc\": \"sum\", \"sort\": {\"direction\": null, \"columnIndex\": null}, \"showPartialRows\": false}, \"listeners\": {}, \"title\": \"Audit Top Exec Commands ECS\", \"aggs\": [{\"type\": \"count\", \"params\": {}, \"id\": \"1\", \"schema\": \"metric\", \"enabled\": true}, {\"type\": \"terms\", \"params\": {\"orderBy\": \"1\", \"order\": \"desc\", \"customLabel\": \"Command (arg 0)\", \"field\": \"auditd.log.a0\", \"size\": 30}, \"id\": \"2\", \"schema\": \"bucket\", \"enabled\": true}]}"
            },
            "id": "5ebdbe50-0a0f-11e7-825f-6748cda7d858-ecs",
            "type": "visualization",
            "version": 2
        },
        {
            "attributes": {
                "description": "",
                "kibanaSavedObjectMeta": {
                    "searchSourceJSON": "{}"
                },
                "title": "Event Results [Filebeat Auditd] ECS",
                "uiStateJSON": "{}",
                "version": 1,
                "visState": "{\"type\": \"timelion\", \"params\": {\"interval\": \"auto\", \"expression\": \".es(q=\\\"event.dataset:auditd.log NOT event.outcome:failure\\\").label(\\\"Success\\\"), .es(q=\\\"event.outcome:failed\\\").label(\\\"Failure\\\").title(\\\"Audit Event Results\\\")\"}, \"title\": \"Event Results [Filebeat Auditd] ECS\", \"aggs\": []}"
            },
            "id": "2bb0fa70-0a11-11e7-9e84-43da493ad0c7-ecs",
            "type": "visualization",
            "version": 2
        },
        {
            "attributes": {
                "description": "",
                "kibanaSavedObjectMeta": {
                    "searchSourceJSON": "{\"query\": {\"query\": \"\", \"language\": \"kuery\"}, \"index\": \"filebeat-*\", \"filter\": []}"
                },
                "title": "Event Address Geo Location [Filebeat Auditd] ECS",
                "uiStateJSON": "{}",
                "version": 1,
                "visState": "{\"type\": \"tile_map\", \"params\": {\"heatNormalizeData\": true, \"mapZoom\": 2, \"heatRadius\": 25, \"heatBlur\": 15, \"heatMinOpacity\": 0.1, \"mapCenter\": [15, 5], \"isDesaturated\": true, \"addTooltip\": true, \"mapType\": \"Scaled Circle Markers\", \"wms\": {\"url\": \"https://basemap.nationalmap.gov/arcgis/services/USGSTopo/MapServer/WMSServer\", \"options\": {\"styles\": \"\", \"layers\": \"0\", \"transparent\": true, \"attribution\": \"Maps provided by USGS\", \"format\": \"image/png\", \"version\": \"1.3.0\"}, \"enabled\": false}, \"legendPosition\": \"bottomright\", \"heatMaxZoom\": 16}, \"listeners\": {}, \"title\": \"Audit Event Address Geo Location ECS\", \"aggs\": [{\"type\": \"count\", \"params\": {}, \"id\": \"1\", \"schema\": \"metric\", \"enabled\": true}, {\"type\": \"geohash_grid\", \"params\": {\"precision\": 2, \"autoPrecision\": true, \"field\": \"source.geo.location\"}, \"id\": \"2\", \"schema\": \"segment\", \"enabled\": true}]}"
            },
            "id": "d1726930-0a7f-11e7-8b04-eb22a5669f27-ecs",
            "type": "visualization",
            "version": 2
        },
        {
            "attributes": {
                "description": "",
                "kibanaSavedObjectMeta": {
                    "searchSourceJSON": "{\"query\": {\"query\": \"\", \"language\": \"kuery\"}, \"index\": \"filebeat-*\", \"filter\": []}"
                },
                "title": "Event Account Tag Cloud [Filebeat Auditd] ECS",
                "uiStateJSON": "{}",
                "version": 1,
                "visState": "{\"type\": \"tagcloud\", \"params\": {\"hideLabel\": false, \"scale\": \"linear\", \"maxFontSize\": 42, \"orientation\": \"single\", \"minFontSize\": 15}, \"listeners\": {}, \"title\": \"Audit Event Account Tag Cloud ECS\", \"aggs\": [{\"type\": \"count\", \"params\": {}, \"id\": \"1\", \"schema\": \"metric\", \"enabled\": true}, {\"type\": \"terms\", \"params\": {\"orderBy\": \"1\", \"order\": \"desc\", \"field\": \"user.name\", \"size\": 15}, \"id\": \"2\", \"schema\": \"segment\", \"enabled\": true}]}"
            },
            "id": "c5411910-0a87-11e7-8b04-eb22a5669f27-ecs",
            "type": "visualization",
            "version": 2
        },
        {
            "attributes": {
                "columns": [
                    "event.action",
                    "auditd.log.sequence",
                    "user.name"
                ],
                "description": "",
                "hits": 0,
                "kibanaSavedObjectMeta": {
                    "searchSourceJSON": "{\"query\": {\"query\": \"event.dataset:auditd.log\", \"language\": \"kuery\"}, \"index\": \"filebeat-*\", \"filter\": [], \"highlightAll\": true, \"version\": true}"
                },
                "sort": [
                    "@timestamp",
                    "desc"
                ],
                "title": "Audit Events [Filebeat Auditd] ECS",
                "version": 1
            },
            "id": "4ac0a370-0a11-11e7-8b04-eb22a5669f27-ecs",
            "type": "search",
            "version": 2
        },
        {
            "attributes": {
                "description": "Dashboard for the Auditd Filebeat module",
                "hits": 0,
                "kibanaSavedObjectMeta": {
                    "searchSourceJSON": "{\"query\": {\"query\": \"\", \"language\": \"kuery\"}, \"filter\": [], \"highlightAll\": true, \"version\": true}"
                },
                "optionsJSON": "{\"darkTheme\": false}",
                "panelsJSON": "[{\"size_y\": 4, \"type\": \"visualization\", \"panelIndex\": 1, \"row\": 1, \"size_x\": 4, \"id\": \"6295bdd0-0a0e-11e7-825f-6748cda7d858-ecs\", \"col\": 1}, {\"size_y\": 4, \"type\": \"visualization\", \"panelIndex\": 2, \"row\": 1, \"size_x\": 4, \"id\": \"5ebdbe50-0a0f-11e7-825f-6748cda7d858-ecs\", \"col\": 9}, {\"size_y\": 3, \"type\": \"visualization\", \"panelIndex\": 3, \"row\": 5, \"size_x\": 6, \"id\": \"2bb0fa70-0a11-11e7-9e84-43da493ad0c7-ecs\", \"col\": 1}, {\"size_y\": 3, \"type\": \"visualization\", \"panelIndex\": 5, \"row\": 5, \"size_x\": 6, \"id\": \"d1726930-0a7f-11e7-8b04-eb22a5669f27-ecs\", \"col\": 7}, {\"size_y\": 4, \"type\": \"visualization\", \"panelIndex\": 6, \"row\": 1, \"size_x\": 4, \"id\": \"c5411910-0a87-11e7-8b04-eb22a5669f27-ecs\", \"col\": 5}, {\"size_y\": 3, \"type\": \"search\", \"panelIndex\": 7, \"columns\": [\"event.action\", \"auditd.log.sequence\", \"user.name\"], \"row\": 8, \"sort\": [\"@timestamp\", \"desc\"], \"size_x\": 12, \"id\": \"4ac0a370-0a11-11e7-8b04-eb22a5669f27-ecs\", \"col\": 1}]",
                "timeRestore": false,
                "title": "[Filebeat Auditd] Audit Events ECS",
                "uiStateJSON": "{\"P-2\": {\"vis\": {\"params\": {\"sort\": {\"direction\": null, \"columnIndex\": null}}}}, \"P-5\": {\"mapBounds\": {\"bottom_right\": {\"lon\": 102.65625, \"lat\": -43.580390855607845}, \"top_left\": {\"lon\": -102.3046875, \"lat\": 43.58039085560784}}, \"mapZoom\": 2, \"mapCollar\": {\"zoom\": 2, \"bottom_right\": {\"lon\": 180, \"lat\": -87.16078}, \"top_left\": {\"lon\": -180, \"lat\": 87.16078}}}}",
                "version": 1
            },
            "id": "dfbb49f0-0a0f-11e7-8a62-2d05eaaac5cb-ecs",
            "type": "dashboard",
            "version": 4
        }
    ],
    "version": "6.0.0-beta1-SNAPSHOT"
}