{
    "objects": [
        {
            "attributes": {
                "description": "",
                "kibanaSavedObjectMeta": {
                    "searchSourceJSON": "{\"filter\": []}"
                },
                "savedSearchId": "710043e0-2417-11e7-a83b-d5f4cebac9ff-ecs",
                "title": "Startup Errors [Filebeat Icinga] ECS",
                "uiStateJSON": "{\"vis\": {\"colors\": {\"Count\": \"#BF1B00\"}}}",
                "version": 1,
                "visState": "{\"type\": \"histogram\", \"params\": {\"addTooltip\": true, \"scale\": \"linear\", \"legendPosition\": \"right\", \"addTimeMarker\": false, \"setYExtents\": false, \"mode\": \"stacked\", \"defaultYExtents\": false, \"times\": [], \"addLegend\": true}, \"listeners\": {}, \"title\": \"Icinga Startup Errors ECS\", \"aggs\": [{\"type\": \"count\", \"params\": {}, \"id\": \"1\", \"schema\": \"metric\", \"enabled\": true}, {\"type\": \"date_histogram\", \"params\": {\"customInterval\": \"2h\", \"interval\": \"auto\", \"min_doc_count\": 1, \"field\": \"@timestamp\", \"extended_bounds\": {}}, \"id\": \"2\", \"schema\": \"segment\", \"enabled\": true}]}"
            },
            "id": "a59b5e00-2417-11e7-a83b-d5f4cebac9ff-ecs",
            "type": "visualization",
            "version": 2
        },
        {
            "attributes": {
                "columns": [
                    "icinga.startup.facility",
                    "log.level",
                    "message"
                ],
                "description": "",
                "hits": 0,
                "kibanaSavedObjectMeta": {
                    "searchSourceJSON": "{\"query\": {\"query\": \"log.level:critical\", \"language\": \"kuery\"}, \"index\": \"filebeat-*\", \"filter\": [], \"highlightAll\": true, \"version\": true}"
                },
                "sort": [
                    "@timestamp",
                    "desc"
                ],
                "title": "Startup Errors [Filebeat Icinga] ECS",
                "version": 1
            },
            "id": "710043e0-2417-11e7-a83b-d5f4cebac9ff-ecs",
            "type": "search",
            "version": 2
        },
        {
            "attributes": {
                "description": "Filebeat Icinga module dashboard for startup errors",
                "hits": 0,
                "kibanaSavedObjectMeta": {
                    "searchSourceJSON": "{\"query\": {\"query\": \"\", \"language\": \"kuery\"}, \"filter\": [], \"highlightAll\": true, \"version\": true}"
                },
                "optionsJSON": "{\"darkTheme\": false}",
                "panelsJSON": "[{\"size_y\": 2, \"type\": \"visualization\", \"panelIndex\": 1, \"row\": 1, \"size_x\": 12, \"id\": \"a59b5e00-2417-11e7-a83b-d5f4cebac9ff-ecs\", \"col\": 1}, {\"size_y\": 13, \"type\": \"search\", \"panelIndex\": 2, \"columns\": [\"icinga.startup.facility\", \"log.level\", \"message\"], \"row\": 3, \"sort\": [\"@timestamp\", \"desc\"], \"size_x\": 12, \"id\": \"710043e0-2417-11e7-a83b-d5f4cebac9ff-ecs\", \"col\": 1}]",
                "timeRestore": false,
                "title": "[Filebeat Icinga] Startup Errors ECS",
                "uiStateJSON": "{}",
                "version": 1
            },
            "id": "b9163ea0-2417-11e7-a83b-d5f4cebac9ff-ecs",
            "type": "dashboard",
            "version": 2
        }
    ],
    "version": "6.0.0-beta1-SNAPSHOT"
}