{
    "objects": [
        {
            "attributes": {
                "description": "",
                "kibanaSavedObjectMeta": {
                    "searchSourceJSON": "{\"query\": {\"query\": \"\", \"language\": \"kuery\"}, \"filter\": []}"
                },
                "savedSearchId": "PostgreSQL Query Durations-ecs",
                "title": "Query count and cumulated duration [Filebeat PostgreSQL] ECS",
                "uiStateJSON": "{\"vis\": {\"legendOpen\": true, \"colors\": {\"Sum of query duration\": \"#6ED0E0\", \"Number of queries\": \"#0A437C\"}}}",
                "version": 1,
                "visState": "{\"type\": \"histogram\", \"params\": {\"addTooltip\": true, \"grid\": {\"style\": {\"color\": \"#eee\"}, \"categoryLines\": false}, \"type\": \"histogram\", \"times\": [], \"categoryAxes\": [{\"type\": \"category\", \"position\": \"bottom\", \"scale\": {\"type\": \"linear\"}, \"style\": {}, \"id\": \"CategoryAxis-1\", \"labels\": {\"truncate\": 100, \"show\": true}, \"show\": true, \"title\": {\"text\": \"@timestamp per 3 hours\"}}], \"legendPosition\": \"right\", \"addTimeMarker\": false, \"seriesParams\": [{\"type\": \"histogram\", \"drawLinesBetweenPoints\": true, \"data\": {\"id\": \"4\", \"label\": \"Number of queries\"}, \"valueAxis\": \"ValueAxis-1\", \"interpolate\": \"linear\", \"mode\": \"normal\", \"lineWidth\": 2, \"show\": true, \"showCircles\": true}, {\"type\": \"histogram\", \"drawLinesBetweenPoints\": true, \"data\": {\"id\": \"2\", \"label\": \"Sum of query duration\"}, \"valueAxis\": \"ValueAxis-1\", \"interpolate\": \"linear\", \"mode\": \"normal\", \"lineWidth\": 2, \"show\": true, \"showCircles\": true}], \"valueAxes\": [{\"type\": \"value\", \"position\": \"left\", \"scale\": {\"type\": \"linear\", \"mode\": \"normal\"}, \"name\": \"LeftAxis-1\", \"style\": {}, \"id\": \"ValueAxis-1\", \"labels\": {\"rotate\": 0, \"filter\": false, \"show\": true, \"truncate\": 100}, \"show\": true, \"title\": {\"text\": \"\"}}], \"addLegend\": true}, \"title\": \"Query count and cumulated duration [Filebeat PostgreSQL] ECS\", \"aggs\": [{\"type\": \"date_histogram\", \"params\": {\"customInterval\": \"2h\", \"interval\": \"auto\", \"min_doc_count\": 1, \"field\": \"@timestamp\", \"extended_bounds\": {}}, \"id\": \"3\", \"schema\": \"segment\", \"enabled\": true}, {\"type\": \"count\", \"params\": {\"customLabel\": \"Number of queries\"}, \"id\": \"4\", \"schema\": \"metric\", \"enabled\": true}, {\"type\": \"sum\", \"params\": {\"customLabel\": \"Sum of query duration\", \"field\": \"event.duration\"}, \"id\": \"2\", \"schema\": \"metric\", \"enabled\": true}]}"
            },
            "id": "PostgreSQL Query Count and Duration-ecs",
            "type": "visualization",
            "version": 1
        },
        {
            "attributes": {
                "columns": [
                    "user.name",
                    "postgresql.log.database",
                    "event.duration",
                    "postgresql.log.query"
                ],
                "description": "",
                "hits": 0,
                "kibanaSavedObjectMeta": {
                    "searchSourceJSON": "{\"query\": {\"query\": \"event.duration>30000000\", \"language\": \"kuery\"}, \"index\": \"filebeat-*\", \"filter\": [], \"highlightAll\": true, \"version\": true}"
                },
                "sort": [
                    "@timestamp",
                    "desc"
                ],
                "title": "Slow Queries [Filebeat PostgreSQL] ECS",
                "version": 1
            },
            "id": "Slow PostgreSQL Queries-ecs",
            "type": "search",
            "version": 1
        },
        {
            "attributes": {
                "columns": [
                    "user.name",
                    "postgresql.log.database",
                    "event.duration",
                    "postgresql.log.query"
                ],
                "description": "",
                "hits": 0,
                "kibanaSavedObjectMeta": {
                    "searchSourceJSON": "{\"query\": {\"query\": \"event.duration:*\", \"language\": \"kuery\"}, \"index\": \"filebeat-*\", \"filter\": [], \"highlightAll\": true, \"version\": true}"
                },
                "sort": [
                    "@timestamp",
                    "desc"
                ],
                "title": "Query Durations [Filebeat PostgreSQL] ECS",
                "version": 1
            },
            "id": "PostgreSQL Query Durations-ecs",
            "type": "search",
            "version": 1
        },
        {
            "attributes": {
                "description": "Dashboard for analyzing the query durations of the Filebeat PostgreSQL module",
                "hits": 0,
                "kibanaSavedObjectMeta": {
                    "searchSourceJSON": "{\"query\": {\"query\": \"postgresql.log.query:*\", \"language\": \"kuery\"}, \"filter\": [], \"highlightAll\": true, \"version\": true}"
                },
                "optionsJSON": "{\"darkTheme\": false}",
                "panelsJSON": "[{\"size_y\": 3, \"type\": \"visualization\", \"panelIndex\": 1, \"row\": 1, \"size_x\": 6, \"id\": \"PostgreSQL Query Count and Duration-ecs\", \"col\": 1}, {\"size_y\": 3, \"type\": \"search\", \"panelIndex\": 2, \"columns\": [\"user.name\", \"postgresql.log.database\", \"event.duration\", \"postgresql.log.query\"], \"row\": 1, \"sort\": [\"@timestamp\", \"desc\"], \"size_x\": 6, \"id\": \"Slow PostgreSQL Queries-ecs\", \"col\": 7}, {\"size_y\": 5, \"type\": \"search\", \"panelIndex\": 3, \"columns\": [\"user.name\", \"postgresql.log.database\", \"event.duration\", \"postgresql.log.query\"], \"row\": 4, \"sort\": [\"@timestamp\", \"desc\"], \"size_x\": 12, \"id\": \"PostgreSQL Query Durations-ecs\", \"col\": 1}]",
                "timeRestore": false,
                "title": "[Filebeat PostgreSQL] Query Duration Overview ECS",
                "uiStateJSON": "{}",
                "version": 1
            },
            "id": "e4c5f230-87f3-11e7-ad9c-db80de0bf8d3-ecs",
            "type": "dashboard",
            "version": 1
        }
    ],
    "version": "6.0.0-beta1-SNAPSHOT"
}