{
    "objects": [
        {
            "attributes": {
                "description": "",
                "kibanaSavedObjectMeta": {
                    "searchSourceJSON": "{\"filter\": []}"
                },
                "savedSearchId": "8030c1b0-fa77-11e6-ae9b-81e5311e8cab-ecs",
                "title": "New users [Filebeat System] ECS",
                "uiStateJSON": "{\"vis\": {\"params\": {\"sort\": {\"direction\": null, \"columnIndex\": null}}}}",
                "version": 1,
                "visState": "{\"type\": \"table\", \"params\": {\"perPage\": 10, \"showTotal\": false, \"showMeticsAtAllLevels\": false, \"totalFunc\": \"sum\", \"sort\": {\"direction\": null, \"columnIndex\": null}, \"showPartialRows\": false}, \"listeners\": {}, \"title\": \"New users ECS\", \"aggs\": [{\"type\": \"count\", \"params\": {}, \"id\": \"1\", \"schema\": \"metric\", \"enabled\": true}, {\"type\": \"terms\", \"params\": {\"orderBy\": \"1\", \"order\": \"desc\", \"customLabel\": \"Host\", \"field\": \"host.hostname\", \"size\": 5}, \"id\": \"2\", \"schema\": \"bucket\", \"enabled\": true}, {\"type\": \"terms\", \"params\": {\"orderBy\": \"1\", \"order\": \"desc\", \"customLabel\": \"User\", \"field\": \"user.name\", \"size\": 5}, \"id\": \"3\", \"schema\": \"bucket\", \"enabled\": true}, {\"type\": \"terms\", \"params\": {\"orderBy\": \"1\", \"order\": \"desc\", \"customLabel\": \"UID\", \"field\": \"user.id\", \"size\": 5}, \"id\": \"4\", \"schema\": \"bucket\", \"enabled\": true}, {\"type\": \"terms\", \"params\": {\"orderBy\": \"1\", \"order\": \"desc\", \"customLabel\": \"GID\", \"field\": \"group.id\", \"size\": 5}, \"id\": \"5\", \"schema\": \"bucket\", \"enabled\": true}, {\"type\": \"terms\", \"params\": {\"orderBy\": \"1\", \"order\": \"desc\", \"customLabel\": \"Home\", \"field\": \"system.auth.useradd.home\", \"size\": 5}, \"id\": \"6\", \"schema\": \"bucket\", \"enabled\": true}, {\"type\": \"terms\", \"params\": {\"orderBy\": \"1\", \"order\": \"desc\", \"customLabel\": \"Shell\", \"field\": \"system.auth.useradd.shell\", \"size\": 5}, \"id\": \"7\", \"schema\": \"bucket\", \"enabled\": true}]}"
            },
            "id": "f398d2f0-fa77-11e6-ae9b-81e5311e8cab-ecs",
            "type": "visualization",
            "version": 2
        },
        {
            "attributes": {
                "description": "",
                "kibanaSavedObjectMeta": {
                    "searchSourceJSON": "{\"filter\": []}"
                },
                "savedSearchId": "8030c1b0-fa77-11e6-ae9b-81e5311e8cab-ecs",
                "title": "New users over time [Filebeat System] ECS",
                "uiStateJSON": "{}",
                "version": 1,
                "visState": "{\"type\": \"histogram\", \"params\": {\"addTooltip\": true, \"scale\": \"linear\", \"legendPosition\": \"bottom\", \"addTimeMarker\": false, \"setYExtents\": false, \"mode\": \"stacked\", \"defaultYExtents\": false, \"times\": [], \"addLegend\": true}, \"listeners\": {}, \"title\": \"New users over time ECS\", \"aggs\": [{\"type\": \"count\", \"params\": {}, \"id\": \"1\", \"schema\": \"metric\", \"enabled\": true}, {\"type\": \"date_histogram\", \"params\": {\"customInterval\": \"2h\", \"interval\": \"auto\", \"min_doc_count\": 1, \"field\": \"@timestamp\", \"extended_bounds\": {}}, \"id\": \"2\", \"schema\": \"segment\", \"enabled\": true}, {\"type\": \"terms\", \"params\": {\"orderBy\": \"1\", \"order\": \"desc\", \"field\": \"user.name\", \"size\": 5}, \"id\": \"3\", \"schema\": \"group\", \"enabled\": true}]}"
            },
            "id": "5dd15c00-fa78-11e6-ae9b-81e5311e8cab-ecs",
            "type": "visualization",
            "version": 2
        },
        {
            "attributes": {
                "description": "",
                "kibanaSavedObjectMeta": {
                    "searchSourceJSON": "{\"filter\": []}"
                },
                "savedSearchId": "8030c1b0-fa77-11e6-ae9b-81e5311e8cab-ecs",
                "title": "New users by shell [Filebeat System] ECS",
                "uiStateJSON": "{\"vis\": {\"legendOpen\": true, \"colors\": {\"/bin/bash\": \"#E24D42\", \"/bin/false\": \"#508642\", \"/sbin/nologin\": \"#7EB26D\"}}}",
                "version": 1,
                "visState": "{\"type\": \"pie\", \"params\": {\"addTooltip\": true, \"isDonut\": false, \"legendPosition\": \"right\", \"addLegend\": true}, \"listeners\": {}, \"title\": \"New users by shell ECS\", \"aggs\": [{\"type\": \"count\", \"params\": {}, \"id\": \"1\", \"schema\": \"metric\", \"enabled\": true}, {\"type\": \"terms\", \"params\": {\"orderBy\": \"1\", \"order\": \"desc\", \"field\": \"system.auth.useradd.shell\", \"size\": 5}, \"id\": \"2\", \"schema\": \"segment\", \"enabled\": true}, {\"type\": \"terms\", \"params\": {\"orderBy\": \"1\", \"order\": \"desc\", \"field\": \"user.name\", \"size\": 5}, \"id\": \"3\", \"schema\": \"segment\", \"enabled\": true}]}"
            },
            "id": "e121b140-fa78-11e6-a1df-a78bd7504d38-ecs",
            "type": "visualization",
            "version": 2
        },
        {
            "attributes": {
                "description": "",
                "kibanaSavedObjectMeta": {
                    "searchSourceJSON": "{\"filter\": []}"
                },
                "savedSearchId": "8030c1b0-fa77-11e6-ae9b-81e5311e8cab-ecs",
                "title": "New users by home directory [Filebeat System] ECS",
                "uiStateJSON": "{\"vis\": {\"legendOpen\": true, \"colors\": {\"/nonexistent\": \"#629E51\", \"/bin/bash\": \"#E24D42\", \"/bin/false\": \"#508642\", \"/sbin/nologin\": \"#7EB26D\"}}}",
                "version": 1,
                "visState": "{\"type\": \"pie\", \"params\": {\"addTooltip\": true, \"isDonut\": false, \"legendPosition\": \"right\", \"addLegend\": true}, \"listeners\": {}, \"title\": \"New users by home directory ECS\", \"aggs\": [{\"type\": \"count\", \"params\": {}, \"id\": \"1\", \"schema\": \"metric\", \"enabled\": true}, {\"type\": \"terms\", \"params\": {\"orderBy\": \"1\", \"order\": \"desc\", \"field\": \"system.auth.useradd.home\", \"size\": 5}, \"id\": \"2\", \"schema\": \"segment\", \"enabled\": true}, {\"type\": \"terms\", \"params\": {\"orderBy\": \"1\", \"order\": \"desc\", \"field\": \"user.name\", \"size\": 5}, \"id\": \"3\", \"schema\": \"segment\", \"enabled\": true}]}"
            },
            "id": "d56ee420-fa79-11e6-a1df-a78bd7504d38-ecs",
            "type": "visualization",
            "version": 2
        },
        {
            "attributes": {
                "description": "",
                "kibanaSavedObjectMeta": {
                    "searchSourceJSON": "{\"filter\": []}"
                },
                "savedSearchId": "eb0039f0-fa7f-11e6-a1df-a78bd7504d38-ecs",
                "title": "New groups [Filebeat System] ECS",
                "uiStateJSON": "{\"vis\": {\"params\": {\"sort\": {\"direction\": null, \"columnIndex\": null}}}}",
                "version": 1,
                "visState": "{\"type\": \"table\", \"params\": {\"perPage\": 10, \"showTotal\": false, \"showMeticsAtAllLevels\": false, \"totalFunc\": \"sum\", \"sort\": {\"direction\": null, \"columnIndex\": null}, \"showPartialRows\": false}, \"listeners\": {}, \"title\": \"New groups ECS\", \"aggs\": [{\"type\": \"count\", \"params\": {}, \"id\": \"1\", \"schema\": \"metric\", \"enabled\": true}, {\"type\": \"terms\", \"params\": {\"orderBy\": \"1\", \"order\": \"desc\", \"field\": \"group.name\", \"size\": 5}, \"id\": \"2\", \"schema\": \"bucket\", \"enabled\": true}, {\"type\": \"terms\", \"params\": {\"orderBy\": \"1\", \"order\": \"desc\", \"field\": \"group.id\", \"size\": 5}, \"id\": \"3\", \"schema\": \"bucket\", \"enabled\": true}]}"
            },
            "id": "12667040-fa80-11e6-a1df-a78bd7504d38-ecs",
            "type": "visualization",
            "version": 2
        },
        {
            "attributes": {
                "description": "",
                "kibanaSavedObjectMeta": {
                    "searchSourceJSON": "{\"filter\": []}"
                },
                "savedSearchId": "eb0039f0-fa7f-11e6-a1df-a78bd7504d38-ecs",
                "title": "New groups over time [Filebeat System] ECS",
                "uiStateJSON": "{}",
                "version": 1,
                "visState": "{\"type\": \"histogram\", \"params\": {\"addTooltip\": true, \"scale\": \"linear\", \"legendPosition\": \"bottom\", \"addTimeMarker\": false, \"setYExtents\": false, \"mode\": \"stacked\", \"defaultYExtents\": false, \"times\": [], \"addLegend\": true}, \"listeners\": {}, \"title\": \"New groups over time ECS\", \"aggs\": [{\"type\": \"count\", \"params\": {}, \"id\": \"1\", \"schema\": \"metric\", \"enabled\": true}, {\"type\": \"date_histogram\", \"params\": {\"customInterval\": \"2h\", \"interval\": \"auto\", \"min_doc_count\": 1, \"field\": \"@timestamp\", \"extended_bounds\": {}}, \"id\": \"2\", \"schema\": \"segment\", \"enabled\": true}, {\"type\": \"terms\", \"params\": {\"orderBy\": \"1\", \"order\": \"desc\", \"field\": \"group.name\", \"size\": 5}, \"id\": \"3\", \"schema\": \"group\", \"enabled\": true}]}"
            },
            "id": "346bb290-fa80-11e6-a1df-a78bd7504d38-ecs",
            "type": "visualization",
            "version": 2
        },
        {
            "attributes": {
                "description": "",
                "kibanaSavedObjectMeta": {
                    "searchSourceJSON": "{}"
                },
                "title": "Dashboards [Filebeat System] ECS",
                "uiStateJSON": "{}",
                "version": 1,
                "visState": "{\"type\": \"markdown\", \"params\": {\"markdown\": \"[Syslog](#/dashboard/Filebeat-syslog-dashboard-ecs) | [Sudo commands](#/dashboard/277876d0-fa2c-11e6-bbd3-29c986c96e5a-ecs) | [SSH logins](#/dashboard/5517a150-f9ce-11e6-8115-a7c18106d86a-ecs) | [New users and groups](#/dashboard/0d3f2380-fa78-11e6-ae9b-81e5311e8cab-ecs)\", \"fontSize\": 12}, \"title\": \"Dashboards [Filebeat System] ECS\", \"aggs\": []}"
            },
            "id": "327417e0-8462-11e7-bab8-bd2f0fb42c54-ecs",
            "type": "visualization",
            "version": 1
        },
        {
            "attributes": {
                "columns": [
                    "user.name",
                    "user.id",
                    "group.id",
                    "system.auth.useradd.home",
                    "system.auth.useradd.shell"
                ],
                "description": "",
                "hits": 0,
                "kibanaSavedObjectMeta": {
                    "searchSourceJSON": "{\"query\": {\"query\": \"system.auth.useradd:*\", \"language\": \"kuery\"}, \"index\": \"filebeat-*\", \"filter\": [], \"highlightAll\": true}"
                },
                "sort": [
                    "@timestamp",
                    "desc"
                ],
                "title": "useradd logs [Filebeat System] ECS",
                "version": 1
            },
            "id": "8030c1b0-fa77-11e6-ae9b-81e5311e8cab-ecs",
            "type": "search",
            "version": 2
        },
        {
            "attributes": {
                "columns": [
                    "group.name",
                    "group.id"
                ],
                "description": "",
                "hits": 0,
                "kibanaSavedObjectMeta": {
                    "searchSourceJSON": "{\"query\": {\"query\": \"system.auth.groupadd:*\", \"language\": \"kuery\"}, \"index\": \"filebeat-*\", \"filter\": [], \"highlightAll\": true}"
                },
                "sort": [
                    "@timestamp",
                    "desc"
                ],
                "title": "groupadd logs [Filebeat System] ECS",
                "version": 1
            },
            "id": "eb0039f0-fa7f-11e6-a1df-a78bd7504d38-ecs",
            "type": "search",
            "version": 2
        },
        {
            "attributes": {
                "description": "New users and groups dashboard for the System module in Filebeat",
                "hits": 0,
                "kibanaSavedObjectMeta": {
                    "searchSourceJSON": "{\"query\": {\"query\": \"\", \"language\": \"kuery\"}, \"filter\": [], \"highlightAll\": true, \"version\": true}"
                },
                "optionsJSON": "{\"darkTheme\": false}",
                "panelsJSON": "[{\"size_y\": 3, \"type\": \"visualization\", \"panelIndex\": 1, \"row\": 2, \"size_x\": 6, \"id\": \"f398d2f0-fa77-11e6-ae9b-81e5311e8cab-ecs\", \"col\": 1}, {\"size_y\": 3, \"type\": \"visualization\", \"panelIndex\": 2, \"row\": 2, \"size_x\": 6, \"id\": \"5dd15c00-fa78-11e6-ae9b-81e5311e8cab-ecs\", \"col\": 7}, {\"size_y\": 3, \"type\": \"visualization\", \"panelIndex\": 3, \"row\": 5, \"size_x\": 6, \"id\": \"e121b140-fa78-11e6-a1df-a78bd7504d38-ecs\", \"col\": 1}, {\"size_y\": 3, \"type\": \"visualization\", \"panelIndex\": 4, \"row\": 5, \"size_x\": 6, \"id\": \"d56ee420-fa79-11e6-a1df-a78bd7504d38-ecs\", \"col\": 7}, {\"size_y\": 3, \"type\": \"visualization\", \"panelIndex\": 5, \"row\": 8, \"size_x\": 6, \"id\": \"12667040-fa80-11e6-a1df-a78bd7504d38-ecs\", \"col\": 1}, {\"size_y\": 3, \"type\": \"visualization\", \"panelIndex\": 6, \"row\": 8, \"size_x\": 6, \"id\": \"346bb290-fa80-11e6-a1df-a78bd7504d38-ecs\", \"col\": 7}, {\"size_y\": 1, \"type\": \"visualization\", \"panelIndex\": 7, \"row\": 1, \"size_x\": 12, \"id\": \"327417e0-8462-11e7-bab8-bd2f0fb42c54-ecs\", \"col\": 1}]",
                "timeRestore": false,
                "title": "[Filebeat System] New users and groups ECS",
                "uiStateJSON": "{\"P-1\": {\"vis\": {\"params\": {\"sort\": {\"direction\": null, \"columnIndex\": null}}}}, \"P-5\": {\"vis\": {\"params\": {\"sort\": {\"direction\": null, \"columnIndex\": null}}}}}",
                "version": 1
            },
            "id": "0d3f2380-fa78-11e6-ae9b-81e5311e8cab-ecs",
            "type": "dashboard",
            "version": 6
        }
    ],
    "version": "6.0.0-beta1-SNAPSHOT"
}