{
    "objects": [
        {
            "attributes": {
                "description": "",
                "kibanaSavedObjectMeta": {
                    "searchSourceJSON": "{\"query\": {\"query\": \"event.dataset:redis.log\", \"language\": \"kuery\"}, \"index\": \"filebeat-*\", \"filter\": [], \"highlightAll\": true, \"version\": true}"
                },
                "title": "Log levels and roles breakdown [Filebeat Redis] ECS",
                "uiStateJSON": "{}",
                "version": 1,
                "visState": "{\"type\": \"pie\", \"params\": {\"addTooltip\": true, \"type\": \"pie\", \"isDonut\": false, \"legendPosition\": \"bottom\", \"addLegend\": true}, \"title\": \"Log levels and roles breakdown [Filebeat Redis] ECS\", \"aggs\": [{\"type\": \"count\", \"params\": {}, \"id\": \"1\", \"schema\": \"metric\", \"enabled\": true}, {\"type\": \"terms\", \"params\": {\"orderBy\": \"1\", \"order\": \"desc\", \"field\": \"redis.log.role\", \"size\": 5}, \"id\": \"3\", \"schema\": \"segment\", \"enabled\": true}, {\"type\": \"terms\", \"params\": {\"orderBy\": \"1\", \"order\": \"desc\", \"customLabel\": \"Log level\", \"field\": \"log.level\", \"size\": 5}, \"id\": \"2\", \"schema\": \"segment\", \"enabled\": true}]}"
            },
            "id": "78b9afe0-478f-11e7-b1f0-cb29bac6bf8b-ecs",
            "type": "visualization",
            "version": 2
        },
        {
            "attributes": {
                "description": "",
                "kibanaSavedObjectMeta": {
                    "searchSourceJSON": "{\"query\": {\"query\": \"event.dataset:redis.log\", \"language\": \"kuery\"}, \"index\": \"filebeat-*\", \"filter\": [], \"highlightAll\": true, \"version\": true}"
                },
                "title": "Logs over time [Filebeat Redis] ECS",
                "uiStateJSON": "{\"vis\": {\"colors\": {\"notice\": \"#629E51\", \"warning\": \"#EF843C\"}}}",
                "version": 1,
                "visState": "{\"type\": \"histogram\", \"params\": {\"type\": \"histogram\", \"drawLinesBetweenPoints\": true, \"grid\": {\"style\": {\"color\": \"#eee\"}, \"categoryLines\": false}, \"categoryAxes\": [{\"type\": \"category\", \"position\": \"bottom\", \"scale\": {\"type\": \"linear\"}, \"style\": {}, \"id\": \"CategoryAxis-1\", \"labels\": {\"truncate\": 100, \"show\": true}, \"show\": true, \"title\": {\"text\": \"@timestamp per month\"}}], \"radiusRatio\": 9, \"addTimeMarker\": false, \"seriesParams\": [{\"type\": \"histogram\", \"drawLinesBetweenPoints\": true, \"data\": {\"id\": \"1\", \"label\": \"Count\"}, \"valueAxis\": \"ValueAxis-1\", \"mode\": \"stacked\", \"show\": \"true\", \"showCircles\": true}], \"interpolate\": \"linear\", \"times\": [], \"valueAxes\": [{\"type\": \"value\", \"position\": \"left\", \"scale\": {\"type\": \"linear\", \"mode\": \"normal\"}, \"name\": \"LeftAxis-1\", \"style\": {}, \"id\": \"ValueAxis-1\", \"labels\": {\"rotate\": 0, \"filter\": false, \"show\": true, \"truncate\": 100}, \"show\": true, \"title\": {\"text\": \"Count\"}}], \"addTooltip\": true, \"scale\": \"linear\", \"legendPosition\": \"right\", \"defaultYExtents\": false, \"setYExtents\": false, \"showCircles\": true, \"addLegend\": true}, \"title\": \"Logs over time [Filebeat Redis] ECS\", \"aggs\": [{\"type\": \"count\", \"params\": {}, \"id\": \"1\", \"schema\": \"metric\", \"enabled\": true}, {\"type\": \"date_histogram\", \"params\": {\"customInterval\": \"2h\", \"interval\": \"auto\", \"min_doc_count\": 1, \"field\": \"@timestamp\", \"extended_bounds\": {}}, \"id\": \"2\", \"schema\": \"segment\", \"enabled\": true}, {\"type\": \"terms\", \"params\": {\"orderBy\": \"1\", \"order\": \"desc\", \"field\": \"log.level\", \"size\": 5}, \"id\": \"3\", \"schema\": \"group\", \"enabled\": true}]}"
            },
            "id": "d2864600-478f-11e7-be88-2ddb32f3df97-ecs",
            "type": "visualization",
            "version": 2
        },
        {
            "attributes": {
                "columns": [
                    "host.name",
                    "log.level",
                    "redis.log.role",
                    "message"
                ],
                "description": "",
                "hits": 0,
                "kibanaSavedObjectMeta": {
                    "searchSourceJSON": "{\"query\": {\"query\": \"\", \"language\": \"kuery\"}, \"index\": \"filebeat-*\", \"filter\": [{\"query\": {\"match\": {\"event.module\": {\"type\": \"phrase\", \"query\": \"redis\"}}}, \"meta\": {\"type\": \"phrase\", \"params\": {\"type\": \"phrase\", \"query\": \"redis\"}, \"alias\": null, \"negate\": false, \"index\": \"filebeat-*\", \"disabled\": false, \"value\": \"redis\", \"key\": \"event.module\"}, \"$state\": {\"store\": \"appState\"}}, {\"query\": {\"match\": {\"fileset.name\": {\"type\": \"phrase\", \"query\": \"log\"}}}, \"meta\": {\"type\": \"phrase\", \"params\": {\"type\": \"phrase\", \"query\": \"log\"}, \"alias\": null, \"negate\": false, \"index\": \"filebeat-*\", \"disabled\": false, \"value\": \"log\", \"key\": \"fileset.name\"}, \"$state\": {\"store\": \"appState\"}}], \"highlightAll\": true, \"version\": true}"
                },
                "sort": [
                    "@timestamp",
                    "desc"
                ],
                "title": "Logs [Filebeat Redis] ECS",
                "version": 1
            },
            "id": "73613570-4791-11e7-be88-2ddb32f3df97-ecs",
            "type": "search",
            "version": 2
        },
        {
            "attributes": {
                "description": "",
                "kibanaSavedObjectMeta": {
                    "searchSourceJSON": "{\"filter\": []}"
                },
                "savedSearchId": "0ab87b80-478e-11e7-b1f0-cb29bac6bf8b-ecs",
                "title": "Top slowest commands [Filebeat Redis] ECS",
                "uiStateJSON": "{}",
                "version": 1,
                "visState": "{\"type\": \"histogram\", \"params\": {\"type\": \"histogram\", \"drawLinesBetweenPoints\": true, \"grid\": {\"style\": {\"color\": \"#eee\"}, \"categoryLines\": false}, \"categoryAxes\": [{\"type\": \"category\", \"position\": \"left\", \"scale\": {\"type\": \"linear\"}, \"style\": {}, \"id\": \"CategoryAxis-1\", \"labels\": {\"rotate\": 0, \"filter\": false, \"show\": true, \"truncate\": 200}, \"show\": true, \"title\": {\"text\": \"Duration (microseconds)\"}}], \"radiusRatio\": 9, \"addTimeMarker\": false, \"seriesParams\": [{\"type\": \"histogram\", \"drawLinesBetweenPoints\": true, \"data\": {\"id\": \"1\", \"label\": \"Command\"}, \"valueAxis\": \"ValueAxis-1\", \"mode\": \"normal\", \"show\": true, \"showCircles\": true}], \"interpolate\": \"linear\", \"times\": [], \"valueAxes\": [{\"type\": \"value\", \"position\": \"bottom\", \"scale\": {\"type\": \"linear\", \"mode\": \"normal\"}, \"name\": \"LeftAxis-1\", \"style\": {}, \"id\": \"ValueAxis-1\", \"labels\": {\"rotate\": 75, \"filter\": true, \"show\": true, \"truncate\": 100}, \"show\": true, \"title\": {\"text\": \"Command\"}}], \"addTooltip\": true, \"scale\": \"linear\", \"legendPosition\": \"right\", \"defaultYExtents\": false, \"setYExtents\": false, \"showCircles\": true, \"addLegend\": true}, \"title\": \"Top slowest commands [Filebeat Redis] ECS\", \"aggs\": [{\"type\": \"max\", \"params\": {\"customLabel\": \"Command\", \"field\": \"redis.slowlog.duration.us\"}, \"id\": \"1\", \"schema\": \"metric\", \"enabled\": true}, {\"type\": \"terms\", \"params\": {\"orderBy\": \"1\", \"order\": \"desc\", \"customLabel\": \"Duration (microseconds)\", \"field\": \"redis.slowlog.cmd\", \"size\": 5}, \"id\": \"2\", \"schema\": \"segment\", \"enabled\": true}]}"
            },
            "id": "dcccaa80-4791-11e7-be88-2ddb32f3df97-ecs",
            "type": "visualization",
            "version": 2
        },
        {
            "attributes": {
                "columns": [
                    "host.name",
                    "message",
                    "redis.slowlog.duration.us",
                    "redis.slowlog.key"
                ],
                "description": "",
                "hits": 0,
                "kibanaSavedObjectMeta": {
                    "searchSourceJSON": "{\"query\": {\"query\": \"event.dataset:redis.slowlog\", \"language\": \"kuery\"}, \"index\": \"filebeat-*\", \"filter\": [], \"highlightAll\": true, \"version\": true}"
                },
                "sort": [
                    "@timestamp",
                    "desc"
                ],
                "title": "Slow logs [Filebeat Redis] ECS",
                "version": 1
            },
            "id": "0ab87b80-478e-11e7-b1f0-cb29bac6bf8b-ecs",
            "type": "search",
            "version": 2
        },
        {
            "attributes": {
                "description": "Overview dashboard for the FIlebeat Redis module",
                "hits": 0,
                "kibanaSavedObjectMeta": {
                    "searchSourceJSON": "{\"query\": {\"query\": \"\", \"language\": \"kuery\"}, \"filter\": [], \"highlightAll\": true, \"version\": true}"
                },
                "optionsJSON": "{\"darkTheme\": false}",
                "panelsJSON": "[{\"size_y\": 3, \"type\": \"visualization\", \"panelIndex\": 2, \"row\": 5, \"size_x\": 3, \"id\": \"78b9afe0-478f-11e7-b1f0-cb29bac6bf8b-ecs\", \"col\": 1}, {\"size_y\": 3, \"type\": \"visualization\", \"panelIndex\": 3, \"row\": 5, \"size_x\": 9, \"id\": \"d2864600-478f-11e7-be88-2ddb32f3df97-ecs\", \"col\": 4}, {\"size_y\": 4, \"type\": \"search\", \"panelIndex\": 4, \"columns\": [\"host.name\", \"log.level\", \"redis.log.role\", \"message\"], \"row\": 8, \"sort\": [\"@timestamp\", \"desc\"], \"size_x\": 12, \"id\": \"73613570-4791-11e7-be88-2ddb32f3df97-ecs\", \"col\": 1}, {\"size_y\": 4, \"type\": \"visualization\", \"panelIndex\": 5, \"row\": 1, \"size_x\": 6, \"id\": \"dcccaa80-4791-11e7-be88-2ddb32f3df97-ecs\", \"col\": 7}, {\"size_y\": 4, \"type\": \"search\", \"panelIndex\": 6, \"columns\": [\"host.name\", \"message\", \"redis.slowlog.duration.us\", \"redis.slowlog.key\"], \"row\": 1, \"sort\": [\"@timestamp\", \"desc\"], \"size_x\": 6, \"id\": \"0ab87b80-478e-11e7-b1f0-cb29bac6bf8b-ecs\", \"col\": 1}]",
                "timeRestore": false,
                "title": "[Filebeat Redis] Overview ECS",
                "uiStateJSON": "{\"P-5\": {\"vis\": {\"legendOpen\": false}}}",
                "version": 1
            },
            "id": "7fea2930-478e-11e7-b1f0-cb29bac6bf8b-ecs",
            "type": "dashboard",
            "version": 4
        }
    ],
    "version": "6.0.0-beta1-SNAPSHOT"
}