{
    "objects": [
        {
            "attributes": {
                "description": "",
                "kibanaSavedObjectMeta": {
                    "searchSourceJSON": "{\"filter\": []}"
                },
                "savedSearchId": "Filebeat-MySQL-Slow-log-ecs",
                "title": "Top slowest queries [Filebeat MySQL] ECS",
                "uiStateJSON": "{\"vis\": {\"params\": {\"sort\": {\"direction\": null, \"columnIndex\": null}}}}",
                "version": 1,
                "visState": "{\"type\": \"table\", \"params\": {\"perPage\": 10, \"showTotal\": false, \"showMeticsAtAllLevels\": false, \"totalFunc\": \"sum\", \"sort\": {\"direction\": null, \"columnIndex\": null}, \"showPartialRows\": false}, \"title\": \"Top slowest queries [Filebeat MySQL] ECS\", \"aggs\": [{\"type\": \"max\", \"params\": {\"customLabel\": \"Query time\", \"field\": \"event.duration\"}, \"id\": \"1\", \"schema\": \"metric\", \"enabled\": true}, {\"type\": \"terms\", \"params\": {\"orderBy\": \"1\", \"order\": \"desc\", \"customLabel\": \"Query\", \"field\": \"mysql.slowlog.query\", \"size\": 5}, \"id\": \"2\", \"schema\": \"bucket\", \"enabled\": true}, {\"type\": \"terms\", \"params\": {\"orderBy\": \"1\", \"order\": \"desc\", \"customLabel\": \"User\", \"field\": \"user.name\", \"size\": 5}, \"id\": \"3\", \"schema\": \"bucket\", \"enabled\": true}]}"
            },
            "id": "MySQL-slowest-queries-ecs",
            "type": "visualization",
            "version": 1
        },
        {
            "attributes": {
                "description": "",
                "kibanaSavedObjectMeta": {
                    "searchSourceJSON": "{\"filter\": []}"
                },
                "savedSearchId": "Filebeat-MySQL-Slow-log-ecs",
                "title": "Slow queries over time [Filebeat MySQL] ECS",
                "uiStateJSON": "{\"vis\": {\"colors\": {\"Slow queries\": \"#EF843C\"}}}",
                "version": 1,
                "visState": "{\"type\": \"histogram\", \"params\": {\"type\": \"histogram\", \"grid\": {\"style\": {\"color\": \"#eee\"}, \"categoryLines\": false}, \"categoryAxes\": [{\"type\": \"category\", \"position\": \"bottom\", \"scale\": {\"type\": \"linear\"}, \"style\": {}, \"id\": \"CategoryAxis-1\", \"labels\": {\"truncate\": 100, \"show\": true}, \"show\": true, \"title\": {\"text\": \"@timestamp per 30 seconds\"}}], \"shareYAxis\": true, \"yAxis\": {}, \"addTimeMarker\": false, \"seriesParams\": [{\"type\": \"histogram\", \"drawLinesBetweenPoints\": true, \"data\": {\"id\": \"1\", \"label\": \"Slow queries\"}, \"valueAxis\": \"ValueAxis-1\", \"mode\": \"stacked\", \"show\": \"true\", \"showCircles\": true}], \"times\": [], \"valueAxes\": [{\"type\": \"value\", \"position\": \"left\", \"scale\": {\"type\": \"linear\", \"mode\": \"normal\"}, \"name\": \"LeftAxis-1\", \"style\": {}, \"id\": \"ValueAxis-1\", \"labels\": {\"rotate\": 0, \"filter\": false, \"show\": true, \"truncate\": 100}, \"show\": true, \"title\": {\"text\": \"Slow queries\"}}], \"addTooltip\": true, \"scale\": \"linear\", \"legendPosition\": \"right\", \"defaultYExtents\": false, \"setYExtents\": false, \"mode\": \"stacked\", \"addLegend\": true}, \"title\": \"Slow queries over time [Filebeat MySQL] ECS\", \"aggs\": [{\"type\": \"count\", \"params\": {\"customLabel\": \"Slow queries\"}, \"id\": \"1\", \"schema\": \"metric\", \"enabled\": true}, {\"type\": \"date_histogram\", \"params\": {\"customInterval\": \"2h\", \"interval\": \"auto\", \"min_doc_count\": 1, \"field\": \"@timestamp\", \"extended_bounds\": {}}, \"id\": \"2\", \"schema\": \"segment\", \"enabled\": true}]}"
            },
            "id": "MySQL-Slow-queries-over-time-ecs",
            "type": "visualization",
            "version": 1
        },
        {
            "attributes": {
                "description": "",
                "kibanaSavedObjectMeta": {
                    "searchSourceJSON": "{\"filter\": []}"
                },
                "savedSearchId": "Filebeat-MySQL-error-log-ecs",
                "title": "Error logs over time [Filebeat MySQL] ECS",
                "uiStateJSON": "{\"vis\": {\"colors\": {\"Error logs\": \"#1F78C1\", \"Count\": \"#447EBC\"}}}",
                "version": 1,
                "visState": "{\"type\": \"histogram\", \"params\": {\"type\": \"histogram\", \"grid\": {\"style\": {\"color\": \"#eee\"}, \"categoryLines\": false}, \"categoryAxes\": [{\"type\": \"category\", \"position\": \"bottom\", \"scale\": {\"type\": \"linear\"}, \"style\": {}, \"id\": \"CategoryAxis-1\", \"labels\": {\"truncate\": 100, \"show\": true}, \"show\": true, \"title\": {\"text\": \"@timestamp per 30 seconds\"}}], \"shareYAxis\": true, \"yAxis\": {}, \"addTimeMarker\": false, \"seriesParams\": [{\"type\": \"histogram\", \"drawLinesBetweenPoints\": true, \"data\": {\"id\": \"1\", \"label\": \"Error logs\"}, \"valueAxis\": \"ValueAxis-1\", \"mode\": \"stacked\", \"show\": \"true\", \"showCircles\": true}], \"times\": [], \"valueAxes\": [{\"type\": \"value\", \"position\": \"left\", \"scale\": {\"type\": \"linear\", \"mode\": \"normal\"}, \"name\": \"LeftAxis-1\", \"style\": {}, \"id\": \"ValueAxis-1\", \"labels\": {\"rotate\": 0, \"filter\": false, \"show\": true, \"truncate\": 100}, \"show\": true, \"title\": {\"text\": \"Error logs\"}}], \"addTooltip\": true, \"scale\": \"linear\", \"legendPosition\": \"right\", \"defaultYExtents\": false, \"setYExtents\": false, \"mode\": \"stacked\", \"addLegend\": true}, \"title\": \"Error logs over time [Filebeat MySQL] ECS\", \"aggs\": [{\"type\": \"count\", \"params\": {\"customLabel\": \"Error logs\"}, \"id\": \"1\", \"schema\": \"metric\", \"enabled\": true}, {\"type\": \"date_histogram\", \"params\": {\"customInterval\": \"2h\", \"interval\": \"auto\", \"min_doc_count\": 1, \"field\": \"@timestamp\", \"extended_bounds\": {}}, \"id\": \"2\", \"schema\": \"segment\", \"enabled\": true}]}"
            },
            "id": "MySQL-error-logs-ecs",
            "type": "visualization",
            "version": 1
        },
        {
            "attributes": {
                "columns": [
                    "log.level",
                    "message"
                ],
                "description": "",
                "hits": 0,
                "kibanaSavedObjectMeta": {
                    "searchSourceJSON": "{\"query\": {\"query\": \"\", \"language\": \"kuery\"}, \"filter\": [{\"query\": {\"match\": {\"event.module\": {\"type\": \"phrase\", \"query\": \"mysql\"}}}, \"meta\": {\"type\": \"phrase\", \"params\": {\"type\": \"phrase\", \"query\": \"mysql\"}, \"alias\": null, \"negate\": false, \"index\": \"filebeat-*\", \"disabled\": false, \"value\": \"mysql\", \"key\": \"event.module\"}, \"$state\": {\"store\": \"appState\"}}, {\"query\": {\"match\": {\"fileset.name\": {\"type\": \"phrase\", \"query\": \"error\"}}}, \"meta\": {\"type\": \"phrase\", \"params\": {\"type\": \"phrase\", \"query\": \"error\"}, \"alias\": null, \"negate\": false, \"index\": \"filebeat-*\", \"disabled\": false, \"value\": \"error\", \"key\": \"fileset.name\"}, \"$state\": {\"store\": \"appState\"}}], \"highlight\": {\"fields\": {\"*\": {}}, \"post_tags\": [\"@/kibana-highlighted-field@\"], \"fragment_size\": 2147483647, \"pre_tags\": [\"@kibana-highlighted-field@\"], \"require_field_match\": false}, \"index\": \"filebeat-*\", \"highlightAll\": true, \"version\": true}"
                },
                "sort": [
                    "@timestamp",
                    "desc"
                ],
                "title": "Error logs [Filebeat MySQL] ECS",
                "version": 1
            },
            "id": "Filebeat-MySQL-error-log-ecs",
            "type": "search",
            "version": 1
        },
        {
            "attributes": {
                "description": "",
                "kibanaSavedObjectMeta": {
                    "searchSourceJSON": "{\"filter\": []}"
                },
                "savedSearchId": "Filebeat-MySQL-error-log-ecs",
                "title": "Error logs levels breakdown [Filebeat MySQL] ECS",
                "uiStateJSON": "{\"vis\": {\"colors\": {\"ERROR\": \"#E24D42\", \"Warning\": \"#F9934E\", \"Note\": \"#9AC48A\"}}}",
                "version": 1,
                "visState": "{\"type\": \"pie\", \"params\": {\"addTooltip\": true, \"type\": \"pie\", \"isDonut\": false, \"legendPosition\": \"bottom\", \"shareYAxis\": true, \"addLegend\": true}, \"title\": \"Error logs levels breakdown [Filebeat MySQL] ECS\", \"aggs\": [{\"type\": \"count\", \"params\": {}, \"id\": \"1\", \"schema\": \"metric\", \"enabled\": true}, {\"type\": \"terms\", \"params\": {\"orderBy\": \"1\", \"order\": \"desc\", \"field\": \"log.level\", \"size\": 5}, \"id\": \"2\", \"schema\": \"segment\", \"enabled\": true}]}"
            },
            "id": "MySQL-Error-logs-levels-ecs",
            "type": "visualization",
            "version": 1
        },
        {
            "attributes": {
                "description": "",
                "kibanaSavedObjectMeta": {
                    "searchSourceJSON": "{\"filter\": []}"
                },
                "savedSearchId": "Filebeat-MySQL-Slow-log-ecs",
                "title": "Slow logs breakdown [Filebeat MySQL] ECS",
                "uiStateJSON": "{}",
                "version": 1,
                "visState": "{\"type\": \"pie\", \"params\": {\"addTooltip\": true, \"type\": \"pie\", \"isDonut\": false, \"legendPosition\": \"bottom\", \"shareYAxis\": true, \"addLegend\": true}, \"title\": \"Slow logs breakdown [Filebeat MySQL] ECS\", \"aggs\": [{\"type\": \"count\", \"params\": {}, \"id\": \"1\", \"schema\": \"metric\", \"enabled\": true}, {\"type\": \"terms\", \"params\": {\"orderBy\": \"1\", \"order\": \"desc\", \"field\": \"mysql.slowlog.query\", \"size\": 5}, \"id\": \"2\", \"schema\": \"segment\", \"enabled\": true}]}"
            },
            "id": "MySQL-Slow-logs-by-count-ecs",
            "type": "visualization",
            "version": 1
        },
        {
            "attributes": {
                "columns": [
                    "_source"
                ],
                "description": "",
                "hits": 0,
                "kibanaSavedObjectMeta": {
                    "searchSourceJSON": "{\"query\": {\"query\": \"\", \"language\": \"kuery\"}, \"filter\": [{\"query\": {\"match\": {\"event.module\": {\"type\": \"phrase\", \"query\": \"mysql\"}}}, \"meta\": {\"type\": \"phrase\", \"params\": {\"type\": \"phrase\", \"query\": \"mysql\"}, \"alias\": null, \"negate\": false, \"index\": \"filebeat-*\", \"disabled\": false, \"value\": \"mysql\", \"key\": \"event.module\"}, \"$state\": {\"store\": \"appState\"}}, {\"query\": {\"match\": {\"fileset.name\": {\"type\": \"phrase\", \"query\": \"slowlog\"}}}, \"meta\": {\"type\": \"phrase\", \"params\": {\"type\": \"phrase\", \"query\": \"slowlog\"}, \"alias\": null, \"negate\": false, \"index\": \"filebeat-*\", \"disabled\": false, \"value\": \"slowlog\", \"key\": \"fileset.name\"}, \"$state\": {\"store\": \"appState\"}}], \"highlight\": {\"fields\": {\"*\": {}}, \"post_tags\": [\"@/kibana-highlighted-field@\"], \"fragment_size\": 2147483647, \"pre_tags\": [\"@kibana-highlighted-field@\"], \"require_field_match\": false}, \"index\": \"filebeat-*\", \"highlightAll\": true, \"version\": true}"
                },
                "sort": [
                    "@timestamp",
                    "desc"
                ],
                "title": "Slow logs [Filebeat MySQL] ECS",
                "version": 1
            },
            "id": "Filebeat-MySQL-Slow-log-ecs",
            "type": "search",
            "version": 1
        },
        {
            "attributes": {
                "description": "Overview dashboard for the Filebeat MySQL module",
                "hits": 0,
                "kibanaSavedObjectMeta": {
                    "searchSourceJSON": "{\"query\": {\"query\": \"\", \"language\": \"kuery\"}, \"filter\": [], \"highlightAll\": true, \"version\": true}"
                },
                "optionsJSON": "{\"darkTheme\": false}",
                "panelsJSON": "[{\"size_y\": 4, \"type\": \"visualization\", \"panelIndex\": 1, \"row\": 8, \"size_x\": 6, \"id\": \"MySQL-slowest-queries-ecs\", \"col\": 1}, {\"size_y\": 3, \"type\": \"visualization\", \"panelIndex\": 2, \"row\": 1, \"size_x\": 6, \"id\": \"MySQL-Slow-queries-over-time-ecs\", \"col\": 1}, {\"size_y\": 3, \"type\": \"visualization\", \"panelIndex\": 3, \"row\": 1, \"size_x\": 6, \"id\": \"MySQL-error-logs-ecs\", \"col\": 7}, {\"size_y\": 5, \"type\": \"search\", \"panelIndex\": 4, \"columns\": [\"log.level\", \"message\"], \"row\": 8, \"sort\": [\"@timestamp\", \"desc\"], \"size_x\": 6, \"id\": \"Filebeat-MySQL-error-log-ecs\", \"col\": 7}, {\"size_y\": 4, \"type\": \"visualization\", \"panelIndex\": 5, \"row\": 4, \"size_x\": 6, \"id\": \"MySQL-Error-logs-levels-ecs\", \"col\": 7}, {\"size_y\": 4, \"type\": \"visualization\", \"panelIndex\": 6, \"row\": 4, \"size_x\": 6, \"id\": \"MySQL-Slow-logs-by-count-ecs\", \"col\": 1}]",
                "timeRestore": false,
                "title": "[Filebeat MySQL] Overview ECS",
                "uiStateJSON": "{\"P-1\": {\"vis\": {\"params\": {\"sort\": {\"direction\": null, \"columnIndex\": null}}}}}",
                "version": 1
            },
            "id": "Filebeat-MySQL-Dashboard-ecs",
            "type": "dashboard",
            "version": 2
        }
    ],
    "version": "6.0.0-beta1-SNAPSHOT"
}