{
    "objects": [
        {
            "attributes": {
                "description": "",
                "kibanaSavedObjectMeta": {
                    "searchSourceJSON": "{\"query\": {\"query\": \"\", \"language\": \"kuery\"}, \"index\": \"filebeat-*\", \"filter\": []}"
                },
                "title": "Browsers breakdown [Filebeat Nginx] ECS",
                "uiStateJSON": "{}",
                "version": 1,
                "visState": "{\"type\": \"pie\", \"params\": {\"addTooltip\": true, \"isDonut\": true, \"shareYAxis\": true, \"legendPosition\": \"bottom\", \"addLegend\": true}, \"listeners\": {}, \"title\": \"Nginx Access Browsers ECS\", \"aggs\": [{\"type\": \"count\", \"params\": {}, \"id\": \"1\", \"schema\": \"metric\", \"enabled\": true}, {\"type\": \"terms\", \"params\": {\"orderBy\": \"1\", \"order\": \"desc\", \"field\": \"user_agent.name\", \"size\": 5}, \"id\": \"2\", \"schema\": \"segment\", \"enabled\": true}, {\"type\": \"terms\", \"params\": {\"orderBy\": \"1\", \"order\": \"desc\", \"field\": \"user_agent.version\", \"size\": 5}, \"id\": \"3\", \"schema\": \"segment\", \"enabled\": true}]}"
            },
            "id": "Nginx-Access-Browsers-ecs",
            "type": "visualization",
            "version": 1
        },
        {
            "attributes": {
                "description": "",
                "kibanaSavedObjectMeta": {
                    "searchSourceJSON": "{\"query\": {\"query\": \"\", \"language\": \"kuery\"}, \"index\": \"filebeat-*\", \"filter\": []}"
                },
                "title": "Operating systems breakdown [Filebeat Nginx] ECS",
                "uiStateJSON": "{}",
                "version": 1,
                "visState": "{\"type\": \"pie\", \"params\": {\"addTooltip\": true, \"isDonut\": true, \"shareYAxis\": true, \"legendPosition\": \"bottom\", \"addLegend\": true}, \"listeners\": {}, \"title\": \"Nginx Access OSes ECS\", \"aggs\": [{\"type\": \"count\", \"params\": {}, \"id\": \"1\", \"schema\": \"metric\", \"enabled\": true}, {\"type\": \"terms\", \"params\": {\"orderBy\": \"1\", \"order\": \"desc\", \"field\": \"user_agent.os.name\", \"size\": 5}, \"id\": \"2\", \"schema\": \"segment\", \"enabled\": true}, {\"type\": \"terms\", \"params\": {\"orderBy\": \"1\", \"order\": \"desc\", \"field\": \"user_agent.os.version\", \"size\": 5}, \"id\": \"3\", \"schema\": \"segment\", \"enabled\": true}]}"
            },
            "id": "Nginx-Access-OSes-ecs",
            "type": "visualization",
            "version": 1
        },
        {
            "attributes": {
                "description": "",
                "kibanaSavedObjectMeta": {
                    "searchSourceJSON": "{\"filter\": []}"
                },
                "savedSearchId": "Filebeat-Nginx-module-ecs",
                "title": "Access Map [Filebeat Nginx] ECS",
                "uiStateJSON": "{\"mapCenter\": [12.039320557540572, -0.17578125]}",
                "version": 1,
                "visState": "{\"type\": \"tile_map\", \"params\": {\"heatNormalizeData\": true, \"mapZoom\": 2, \"heatRadius\": 25, \"heatBlur\": 15, \"heatMinOpacity\": 0.1, \"mapCenter\": [15, 5], \"isDesaturated\": true, \"addTooltip\": true, \"mapType\": \"Scaled Circle Markers\", \"wms\": {\"url\": \"https://basemap.nationalmap.gov/arcgis/services/USGSTopo/MapServer/WMSServer\", \"options\": {\"styles\": \"\", \"layers\": \"0\", \"transparent\": true, \"attribution\": \"Maps provided by USGS\", \"format\": \"image/png\", \"version\": \"1.3.0\"}, \"enabled\": false}, \"legendPosition\": \"bottomright\", \"heatMaxZoom\": 16}, \"listeners\": {}, \"title\": \"Nginx Access Map ECS\", \"aggs\": [{\"type\": \"count\", \"params\": {}, \"id\": \"1\", \"schema\": \"metric\", \"enabled\": true}, {\"type\": \"geohash_grid\", \"params\": {\"autoPrecision\": true, \"field\": \"source.geo.location\"}, \"id\": \"2\", \"schema\": \"segment\", \"enabled\": true}]}"
            },
            "id": "Nginx-Access-Map-ecs",
            "type": "visualization",
            "version": 1
        },
        {
            "attributes": {
                "description": "",
                "kibanaSavedObjectMeta": {
                    "searchSourceJSON": "{}"
                },
                "title": "Response codes over time [Filebeat Nginx] ECS",
                "uiStateJSON": "{}",
                "version": 1,
                "visState": "{\"type\": \"metrics\", \"params\": {\"type\": \"timeseries\", \"index_pattern\": \"filebeat-*\", \"axis_formatter\": \"number\", \"id\": \"61ca57f0-469d-11e7-af02-69e470af7417\", \"interval\": \"auto\", \"legend_position\": \"bottom\", \"show_legend\": 1, \"series\": [{\"chart_type\": \"bar\", \"split_filters\": [{\"label\": \"200s\", \"id\": \"5acdc750-a29d-11e7-a062-a1c3587f4874\", \"filter\": \"http.response.status_code:[200 TO 299]\", \"color\": \"#68BC00\"}, {\"label\": \"300s\", \"id\": \"6efd2ae0-a29d-11e7-a062-a1c3587f4874\", \"filter\": \"http.response.status_code:[300 TO 399]\", \"color\": \"rgba(252,196,0,1)\"}, {\"label\": \"400s\", \"id\": \"76089a90-a29d-11e7-a062-a1c3587f4874\", \"filter\": \"http.response.status_code:[400 TO 499]\", \"color\": \"rgba(211,49,21,1)\"}, {\"label\": \"500s\", \"id\": \"7c7929d0-a29d-11e7-a062-a1c3587f4874\", \"filter\": \"http.response.status_code:[500 TO 599]\", \"color\": \"rgba(171,20,158,1)\"}], \"stacked\": \"stacked\", \"terms_order_by\": \"61ca57f2-469d-11e7-af02-69e470af7417\", \"color\": \"#68BC00\", \"fill\": 0.5, \"line_width\": 1, \"id\": \"61ca57f1-469d-11e7-af02-69e470af7417\", \"seperate_axis\": 0, \"axis_position\": \"right\", \"metrics\": [{\"type\": \"count\", \"id\": \"61ca57f2-469d-11e7-af02-69e470af7417\"}], \"label\": \"\", \"point_size\": 1, \"formatter\": \"number\", \"split_mode\": \"filters\", \"terms_field\": \"http.response.status_code\"}], \"filter\": \"event.module:nginx AND fileset.name:access\", \"show_grid\": 1, \"axis_position\": \"left\", \"time_field\": \"@timestamp\"}, \"title\": \"Response codes over time [Filebeat Nginx] ECS\", \"aggs\": []}"
            },
            "id": "b70b1b20-a1f4-11e7-928f-5dbe6f6f5519-ecs",
            "type": "visualization",
            "version": 7
        },
        {
            "attributes": {
                "description": "",
                "kibanaSavedObjectMeta": {
                    "searchSourceJSON": "{}"
                },
                "title": "Top pages [Filebeat Nginx] ECS",
                "uiStateJSON": "{}",
                "version": 1,
                "visState": "{\"type\": \"metrics\", \"params\": {\"type\": \"top_n\", \"bar_color_rules\": [{\"id\": \"6252c320-a1f5-11e7-92ba-5d0b8663aece\"}], \"index_pattern\": \"filebeat-*\", \"axis_formatter\": \"number\", \"id\": \"61ca57f0-469d-11e7-af02-69e470af7417\", \"interval\": \"auto\", \"axis_position\": \"left\", \"show_legend\": 1, \"series\": [{\"chart_type\": \"line\", \"stacked\": \"none\", \"terms_order_by\": \"61ca57f2-469d-11e7-af02-69e470af7417\", \"color\": \"#68BC00\", \"fill\": 0.5, \"line_width\": 1, \"id\": \"61ca57f1-469d-11e7-af02-69e470af7417\", \"split_mode\": \"terms\", \"seperate_axis\": 0, \"metrics\": [{\"type\": \"count\", \"id\": \"61ca57f2-469d-11e7-af02-69e470af7417\"}], \"point_size\": 1, \"formatter\": \"number\", \"value_template\": \"\", \"axis_position\": \"right\", \"terms_field\": \"url.original\"}], \"filter\": \"event.module:nginx AND fileset.name:access\", \"show_grid\": 1, \"time_field\": \"@timestamp\"}, \"title\": \"Top pages [Filebeat Nginx] ECS\", \"aggs\": []}"
            },
            "id": "9184fa00-a1f5-11e7-928f-5dbe6f6f5519-ecs",
            "type": "visualization",
            "version": 3
        },
        {
            "attributes": {
                "description": "",
                "kibanaSavedObjectMeta": {
                    "searchSourceJSON": "{}"
                },
                "title": "Errors over time [Filebeat Nginx] ECS",
                "uiStateJSON": "{}",
                "version": 1,
                "visState": "{\"type\": \"metrics\", \"params\": {\"type\": \"timeseries\", \"index_pattern\": \"filebeat-*\", \"axis_formatter\": \"number\", \"id\": \"61ca57f0-469d-11e7-af02-69e470af7417\", \"interval\": \"auto\", \"legend_position\": \"bottom\", \"show_legend\": 1, \"series\": [{\"chart_type\": \"bar\", \"stacked\": \"none\", \"terms_order_by\": \"61ca57f2-469d-11e7-af02-69e470af7417\", \"color\": \"rgba(211,49,21,1)\", \"fill\": 0.5, \"line_width\": 1, \"id\": \"61ca57f1-469d-11e7-af02-69e470af7417\", \"split_mode\": \"terms\", \"seperate_axis\": 0, \"metrics\": [{\"type\": \"count\", \"id\": \"61ca57f2-469d-11e7-af02-69e470af7417\"}], \"point_size\": 1, \"formatter\": \"number\", \"axis_position\": \"right\", \"terms_field\": \"log.level\"}], \"filter\": \"event.module:nginx AND fileset.name:error\", \"show_grid\": 1, \"axis_position\": \"left\", \"time_field\": \"@timestamp\"}, \"title\": \"Errors over time [Filebeat Nginx] ECS\", \"aggs\": []}"
            },
            "id": "46322e50-a1f6-11e7-928f-5dbe6f6f5519-ecs",
            "type": "visualization",
            "version": 5
        },
        {
            "attributes": {
                "description": "",
                "kibanaSavedObjectMeta": {
                    "searchSourceJSON": "{}"
                },
                "title": "Data Volume [Filebeat Nginx] ECS",
                "uiStateJSON": "{}",
                "version": 1,
                "visState": "{\"type\": \"metrics\", \"params\": {\"type\": \"timeseries\", \"index_pattern\": \"filebeat-*\", \"axis_formatter\": \"number\", \"id\": \"61ca57f0-469d-11e7-af02-69e470af7417\", \"interval\": \"auto\", \"legend_position\": \"bottom\", \"show_legend\": 1, \"series\": [{\"chart_type\": \"line\", \"split_filters\": [{\"label\": \"200s\", \"id\": \"7c343c20-a29e-11e7-a062-a1c3587f4874\", \"filter\": \"http.response.status_code:[200 TO 299]\", \"color\": \"#68BC00\"}], \"stacked\": \"none\", \"color\": \"#68BC00\", \"fill\": 0.5, \"line_width\": 1, \"id\": \"61ca57f1-469d-11e7-af02-69e470af7417\", \"seperate_axis\": 0, \"axis_position\": \"right\", \"metrics\": [{\"type\": \"sum\", \"id\": \"61ca57f2-469d-11e7-af02-69e470af7417\", \"field\": \"http.response.body.bytes\"}], \"label\": \"\", \"point_size\": 1, \"formatter\": \"bytes\", \"split_mode\": \"everything\", \"terms_field\": null}], \"filter\": \"event.module: nginx AND fileset.name: access\", \"show_grid\": 1, \"axis_position\": \"left\", \"time_field\": \"@timestamp\"}, \"title\": \"Data Volume [Filebeat Nginx] ECS\", \"aggs\": []}"
            },
            "id": "0dd6f320-a29f-11e7-928f-5dbe6f6f5519-ecs",
            "type": "visualization",
            "version": 2
        },
        {
            "attributes": {
                "description": "",
                "kibanaSavedObjectMeta": {
                    "searchSourceJSON": "{}"
                },
                "title": "Dashboards [Filebeat Nginx] ECS",
                "uiStateJSON": "{}",
                "version": 1,
                "visState": "{\"type\": \"markdown\", \"params\": {\"markdown\": \"[Nginx logs overview](#/dashboard/55a9e6e0-a29e-11e7-928f-5dbe6f6f5519-ecs) | [Nginx access and error logs](#/dashboard/046212a0-a2a1-11e7-928f-5dbe6f6f5519-ecs)\", \"fontSize\": 12}, \"title\": \"Dashboards [Filebeat Nginx] ECS\", \"aggs\": []}"
            },
            "id": "97109780-a2a5-11e7-928f-5dbe6f6f5519-ecs",
            "type": "visualization",
            "version": 1
        },
        {
            "attributes": {
                "columns": [
                    "url.original",
                    "http.request.method",
                    "http.response.status_code",
                    "http.request.referrer",
                    "http.response.body.bytes"
                ],
                "description": "",
                "hits": 0,
                "kibanaSavedObjectMeta": {
                    "searchSourceJSON": "{\"query\": {\"query\": \"event.module:nginx\", \"language\": \"kuery\"}, \"filter\": [], \"highlight\": {\"fields\": {\"*\": {}}, \"post_tags\": [\"@/kibana-highlighted-field@\"], \"fragment_size\": 2147483647, \"pre_tags\": [\"@kibana-highlighted-field@\"], \"require_field_match\": false}, \"index\": \"filebeat-*\", \"highlightAll\": true, \"version\": true}"
                },
                "sort": [
                    "@timestamp",
                    "desc"
                ],
                "title": "Nginx logs [Filebeat Nginx] ECS",
                "version": 1
            },
            "id": "Filebeat-Nginx-module-ecs",
            "type": "search",
            "version": 2
        },
        {
            "attributes": {
                "description": "Dashboard for the Filebeat Nginx module",
                "hits": 0,
                "kibanaSavedObjectMeta": {
                    "searchSourceJSON": "{\"query\": {\"query\": \"\", \"language\": \"kuery\"}, \"filter\": [], \"highlightAll\": true, \"version\": true}"
                },
                "optionsJSON": "{\"darkTheme\": false}",
                "panelsJSON": "[{\"size_y\": 3, \"type\": \"visualization\", \"panelIndex\": 3, \"row\": 12, \"size_x\": 3, \"id\": \"Nginx-Access-Browsers-ecs\", \"col\": 10}, {\"size_y\": 3, \"type\": \"visualization\", \"panelIndex\": 4, \"row\": 12, \"size_x\": 3, \"id\": \"Nginx-Access-OSes-ecs\", \"col\": 7}, {\"size_y\": 4, \"type\": \"visualization\", \"panelIndex\": 8, \"row\": 2, \"size_x\": 12, \"id\": \"Nginx-Access-Map-ecs\", \"col\": 1}, {\"size_y\": 3, \"type\": \"visualization\", \"panelIndex\": 13, \"row\": 6, \"size_x\": 12, \"id\": \"b70b1b20-a1f4-11e7-928f-5dbe6f6f5519-ecs\", \"col\": 1}, {\"size_y\": 3, \"type\": \"visualization\", \"panelIndex\": 14, \"row\": 9, \"size_x\": 6, \"id\": \"9184fa00-a1f5-11e7-928f-5dbe6f6f5519-ecs\", \"col\": 7}, {\"size_y\": 3, \"type\": \"visualization\", \"panelIndex\": 15, \"row\": 9, \"size_x\": 6, \"id\": \"46322e50-a1f6-11e7-928f-5dbe6f6f5519-ecs\", \"col\": 1}, {\"size_y\": 3, \"type\": \"visualization\", \"panelIndex\": 16, \"row\": 12, \"size_x\": 6, \"id\": \"0dd6f320-a29f-11e7-928f-5dbe6f6f5519-ecs\", \"col\": 1}, {\"size_y\": 1, \"type\": \"visualization\", \"panelIndex\": 17, \"row\": 1, \"size_x\": 12, \"id\": \"97109780-a2a5-11e7-928f-5dbe6f6f5519-ecs\", \"col\": 1}]",
                "timeRestore": false,
                "title": "[Filebeat Nginx] Overview ECS",
                "uiStateJSON": "{\"P-4\": {\"vis\": {\"legendOpen\": true}}, \"P-8\": {\"mapBounds\": {\"bottom_right\": {\"lon\": 245.39062500000003, \"lat\": -7.362466865535738}, \"top_left\": {\"lon\": -245.74218750000003, \"lat\": 77.07878389624943}}, \"mapCenter\": [50.51342652633956, -0.17578125], \"mapZoom\": 2, \"mapCollar\": {\"zoom\": 2, \"bottom_right\": {\"lon\": 180, \"lat\": -49.583095}, \"top_left\": {\"lon\": -180, \"lat\": 90}}}}",
                "version": 1
            },
            "id": "55a9e6e0-a29e-11e7-928f-5dbe6f6f5519-ecs",
            "type": "dashboard",
            "version": 6
        }
    ],
    "version": "6.0.0-beta2"
}