{
    "objects": [
        {
            "attributes": {
                "description": "",
                "kibanaSavedObjectMeta": {
                    "searchSourceJSON": "{\"filter\": []}"
                },
                "savedSearchId": "ffaf5a30-2413-11e7-a0d9-39604d45ca7f-ecs",
                "title": "Mainlog Severity [Filebeat Icinga] ECS",
                "uiStateJSON": "{\"vis\": {\"colors\": {\"critical\": \"#BF1B00\", \"warning\": \"#E5AC0E\"}}}",
                "version": 1,
                "visState": "{\"type\": \"histogram\", \"params\": {\"addTooltip\": true, \"scale\": \"linear\", \"legendPosition\": \"right\", \"addTimeMarker\": false, \"setYExtents\": false, \"mode\": \"stacked\", \"defaultYExtents\": false, \"times\": [], \"addLegend\": true}, \"listeners\": {}, \"title\": \"Icinga Mainlog Severity ECS\", \"aggs\": [{\"type\": \"count\", \"params\": {}, \"id\": \"1\", \"schema\": \"metric\", \"enabled\": true}, {\"type\": \"date_histogram\", \"params\": {\"customInterval\": \"2h\", \"interval\": \"auto\", \"min_doc_count\": 1, \"field\": \"@timestamp\", \"extended_bounds\": {}}, \"id\": \"2\", \"schema\": \"segment\", \"enabled\": true}, {\"type\": \"terms\", \"params\": {\"orderBy\": \"1\", \"order\": \"desc\", \"field\": \"log.level\", \"size\": 5}, \"id\": \"3\", \"schema\": \"group\", \"enabled\": true}]}"
            },
            "id": "d8e5dc40-2417-11e7-a83b-d5f4cebac9ff-ecs",
            "type": "visualization",
            "version": 2
        },
        {
            "attributes": {
                "columns": [
                    "icinga.main.facility",
                    "log.level",
                    "message"
                ],
                "description": "",
                "hits": 0,
                "kibanaSavedObjectMeta": {
                    "searchSourceJSON": "{\"query\": {\"query\": \"\", \"language\": \"kuery\"}, \"index\": \"filebeat-*\", \"filter\": [{\"query\": {\"match\": {\"event.module\": {\"type\": \"phrase\", \"query\": \"icinga\"}}}, \"meta\": {\"type\": \"phrase\", \"params\": {\"type\": \"phrase\", \"query\": \"icinga\"}, \"alias\": null, \"negate\": false, \"index\": \"filebeat-*\", \"disabled\": false, \"value\": \"icinga\", \"key\": \"event.module\"}, \"$state\": {\"store\": \"appState\"}}, {\"query\": {\"match\": {\"fileset.name\": {\"type\": \"phrase\", \"query\": \"main\"}}}, \"meta\": {\"type\": \"phrase\", \"params\": {\"type\": \"phrase\", \"query\": \"main\"}, \"alias\": null, \"negate\": false, \"index\": \"filebeat-*\", \"disabled\": false, \"value\": \"main\", \"key\": \"fileset.name\"}, \"$state\": {\"store\": \"appState\"}}], \"highlightAll\": true, \"version\": true}"
                },
                "sort": [
                    "@timestamp",
                    "desc"
                ],
                "title": "Main Log [Filebeat Icinga] ECS",
                "version": 1
            },
            "id": "ffaf5a30-2413-11e7-a0d9-39604d45ca7f-ecs",
            "type": "search",
            "version": 2
        },
        {
            "attributes": {
                "description": "",
                "kibanaSavedObjectMeta": {
                    "searchSourceJSON": "{\"filter\": []}"
                },
                "savedSearchId": "ffaf5a30-2413-11e7-a0d9-39604d45ca7f-ecs",
                "title": "Mainlog Facility [Filebeat Icinga] ECS",
                "uiStateJSON": "{}",
                "version": 1,
                "visState": "{\"type\": \"histogram\", \"params\": {\"addTooltip\": true, \"scale\": \"linear\", \"legendPosition\": \"right\", \"addTimeMarker\": false, \"setYExtents\": false, \"mode\": \"stacked\", \"defaultYExtents\": false, \"times\": [], \"addLegend\": true}, \"listeners\": {}, \"title\": \"Icinga Mainlog Facility ECS\", \"aggs\": [{\"type\": \"count\", \"params\": {}, \"id\": \"1\", \"schema\": \"metric\", \"enabled\": true}, {\"type\": \"date_histogram\", \"params\": {\"customInterval\": \"2h\", \"interval\": \"auto\", \"min_doc_count\": 1, \"field\": \"@timestamp\", \"extended_bounds\": {}}, \"id\": \"2\", \"schema\": \"segment\", \"enabled\": true}, {\"type\": \"terms\", \"params\": {\"orderBy\": \"1\", \"order\": \"desc\", \"field\": \"icinga.main.facility\", \"size\": 5}, \"id\": \"3\", \"schema\": \"group\", \"enabled\": true}]}"
            },
            "id": "2cf77780-2418-11e7-a83b-d5f4cebac9ff-ecs",
            "type": "visualization",
            "version": 2
        },
        {
            "attributes": {
                "description": "Filebeat Icinga module dashboard for the main log files",
                "hits": 0,
                "kibanaSavedObjectMeta": {
                    "searchSourceJSON": "{\"query\": {\"query\": \"\", \"language\": \"kuery\"}, \"filter\": [], \"highlightAll\": true, \"version\": true}"
                },
                "optionsJSON": "{\"darkTheme\": false}",
                "panelsJSON": "[{\"size_y\": 3, \"type\": \"visualization\", \"panelIndex\": 1, \"row\": 1, \"size_x\": 6, \"id\": \"d8e5dc40-2417-11e7-a83b-d5f4cebac9ff-ecs\", \"col\": 7}, {\"size_y\": 25, \"type\": \"search\", \"panelIndex\": 2, \"columns\": [\"icinga.main.facility\", \"log.level\", \"message\"], \"row\": 4, \"sort\": [\"@timestamp\", \"desc\"], \"size_x\": 12, \"id\": \"ffaf5a30-2413-11e7-a0d9-39604d45ca7f-ecs\", \"col\": 1}, {\"size_y\": 3, \"type\": \"visualization\", \"panelIndex\": 3, \"row\": 1, \"size_x\": 6, \"id\": \"2cf77780-2418-11e7-a83b-d5f4cebac9ff-ecs\", \"col\": 1}]",
                "timeRestore": false,
                "title": "[Filebeat Icinga] Main Log ECS",
                "uiStateJSON": "{}",
                "version": 1
            },
            "id": "f693d260-2417-11e7-a83b-d5f4cebac9ff-ecs",
            "type": "dashboard",
            "version": 4
        }
    ],
    "version": "6.0.0-beta1-SNAPSHOT"
}