{
    "objects": [
        {
            "attributes": {
                "description": "",
                "kibanaSavedObjectMeta": {
                    "searchSourceJSON": "{\"filter\": []}"
                },
                "savedSearchId": "Apache-access-logs-ecs",
                "title": "Unique IPs map [Filebeat Apache] ECS",
                "uiStateJSON": "{\"mapCenter\": [14.944784875088372, 5.09765625]}",
                "version": 1,
                "visState": "{\"type\": \"tile_map\", \"params\": {\"heatNormalizeData\": true, \"mapZoom\": 2, \"heatRadius\": 25, \"heatBlur\": 15, \"heatMinOpacity\": 0.1, \"mapCenter\": [15, 5], \"isDesaturated\": true, \"addTooltip\": true, \"mapType\": \"Scaled Circle Markers\", \"wms\": {\"url\": \"https://basemap.nationalmap.gov/arcgis/services/USGSTopo/MapServer/WMSServer\", \"options\": {\"styles\": \"\", \"layers\": \"0\", \"transparent\": true, \"attribution\": \"Maps provided by USGS\", \"format\": \"image/png\", \"version\": \"1.3.0\"}, \"enabled\": false}, \"legendPosition\": \"bottomright\", \"heatMaxZoom\": 16}, \"listeners\": {}, \"title\": \"Apache access unique IPs map ECS\", \"aggs\": [{\"type\": \"cardinality\", \"params\": {\"field\": \"source.address\"}, \"id\": \"1\", \"schema\": \"metric\", \"enabled\": true}, {\"type\": \"geohash_grid\", \"params\": {\"autoPrecision\": true, \"field\": \"source.geo.location\"}, \"id\": \"2\", \"schema\": \"segment\", \"enabled\": true}]}"
            },
            "id": "Apache-access-unique-IPs-map-ecs",
            "type": "visualization",
            "version": 1
        },
        {
            "attributes": {
                "description": "",
                "kibanaSavedObjectMeta": {
                    "searchSourceJSON": "{\"filter\": []}"
                },
                "savedSearchId": "Apache-access-logs-ecs",
                "title": "Top URLs by response code [Filebeat Apache] ECS",
                "uiStateJSON": "{\"vis\": {\"colors\": {\"200\": \"#7EB26D\", \"404\": \"#EF843C\"}}}",
                "version": 1,
                "visState": "{\"type\": \"pie\", \"params\": {\"addTooltip\": true, \"isDonut\": false, \"shareYAxis\": true, \"legendPosition\": \"right\", \"addLegend\": true}, \"listeners\": {}, \"title\": \"Apache response codes of top URLs ECS\", \"aggs\": [{\"type\": \"count\", \"params\": {}, \"id\": \"1\", \"schema\": \"metric\", \"enabled\": true}, {\"type\": \"terms\", \"params\": {\"customLabel\": \"URL\", \"row\": false, \"orderBy\": \"1\", \"order\": \"desc\", \"field\": \"url.original\", \"size\": 5}, \"id\": \"3\", \"schema\": \"split\", \"enabled\": true}, {\"type\": \"terms\", \"params\": {\"orderBy\": \"1\", \"order\": \"desc\", \"field\": \"http.response.status_code\", \"size\": 5}, \"id\": \"2\", \"schema\": \"segment\", \"enabled\": true}]}"
            },
            "id": "Apache-response-codes-of-top-URLs-ecs",
            "type": "visualization",
            "version": 1
        },
        {
            "attributes": {
                "description": "",
                "kibanaSavedObjectMeta": {
                    "searchSourceJSON": "{\"filter\": []}"
                },
                "savedSearchId": "Apache-access-logs-ecs",
                "title": "Browsers breakdown [Filebeat Apache] ECS",
                "uiStateJSON": "{}",
                "version": 1,
                "visState": "{\"type\": \"pie\", \"params\": {\"addTooltip\": true, \"isDonut\": true, \"shareYAxis\": true, \"legendPosition\": \"bottom\", \"addLegend\": true}, \"listeners\": {}, \"title\": \"Apache browsers ECS\", \"aggs\": [{\"type\": \"cardinality\", \"params\": {\"field\": \"source.address\"}, \"id\": \"1\", \"schema\": \"metric\", \"enabled\": true}, {\"type\": \"terms\", \"params\": {\"orderBy\": \"1\", \"order\": \"desc\", \"field\": \"user_agent.name\", \"size\": 5}, \"id\": \"2\", \"schema\": \"segment\", \"enabled\": true}, {\"type\": \"terms\", \"params\": {\"orderBy\": \"1\", \"order\": \"desc\", \"field\": \"user_agent.version\", \"size\": 5}, \"id\": \"3\", \"schema\": \"segment\", \"enabled\": true}]}"
            },
            "id": "Apache-browsers-ecs",
            "type": "visualization",
            "version": 1
        },
        {
            "attributes": {
                "description": "",
                "kibanaSavedObjectMeta": {
                    "searchSourceJSON": "{\"filter\": []}"
                },
                "savedSearchId": "Apache-access-logs-ecs",
                "title": "Operating systems breakdown [Filebeat Apache] ECS",
                "uiStateJSON": "{}",
                "version": 1,
                "visState": "{\"type\": \"pie\", \"params\": {\"addTooltip\": true, \"isDonut\": true, \"shareYAxis\": true, \"legendPosition\": \"bottom\", \"addLegend\": true}, \"listeners\": {}, \"title\": \"Apache operating systems ECS\", \"aggs\": [{\"type\": \"cardinality\", \"params\": {\"field\": \"source.address\"}, \"id\": \"1\", \"schema\": \"metric\", \"enabled\": true}, {\"type\": \"terms\", \"params\": {\"orderBy\": \"1\", \"order\": \"desc\", \"field\": \"user_agent.os.name\", \"size\": 5}, \"id\": \"2\", \"schema\": \"segment\", \"enabled\": true}, {\"type\": \"terms\", \"params\": {\"orderBy\": \"1\", \"order\": \"desc\", \"field\": \"user_agent.os.version\", \"size\": 5}, \"id\": \"3\", \"schema\": \"segment\", \"enabled\": true}]}"
            },
            "id": "Apache-operating-systems-ecs",
            "type": "visualization",
            "version": 1
        },
        {
            "attributes": {
                "description": "",
                "kibanaSavedObjectMeta": {
                    "searchSourceJSON": "{\"filter\": []}"
                },
                "savedSearchId": "Apache-errors-log-ecs",
                "title": "Error logs over time [Filebeat Apache] ECS",
                "uiStateJSON": "{}",
                "version": 1,
                "visState": "{\"type\": \"histogram\", \"params\": {\"addTooltip\": true, \"yAxis\": {}, \"scale\": \"linear\", \"shareYAxis\": true, \"legendPosition\": \"right\", \"addTimeMarker\": false, \"setYExtents\": false, \"mode\": \"stacked\", \"defaultYExtents\": false, \"times\": [], \"addLegend\": true}, \"listeners\": {}, \"title\": \"Apache error logs over time ECS\", \"aggs\": [{\"type\": \"count\", \"params\": {}, \"id\": \"1\", \"schema\": \"metric\", \"enabled\": true}, {\"type\": \"date_histogram\", \"params\": {\"customInterval\": \"2h\", \"interval\": \"auto\", \"min_doc_count\": 1, \"field\": \"@timestamp\", \"extended_bounds\": {}}, \"id\": \"2\", \"schema\": \"segment\", \"enabled\": true}, {\"type\": \"terms\", \"params\": {\"orderBy\": \"1\", \"order\": \"desc\", \"field\": \"log.level\", \"size\": 5}, \"id\": \"3\", \"schema\": \"group\", \"enabled\": true}]}"
            },
            "id": "Apache-error-logs-over-time-ecs",
            "type": "visualization",
            "version": 1
        },
        {
            "attributes": {
                "description": "",
                "kibanaSavedObjectMeta": {
                    "searchSourceJSON": "{\"filter\": []}"
                },
                "savedSearchId": "Apache-access-logs-ecs",
                "title": "Response codes over time [Filebeat Apache] ECS",
                "uiStateJSON": "{\"vis\": {\"colors\": {\"200\": \"#629E51\", \"404\": \"#EF843C\"}}}",
                "version": 1,
                "visState": "{\"type\": \"histogram\", \"params\": {\"addTooltip\": true, \"yAxis\": {}, \"scale\": \"linear\", \"shareYAxis\": true, \"legendPosition\": \"right\", \"addTimeMarker\": false, \"setYExtents\": false, \"mode\": \"stacked\", \"defaultYExtents\": false, \"times\": [], \"addLegend\": true}, \"listeners\": {}, \"title\": \"Apache response codes over time ECS\", \"aggs\": [{\"type\": \"count\", \"params\": {}, \"id\": \"1\", \"schema\": \"metric\", \"enabled\": true}, {\"type\": \"date_histogram\", \"params\": {\"customInterval\": \"2h\", \"interval\": \"auto\", \"min_doc_count\": 1, \"field\": \"@timestamp\", \"extended_bounds\": {}}, \"id\": \"2\", \"schema\": \"segment\", \"enabled\": true}, {\"type\": \"terms\", \"params\": {\"orderBy\": \"1\", \"order\": \"desc\", \"field\": \"http.response.status_code\", \"size\": 5}, \"id\": \"3\", \"schema\": \"group\", \"enabled\": true}]}"
            },
            "id": "Apache-response-codes-over-time-ecs",
            "type": "visualization",
            "version": 1
        },
        {
            "attributes": {
                "columns": [
                    "source.address",
                    "log.level",
                    "apache2.error.module",
                    "message"
                ],
                "description": "",
                "hits": 0,
                "kibanaSavedObjectMeta": {
                    "searchSourceJSON": "{\"highlight\": {\"fields\": {\"*\": {}}, \"post_tags\": [\"@/kibana-highlighted-field@\"], \"fragment_size\": 2147483647, \"pre_tags\": [\"@kibana-highlighted-field@\"], \"require_field_match\": false}, \"query\": {\"query\": \"event.dataset:apache.error\", \"language\": \"kuery\"}, \"index\": \"filebeat-*\", \"filter\": []}"
                },
                "sort": [
                    "@timestamp",
                    "desc"
                ],
                "title": "Apache errors log [Filebeat Apache] ECS",
                "version": 1
            },
            "id": "Apache-errors-log-ecs",
            "type": "search",
            "version": 1
        },
        {
            "attributes": {
                "columns": [
                    "source.address",
                    "http.request.method",
                    "url.original",
                    "http.response.status_code"
                ],
                "description": "",
                "hits": 0,
                "kibanaSavedObjectMeta": {
                    "searchSourceJSON": "{\"highlight\": {\"fields\": {\"*\": {}}, \"post_tags\": [\"@/kibana-highlighted-field@\"], \"fragment_size\": 2147483647, \"pre_tags\": [\"@kibana-highlighted-field@\"], \"require_field_match\": false}, \"query\": {\"query\": \"event.dataset:apache.access\", \"language\": \"kuery\"}, \"index\": \"filebeat-*\", \"filter\": []}"
                },
                "sort": [
                    "@timestamp",
                    "desc"
                ],
                "title": "Apache access logs [Filebeat Apache] ECS",
                "version": 1
            },
            "id": "Apache-access-logs-ecs",
            "type": "search",
            "version": 1
        },
        {
            "attributes": {
                "description": "Filebeat Apache module dashboard",
                "hits": 0,
                "kibanaSavedObjectMeta": {
                    "searchSourceJSON": "{\"query\": {\"query\": \"\", \"language\": \"kuery\"}, \"filter\": [], \"highlightAll\": true, \"version\": true}"
                },
                "optionsJSON": "{\"darkTheme\": false}",
                "panelsJSON": "[{\"size_y\": 3, \"type\": \"visualization\", \"panelIndex\": 1, \"row\": 1, \"size_x\": 12, \"id\": \"Apache-access-unique-IPs-map-ecs\", \"col\": 1}, {\"size_y\": 3, \"type\": \"visualization\", \"panelIndex\": 2, \"row\": 6, \"size_x\": 8, \"id\": \"Apache-response-codes-of-top-URLs-ecs\", \"col\": 1}, {\"size_y\": 3, \"type\": \"visualization\", \"panelIndex\": 3, \"row\": 6, \"size_x\": 4, \"id\": \"Apache-browsers-ecs\", \"col\": 9}, {\"size_y\": 2, \"type\": \"visualization\", \"panelIndex\": 4, \"row\": 4, \"size_x\": 2, \"id\": \"Apache-operating-systems-ecs\", \"col\": 11}, {\"size_y\": 2, \"type\": \"visualization\", \"panelIndex\": 5, \"row\": 9, \"size_x\": 12, \"id\": \"Apache-error-logs-over-time-ecs\", \"col\": 1}, {\"size_y\": 2, \"type\": \"visualization\", \"panelIndex\": 6, \"row\": 4, \"size_x\": 10, \"id\": \"Apache-response-codes-over-time-ecs\", \"col\": 1}, {\"size_y\": 3, \"type\": \"search\", \"panelIndex\": 7, \"columns\": [\"source.address\", \"log.level\", \"apache2.error.module\", \"message\"], \"row\": 11, \"sort\": [\"@timestamp\", \"desc\"], \"size_x\": 12, \"id\": \"Apache-errors-log-ecs\", \"col\": 1}]",
                "timeRestore": false,
                "title": "[Filebeat Apache] Access and error logs ECS",
                "uiStateJSON": "{\"P-1\": {\"mapBounds\": {\"bottom_right\": {\"lon\": 205.3125, \"lat\": -3.864254615721396}, \"top_left\": {\"lon\": -205.6640625, \"lat\": 67.7427590666639}}, \"mapCenter\": [40.713955826286046, -0.17578125], \"mapZoom\": 2, \"mapCollar\": {\"zoom\": 2, \"bottom_right\": {\"lon\": 180, \"lat\": -39.667755}, \"top_left\": {\"lon\": -180, \"lat\": 90}}}}",
                "version": 1
            },
            "id": "Filebeat-Apache-Dashboard-ecs",
            "type": "dashboard",
            "version": 2
        }
    ],
    "version": "6.0.0-beta1-SNAPSHOT"
}