{
    "objects": [
        {
            "attributes": {
                "description": "",
                "kibanaSavedObjectMeta": {
                    "searchSourceJSON": "{\"query\": {\"query\": \"\", \"language\": \"kuery\"}, \"index\": \"filebeat-*\", \"filter\": []}"
                },
                "title": "Browsers breakdown [Filebeat Traefik] ECS",
                "uiStateJSON": "{}",
                "version": 1,
                "visState": "{\"type\": \"pie\", \"params\": {\"addTooltip\": true, \"isDonut\": true, \"shareYAxis\": true, \"legendPosition\": \"bottom\", \"addLegend\": true}, \"listeners\": {}, \"title\": \"Traefik Access Browsers ECS\", \"aggs\": [{\"type\": \"count\", \"params\": {}, \"id\": \"1\", \"schema\": \"metric\", \"enabled\": true}, {\"type\": \"terms\", \"params\": {\"orderBy\": \"1\", \"order\": \"desc\", \"field\": \"user_agent.name\", \"size\": 5}, \"id\": \"2\", \"schema\": \"segment\", \"enabled\": true}, {\"type\": \"terms\", \"params\": {\"orderBy\": \"1\", \"order\": \"desc\", \"field\": \"user_agent.version\", \"size\": 5}, \"id\": \"3\", \"schema\": \"segment\", \"enabled\": true}]}"
            },
            "id": "Traefik-Access-Browsers-ecs",
            "type": "visualization",
            "version": 2
        },
        {
            "attributes": {
                "description": "",
                "kibanaSavedObjectMeta": {
                    "searchSourceJSON": "{\"query\": {\"query\": \"\", \"language\": \"kuery\"}, \"index\": \"filebeat-*\", \"filter\": []}"
                },
                "title": "Operating systems breakdown [Filebeat Traefik] ECS",
                "uiStateJSON": "{}",
                "version": 1,
                "visState": "{\"type\": \"pie\", \"params\": {\"addTooltip\": true, \"isDonut\": true, \"shareYAxis\": true, \"legendPosition\": \"bottom\", \"addLegend\": true}, \"listeners\": {}, \"title\": \"Traefik Access OSes ECS\", \"aggs\": [{\"type\": \"count\", \"params\": {}, \"id\": \"1\", \"schema\": \"metric\", \"enabled\": true}, {\"type\": \"terms\", \"params\": {\"orderBy\": \"1\", \"order\": \"desc\", \"field\": \"user_agent.os.name\", \"size\": 5}, \"id\": \"2\", \"schema\": \"segment\", \"enabled\": true}, {\"type\": \"terms\", \"params\": {\"orderBy\": \"1\", \"order\": \"desc\", \"field\": \"user_agent.os.version\", \"size\": 5}, \"id\": \"3\", \"schema\": \"segment\", \"enabled\": true}]}"
            },
            "id": "Traefik-Access-OSes-ecs",
            "type": "visualization",
            "version": 2
        },
        {
            "attributes": {
                "description": "",
                "kibanaSavedObjectMeta": {
                    "searchSourceJSON": "{\"filter\": []}"
                },
                "savedSearchId": "Filebeat-Traefik-module-ecs",
                "title": "Response codes over time [Filebeat Traefik] ECS",
                "uiStateJSON": "{\"vis\": {\"colors\": {\"200\": \"#7EB26D\", \"404\": \"#614D93\"}}}",
                "version": 1,
                "visState": "{\"type\": \"histogram\", \"params\": {\"addTooltip\": true, \"yAxis\": {}, \"scale\": \"linear\", \"shareYAxis\": true, \"legendPosition\": \"right\", \"addTimeMarker\": false, \"setYExtents\": false, \"mode\": \"stacked\", \"defaultYExtents\": false, \"times\": [], \"addLegend\": true}, \"listeners\": {}, \"title\": \"New Visualization ECS\", \"aggs\": [{\"type\": \"count\", \"params\": {}, \"id\": \"1\", \"schema\": \"metric\", \"enabled\": true}, {\"type\": \"date_histogram\", \"params\": {\"customInterval\": \"2h\", \"interval\": \"auto\", \"min_doc_count\": 1, \"field\": \"@timestamp\", \"extended_bounds\": {}}, \"id\": \"2\", \"schema\": \"segment\", \"enabled\": true}, {\"type\": \"terms\", \"params\": {\"orderBy\": \"1\", \"order\": \"desc\", \"field\": \"http.response.status_code\", \"size\": 5}, \"id\": \"3\", \"schema\": \"group\", \"enabled\": true}]}"
            },
            "id": "New-Visualization-ecs",
            "type": "visualization",
            "version": 2
        },
        {
            "attributes": {
                "description": "",
                "kibanaSavedObjectMeta": {
                    "searchSourceJSON": "{\"query\": {\"query\": \"\", \"language\": \"kuery\"}, \"index\": \"filebeat-*\", \"filter\": []}"
                },
                "title": "Response codes by top URLs [Filebeat Traefik] ECS",
                "uiStateJSON": "{\"vis\": {\"colors\": {\"200\": \"#629E51\", \"404\": \"#0A50A1\"}}}",
                "version": 1,
                "visState": "{\"type\": \"pie\", \"params\": {\"addTooltip\": true, \"isDonut\": false, \"shareYAxis\": true, \"legendPosition\": \"right\", \"addLegend\": true}, \"listeners\": {}, \"title\": \"Traefik Access Response codes by top URLs ECS\", \"aggs\": [{\"type\": \"count\", \"params\": {}, \"id\": \"1\", \"schema\": \"metric\", \"enabled\": true}, {\"type\": \"terms\", \"params\": {\"orderBy\": \"1\", \"order\": \"desc\", \"row\": false, \"field\": \"url.original\", \"size\": 5}, \"id\": \"2\", \"schema\": \"split\", \"enabled\": true}, {\"type\": \"terms\", \"params\": {\"orderBy\": \"1\", \"order\": \"desc\", \"field\": \"http.response.status_code\", \"size\": 5}, \"id\": \"3\", \"schema\": \"segment\", \"enabled\": true}]}"
            },
            "id": "Traefik-Access-Response-codes-by-top-URLs-ecs",
            "type": "visualization",
            "version": 2
        },
        {
            "attributes": {
                "description": "",
                "kibanaSavedObjectMeta": {
                    "searchSourceJSON": "{\"highlight\": {\"fields\": {\"*\": {}}, \"post_tags\": [\"@/kibana-highlighted-field@\"], \"fragment_size\": 2147483647, \"pre_tags\": [\"@kibana-highlighted-field@\"], \"require_field_match\": false}, \"query\": {\"query\": \"event.dataset:traefik.access\", \"language\": \"kuery\"}, \"index\": \"filebeat-*\", \"filter\": []}"
                },
                "title": "Sent Byte Size [Filebeat Traefik] ECS",
                "uiStateJSON": "{}",
                "version": 1,
                "visState": "{\"type\": \"line\", \"params\": {\"drawLinesBetweenPoints\": true, \"legendPosition\": \"right\", \"radiusRatio\": \"17\", \"yAxis\": {}, \"addTimeMarker\": false, \"interpolate\": \"linear\", \"times\": [], \"addTooltip\": true, \"scale\": \"linear\", \"shareYAxis\": true, \"defaultYExtents\": false, \"setYExtents\": false, \"smoothLines\": true, \"showCircles\": true, \"addLegend\": true}, \"listeners\": {}, \"title\": \"Sent sizes ECS\", \"aggs\": [{\"type\": \"sum\", \"params\": {\"customLabel\": \"Data sent\", \"field\": \"http.response.body.bytes\"}, \"id\": \"1\", \"schema\": \"metric\", \"enabled\": true}, {\"type\": \"date_histogram\", \"params\": {\"customInterval\": \"2h\", \"interval\": \"auto\", \"min_doc_count\": 1, \"field\": \"@timestamp\", \"extended_bounds\": {}}, \"id\": \"2\", \"schema\": \"segment\", \"enabled\": true}, {\"type\": \"count\", \"params\": {}, \"id\": \"3\", \"schema\": \"radius\", \"enabled\": true}]}"
            },
            "id": "Sent-sizes-ecs",
            "type": "visualization",
            "version": 2
        },
        {
            "attributes": {
                "description": "",
                "kibanaSavedObjectMeta": {
                    "searchSourceJSON": "{\"filter\": []}"
                },
                "savedSearchId": "Filebeat-Traefik-module-ecs",
                "title": "Access Map [Filebeat Traefik] ECS",
                "uiStateJSON": "{\"mapCenter\": [12.039320557540572, -0.17578125]}",
                "version": 1,
                "visState": "{\"type\": \"tile_map\", \"params\": {\"heatNormalizeData\": true, \"mapZoom\": 2, \"heatRadius\": 25, \"heatBlur\": 15, \"heatMinOpacity\": 0.1, \"mapCenter\": [15, 5], \"isDesaturated\": true, \"addTooltip\": true, \"mapType\": \"Scaled Circle Markers\", \"wms\": {\"url\": \"https://basemap.nationalmap.gov/arcgis/services/USGSTopo/MapServer/WMSServer\", \"options\": {\"styles\": \"\", \"layers\": \"0\", \"transparent\": true, \"attribution\": \"Maps provided by USGS\", \"format\": \"image/png\", \"version\": \"1.3.0\"}, \"enabled\": false}, \"legendPosition\": \"bottomright\", \"heatMaxZoom\": 16}, \"listeners\": {}, \"title\": \"Traefik Access Map ECS\", \"aggs\": [{\"type\": \"count\", \"params\": {}, \"id\": \"1\", \"schema\": \"metric\", \"enabled\": true}, {\"type\": \"geohash_grid\", \"params\": {\"autoPrecision\": true, \"field\": \"source.geo.location\"}, \"id\": \"2\", \"schema\": \"segment\", \"enabled\": true}]}"
            },
            "id": "Traefik-Access-Map-ecs",
            "type": "visualization",
            "version": 2
        },
        {
            "attributes": {
                "columns": [
                    "_source"
                ],
                "description": "",
                "hits": 0,
                "kibanaSavedObjectMeta": {
                    "searchSourceJSON": "{\"highlight\": {\"fields\": {\"*\": {}}, \"post_tags\": [\"@/kibana-highlighted-field@\"], \"fragment_size\": 2147483647, \"pre_tags\": [\"@kibana-highlighted-field@\"], \"require_field_match\": false}, \"query\": {\"query\": \"event.module:traefik\", \"language\": \"kuery\"}, \"index\": \"filebeat-*\", \"filter\": []}"
                },
                "sort": [
                    "@timestamp",
                    "desc"
                ],
                "title": "Traefik logs [Filebeat Traefik] ECS",
                "version": 1
            },
            "id": "Filebeat-Traefik-module-ecs",
            "type": "search",
            "version": 2
        },
        {
            "attributes": {
                "description": "Dashboard for the Filebeat Traefik module",
                "hits": 0,
                "kibanaSavedObjectMeta": {
                    "searchSourceJSON": "{\"query\": {\"query\": \"\", \"language\": \"kuery\"}, \"filter\": []}"
                },
                "optionsJSON": "{\"darkTheme\": false}",
                "panelsJSON": "[{\"size_y\": 4, \"type\": \"visualization\", \"panelIndex\": 3, \"row\": 10, \"size_x\": 4, \"id\": \"Traefik-Access-Browsers-ecs\", \"col\": 1}, {\"size_y\": 4, \"type\": \"visualization\", \"panelIndex\": 4, \"row\": 10, \"size_x\": 4, \"id\": \"Traefik-Access-OSes-ecs\", \"col\": 5}, {\"size_y\": 3, \"type\": \"visualization\", \"panelIndex\": 5, \"row\": 4, \"size_x\": 12, \"id\": \"New-Visualization-ecs\", \"col\": 1}, {\"size_y\": 3, \"type\": \"visualization\", \"panelIndex\": 6, \"row\": 7, \"size_x\": 12, \"id\": \"Traefik-Access-Response-codes-by-top-URLs-ecs\", \"col\": 1}, {\"size_y\": 4, \"type\": \"visualization\", \"panelIndex\": 7, \"row\": 10, \"size_x\": 4, \"id\": \"Sent-sizes-ecs\", \"col\": 9}, {\"size_y\": 3, \"type\": \"visualization\", \"panelIndex\": 8, \"row\": 1, \"size_x\": 12, \"id\": \"Traefik-Access-Map-ecs\", \"col\": 1}]",
                "timeRestore": false,
                "title": "[Filebeat Traefik] Access logs ECS",
                "uiStateJSON": "{\"P-4\": {\"vis\": {\"legendOpen\": true}}, \"P-8\": {\"mapCenter\": [50.51342652633956, -0.17578125]}}",
                "version": 1
            },
            "id": "Filebeat-Traefik-Dashboard-ecs",
            "type": "dashboard",
            "version": 3
        }
    ],
    "version": "6.0.0-beta1-SNAPSHOT"
}