{
    "objects": [
        {
            "attributes": {
                "description": "",
                "kibanaSavedObjectMeta": {
                    "searchSourceJSON": "{\"query\": {\"query\": \"\", \"language\": \"kuery\"}, \"index\": \"filebeat-*\", \"filter\": []}"
                },
                "title": "Access map [Filebeat IIS] ECS",
                "uiStateJSON": "{}",
                "version": 1,
                "visState": "{\"type\": \"tile_map\", \"params\": {\"addTooltip\": true, \"mapCenter\": [0, 0], \"mapType\": \"Scaled Circle Markers\", \"mapZoom\": 2, \"legendPosition\": \"bottomright\", \"wms\": {\"options\": {\"transparent\": true, \"format\": \"image/png\"}, \"enabled\": false}, \"heatClusterSize\": 1.5, \"isDesaturated\": true}, \"title\": \"Access map [Filebeat IIS] ECS\", \"aggs\": [{\"type\": \"count\", \"params\": {}, \"id\": \"1\", \"schema\": \"metric\", \"enabled\": true}, {\"type\": \"geohash_grid\", \"params\": {\"precision\": 2, \"isFilteredByCollar\": true, \"autoPrecision\": true, \"field\": \"source.geo.location\", \"useGeocentroid\": true}, \"id\": \"2\", \"schema\": \"segment\", \"enabled\": true}]}"
            },
            "id": "eb2db5b0-fe11-11e7-a3b0-d13028918f9f-ecs",
            "type": "visualization",
            "updated_at": "2018-01-20T18:44:17.162Z",
            "version": 1
        },
        {
            "attributes": {
                "description": "",
                "kibanaSavedObjectMeta": {
                    "searchSourceJSON": "{\"query\": {\"query\": \"\", \"language\": \"kuery\"}, \"index\": \"filebeat-*\", \"filter\": []}"
                },
                "title": "Response codes over time [Filebeat IIS] ECS",
                "uiStateJSON": "{}",
                "version": 1,
                "visState": "{\"type\": \"histogram\", \"params\": {\"addTooltip\": true, \"grid\": {\"style\": {\"color\": \"#eee\"}, \"categoryLines\": false}, \"type\": \"histogram\", \"times\": [], \"categoryAxes\": [{\"type\": \"category\", \"position\": \"bottom\", \"scale\": {\"type\": \"linear\"}, \"style\": {}, \"id\": \"CategoryAxis-1\", \"labels\": {\"truncate\": 100, \"show\": true}, \"show\": true, \"title\": {}}], \"legendPosition\": \"right\", \"addTimeMarker\": false, \"seriesParams\": [{\"type\": \"histogram\", \"drawLinesBetweenPoints\": true, \"data\": {\"id\": \"1\", \"label\": \"Count\"}, \"valueAxis\": \"ValueAxis-1\", \"mode\": \"stacked\", \"show\": \"true\", \"showCircles\": true}], \"valueAxes\": [{\"type\": \"value\", \"position\": \"left\", \"scale\": {\"type\": \"linear\", \"mode\": \"normal\"}, \"name\": \"LeftAxis-1\", \"style\": {}, \"id\": \"ValueAxis-1\", \"labels\": {\"rotate\": 0, \"filter\": false, \"show\": true, \"truncate\": 100}, \"show\": true, \"title\": {\"text\": \"Count\"}}], \"addLegend\": true}, \"title\": \"Response codes over time [Filebeat IIS] ECS\", \"aggs\": [{\"type\": \"count\", \"params\": {}, \"id\": \"1\", \"schema\": \"metric\", \"enabled\": true}, {\"type\": \"date_histogram\", \"params\": {\"customInterval\": \"2h\", \"interval\": \"auto\", \"min_doc_count\": 1, \"field\": \"@timestamp\", \"extended_bounds\": {}}, \"id\": \"2\", \"schema\": \"segment\", \"enabled\": true}, {\"type\": \"terms\", \"params\": {\"orderBy\": \"1\", \"order\": \"desc\", \"field\": \"http.response.status_code\", \"size\": 5}, \"id\": \"3\", \"schema\": \"group\", \"enabled\": true}]}"
            },
            "id": "f31414b0-fe14-11e7-a3b0-d13028918f9f-ecs",
            "type": "visualization",
            "updated_at": "2018-01-20T19:05:58.905Z",
            "version": 1
        },
        {
            "attributes": {
                "description": "",
                "kibanaSavedObjectMeta": {
                    "searchSourceJSON": "{\"query\": {\"query\": \"\", \"language\": \"kuery\"}, \"index\": \"filebeat-*\", \"filter\": []}"
                },
                "title": "Browsers breakdown [Filebeat IIS] ECS",
                "uiStateJSON": "{}",
                "version": 1,
                "visState": "{\"type\": \"pie\", \"params\": {\"addTooltip\": true, \"type\": \"pie\", \"isDonut\": true, \"legendPosition\": \"right\", \"labels\": {\"last_level\": true, \"truncate\": 100, \"values\": true, \"show\": false}, \"addLegend\": true}, \"title\": \"Browsers breakdown [Filebeat IIS] ECS\", \"aggs\": [{\"type\": \"count\", \"params\": {}, \"id\": \"1\", \"schema\": \"metric\", \"enabled\": true}, {\"type\": \"terms\", \"params\": {\"orderBy\": \"1\", \"order\": \"desc\", \"field\": \"user_agent.name\", \"size\": 5}, \"id\": \"2\", \"schema\": \"segment\", \"enabled\": true}, {\"type\": \"terms\", \"params\": {\"orderBy\": \"1\", \"order\": \"desc\", \"field\": \"user_agent.version\", \"size\": 5}, \"id\": \"3\", \"schema\": \"segment\", \"enabled\": true}]}"
            },
            "id": "63129c80-fe12-11e7-a3b0-d13028918f9f-ecs",
            "type": "visualization",
            "updated_at": "2018-01-20T18:47:38.312Z",
            "version": 1
        },
        {
            "attributes": {
                "description": "",
                "kibanaSavedObjectMeta": {
                    "searchSourceJSON": "{\"query\": {\"query\": \"\", \"language\": \"kuery\"}, \"index\": \"filebeat-*\", \"filter\": []}"
                },
                "title": "Operating systems breakdown [Filebeat IIS] ECS",
                "uiStateJSON": "{}",
                "version": 1,
                "visState": "{\"type\": \"pie\", \"params\": {\"addTooltip\": true, \"type\": \"pie\", \"isDonut\": true, \"legendPosition\": \"right\", \"labels\": {\"last_level\": true, \"truncate\": 100, \"values\": true, \"show\": false}, \"addLegend\": true}, \"title\": \"Operating systems breakdown [Filebeat IIS] ECS\", \"aggs\": [{\"type\": \"count\", \"params\": {}, \"id\": \"1\", \"schema\": \"metric\", \"enabled\": true}, {\"type\": \"terms\", \"params\": {\"orderBy\": \"1\", \"order\": \"desc\", \"field\": \"user_agent.os.name\", \"size\": 5}, \"id\": \"2\", \"schema\": \"segment\", \"enabled\": true}, {\"type\": \"terms\", \"params\": {\"orderBy\": \"1\", \"order\": \"desc\", \"field\": \"user_agent.os.version\", \"size\": 5}, \"id\": \"3\", \"schema\": \"segment\", \"enabled\": true}]}"
            },
            "id": "ccd3f9c0-fe12-11e7-a3b0-d13028918f9f-ecs",
            "type": "visualization",
            "updated_at": "2018-01-20T18:51:54.619Z",
            "version": 2
        },
        {
            "attributes": {
                "description": "",
                "kibanaSavedObjectMeta": {
                    "searchSourceJSON": "{\"query\": {\"query\": \"\", \"language\": \"kuery\"}, \"index\": \"filebeat-*\", \"filter\": []}"
                },
                "title": "Error logs over time [Filebeat IIS] ECS",
                "uiStateJSON": "{}",
                "version": 1,
                "visState": "{\"type\": \"histogram\", \"params\": {\"addTooltip\": true, \"grid\": {\"style\": {\"color\": \"#eee\"}, \"categoryLines\": false}, \"type\": \"histogram\", \"times\": [], \"categoryAxes\": [{\"type\": \"category\", \"position\": \"bottom\", \"scale\": {\"type\": \"linear\"}, \"style\": {}, \"id\": \"CategoryAxis-1\", \"labels\": {\"truncate\": 100, \"show\": true}, \"show\": true, \"title\": {}}], \"legendPosition\": \"right\", \"addTimeMarker\": false, \"seriesParams\": [{\"type\": \"histogram\", \"drawLinesBetweenPoints\": true, \"data\": {\"id\": \"1\", \"label\": \"Count\"}, \"valueAxis\": \"ValueAxis-1\", \"mode\": \"stacked\", \"show\": \"true\", \"showCircles\": true}], \"valueAxes\": [{\"type\": \"value\", \"position\": \"left\", \"scale\": {\"type\": \"linear\", \"mode\": \"normal\"}, \"name\": \"LeftAxis-1\", \"style\": {}, \"id\": \"ValueAxis-1\", \"labels\": {\"rotate\": 0, \"filter\": false, \"show\": true, \"truncate\": 100}, \"show\": true, \"title\": {\"text\": \"Count\"}}], \"addLegend\": true}, \"title\": \"Error logs over time [Filebeat IIS] ECS\", \"aggs\": [{\"type\": \"count\", \"params\": {}, \"id\": \"1\", \"schema\": \"metric\", \"enabled\": true}, {\"type\": \"date_histogram\", \"params\": {\"customInterval\": \"2h\", \"interval\": \"auto\", \"min_doc_count\": 1, \"field\": \"@timestamp\", \"extended_bounds\": {}}, \"id\": \"2\", \"schema\": \"segment\", \"enabled\": true}, {\"type\": \"terms\", \"params\": {\"orderBy\": \"1\", \"order\": \"desc\", \"field\": \"http.response.status_code\", \"size\": 5}, \"id\": \"3\", \"schema\": \"group\", \"enabled\": true}]}"
            },
            "id": "41f38230-fe17-11e7-a3b0-d13028918f9f-ecs",
            "type": "visualization",
            "updated_at": "2018-01-20T19:22:30.227Z",
            "version": 1
        },
        {
            "attributes": {
                "description": "",
                "kibanaSavedObjectMeta": {
                    "searchSourceJSON": "{\"query\": {\"query\": \"\", \"language\": \"kuery\"}, \"index\": \"filebeat-*\", \"filter\": []}"
                },
                "title": "Top URLs by response code [Filebeat IIS] ECS",
                "uiStateJSON": "{}",
                "version": 1,
                "visState": "{\"type\": \"pie\", \"params\": {\"addTooltip\": true, \"type\": \"pie\", \"isDonut\": false, \"legendPosition\": \"right\", \"labels\": {\"last_level\": true, \"truncate\": 100, \"values\": true, \"show\": false}, \"addLegend\": true}, \"title\": \"Top URLs by response code [Filebeat IIS] ECS\", \"aggs\": [{\"type\": \"count\", \"params\": {}, \"id\": \"1\", \"schema\": \"metric\", \"enabled\": true}, {\"type\": \"terms\", \"params\": {\"customLabel\": \"URL\", \"row\": false, \"orderBy\": \"1\", \"order\": \"desc\", \"field\": \"url.path\", \"size\": 5}, \"id\": \"2\", \"schema\": \"split\", \"enabled\": true}, {\"type\": \"terms\", \"params\": {\"orderBy\": \"1\", \"order\": \"desc\", \"field\": \"http.response.status_code\", \"size\": 5}, \"id\": \"3\", \"schema\": \"segment\", \"enabled\": true}]}"
            },
            "id": "c0d02cd0-fe1b-11e7-a3b0-d13028918f9f-ecs",
            "type": "visualization",
            "updated_at": "2018-01-20T19:58:24.005Z",
            "version": 2
        },
        {
            "attributes": {
                "description": "Dashboard for the Filebeat IIS module",
                "hits": 0,
                "kibanaSavedObjectMeta": {
                    "searchSourceJSON": "{\"query\": {\"query\": \"\", \"language\": \"kuery\"}, \"filter\": [], \"highlightAll\": true, \"version\": true}"
                },
                "optionsJSON": "{\"useMargins\": true, \"hidePanelTitles\": false, \"darkTheme\": false}",
                "panelsJSON": "[{\"type\": \"visualization\", \"gridData\": {\"x\": 0, \"w\": 12, \"h\": 3, \"i\": \"1\", \"y\": 0}, \"panelIndex\": \"1\", \"id\": \"eb2db5b0-fe11-11e7-a3b0-d13028918f9f-ecs\", \"version\": \"6.1.2\"}, {\"type\": \"visualization\", \"gridData\": {\"x\": 0, \"w\": 7, \"h\": 3, \"i\": \"2\", \"y\": 3}, \"panelIndex\": \"2\", \"id\": \"f31414b0-fe14-11e7-a3b0-d13028918f9f-ecs\", \"version\": \"6.1.2\"}, {\"type\": \"visualization\", \"gridData\": {\"x\": 0, \"w\": 6, \"h\": 3, \"i\": \"4\", \"y\": 9}, \"panelIndex\": \"4\", \"id\": \"63129c80-fe12-11e7-a3b0-d13028918f9f-ecs\", \"version\": \"6.1.2\"}, {\"type\": \"visualization\", \"gridData\": {\"x\": 6, \"w\": 6, \"h\": 3, \"i\": \"5\", \"y\": 9}, \"panelIndex\": \"5\", \"id\": \"ccd3f9c0-fe12-11e7-a3b0-d13028918f9f-ecs\", \"version\": \"6.1.2\"}, {\"type\": \"visualization\", \"gridData\": {\"x\": 7, \"w\": 5, \"h\": 3, \"i\": \"6\", \"y\": 3}, \"panelIndex\": \"6\", \"id\": \"41f38230-fe17-11e7-a3b0-d13028918f9f-ecs\", \"version\": \"6.1.2\"}, {\"type\": \"visualization\", \"gridData\": {\"x\": 0, \"w\": 12, \"h\": 3, \"i\": \"7\", \"y\": 6}, \"panelIndex\": \"7\", \"id\": \"c0d02cd0-fe1b-11e7-a3b0-d13028918f9f-ecs\", \"version\": \"6.1.2\"}]",
                "timeRestore": false,
                "title": "[Filebeat IIS] Access and error logs ECS",
                "uiStateJSON": "{}",
                "version": 1
            },
            "id": "4278ad30-fe16-11e7-a3b0-d13028918f9f-ecs",
            "type": "dashboard",
            "updated_at": "2018-01-20T19:57:50.287Z",
            "version": 4
        }
    ],
    "version": "6.1.2"
}