{
    "objects": [
        {
            "attributes": {
                "columns": [
                    "osquery.result.columns.path",
                    "osquery.result.columns.type",
                    "osquery.result.columns.flags"
                ],
                "description": "",
                "hits": 0,
                "kibanaSavedObjectMeta": {
                    "searchSourceJSON": "{\"query\": {\"query\": \"\", \"language\": \"kuery\"}, \"index\": \"filebeat-*\", \"filter\": [{\"query\": {\"match\": {\"osquery.result.name\": {\"type\": \"phrase\", \"query\": \"pack_it-compliance_mounts\"}}}, \"meta\": {\"type\": \"phrase\", \"params\": {\"type\": \"phrase\", \"query\": \"pack_it-compliance_mounts\"}, \"alias\": null, \"negate\": false, \"index\": \"filebeat-*\", \"disabled\": false, \"value\": \"pack_it-compliance_mounts\", \"key\": \"osquery.result.name\"}, \"$state\": {\"store\": \"appState\"}}], \"highlightAll\": true, \"version\": true}"
                },
                "sort": [
                    "@timestamp",
                    "desc"
                ],
                "title": "Mounts [Filebeat Osquery] ECS",
                "version": 1
            },
            "id": "7a9482d0-eb00-11e7-8f04-51231daa5b05-ecs",
            "type": "search",
            "updated_at": "2018-01-08T17:35:32.102Z",
            "version": 1
        },
        {
            "attributes": {
                "description": "",
                "kibanaSavedObjectMeta": {
                    "searchSourceJSON": "{\"query\": {\"query\": \"\", \"language\": \"kuery\"}, \"filter\": []}"
                },
                "savedSearchId": "7a9482d0-eb00-11e7-8f04-51231daa5b05-ecs",
                "title": "Mounts by type [Filebeat Osquery] ECS",
                "uiStateJSON": "{}",
                "version": 1,
                "visState": "{\"type\": \"pie\", \"params\": {\"addTooltip\": true, \"type\": \"pie\", \"isDonut\": true, \"legendPosition\": \"right\", \"labels\": {\"last_level\": true, \"truncate\": 100, \"values\": true, \"show\": false}, \"addLegend\": true}, \"title\": \"Mounts by type [Filebeat Osquery] ECS\", \"aggs\": [{\"type\": \"count\", \"params\": {}, \"id\": \"1\", \"schema\": \"metric\", \"enabled\": true}, {\"type\": \"terms\", \"params\": {\"orderBy\": \"1\", \"order\": \"desc\", \"field\": \"osquery.result.columns.path\", \"size\": 10}, \"id\": \"2\", \"schema\": \"segment\", \"enabled\": true}, {\"type\": \"terms\", \"params\": {\"orderBy\": \"1\", \"order\": \"desc\", \"field\": \"osquery.result.columns.type\", \"size\": 5}, \"id\": \"3\", \"schema\": \"segment\", \"enabled\": true}]}"
            },
            "id": "a9fd8bb0-eb01-11e7-8f04-51231daa5b05-ecs",
            "type": "visualization",
            "updated_at": "2018-01-08T17:35:32.102Z",
            "version": 1
        },
        {
            "attributes": {
                "columns": [
                    "osquery.result.columns.name",
                    "osquery.result.columns.version",
                    "osquery.result.columns.revision"
                ],
                "description": "",
                "hits": 0,
                "kibanaSavedObjectMeta": {
                    "searchSourceJSON": "{\"query\": {\"query\": \"\", \"language\": \"kuery\"}, \"index\": \"filebeat-*\", \"filter\": [{\"query\": {\"match\": {\"osquery.result.name\": {\"type\": \"phrase\", \"query\": \"pack_it-compliance_deb_packages\"}}}, \"meta\": {\"type\": \"phrase\", \"params\": {\"type\": \"phrase\", \"query\": \"pack_it-compliance_deb_packages\"}, \"alias\": null, \"negate\": false, \"index\": \"filebeat-*\", \"disabled\": false, \"value\": \"pack_it-compliance_deb_packages\", \"key\": \"osquery.result.name\"}, \"$state\": {\"store\": \"appState\"}}], \"highlightAll\": true, \"version\": true}"
                },
                "sort": [
                    "@timestamp",
                    "desc"
                ],
                "title": "DEB packages installed [Filebeat Osquery] ECS",
                "version": 1
            },
            "id": "3824b080-eb02-11e7-8f04-51231daa5b05-ecs",
            "type": "search",
            "updated_at": "2018-01-08T17:35:32.102Z",
            "version": 1
        },
        {
            "attributes": {
                "description": "",
                "kibanaSavedObjectMeta": {
                    "searchSourceJSON": "{\"query\": {\"query\": \"\", \"language\": \"kuery\"}, \"filter\": []}"
                },
                "savedSearchId": "b5d6baa0-eb02-11e7-8f04-51231daa5b05-ecs",
                "title": "OS versions [Filebeat Osquery] ECS",
                "uiStateJSON": "{}",
                "version": 1,
                "visState": "{\"type\": \"pie\", \"params\": {\"addTooltip\": true, \"type\": \"pie\", \"isDonut\": true, \"legendPosition\": \"right\", \"labels\": {\"last_level\": true, \"truncate\": 100, \"values\": true, \"show\": false}, \"addLegend\": true}, \"title\": \"OS versions [Filebeat Osquery] ECS\", \"aggs\": [{\"type\": \"cardinality\", \"params\": {\"field\": \"osquery.result.host_identifier\"}, \"id\": \"1\", \"schema\": \"metric\", \"enabled\": true}, {\"type\": \"terms\", \"params\": {\"orderBy\": \"1\", \"order\": \"desc\", \"field\": \"osquery.result.columns.platform_like\", \"size\": 5}, \"id\": \"4\", \"schema\": \"segment\", \"enabled\": true}, {\"type\": \"terms\", \"params\": {\"orderBy\": \"1\", \"order\": \"desc\", \"field\": \"osquery.result.columns.name\", \"size\": 5}, \"id\": \"2\", \"schema\": \"segment\", \"enabled\": true}, {\"type\": \"terms\", \"params\": {\"orderBy\": \"1\", \"order\": \"desc\", \"field\": \"osquery.result.columns.version\", \"size\": 5}, \"id\": \"3\", \"schema\": \"segment\", \"enabled\": true}]}"
            },
            "id": "1da1ed30-eb03-11e7-8f04-51231daa5b05-ecs",
            "type": "visualization",
            "updated_at": "2018-01-08T17:35:32.102Z",
            "version": 1
        },
        {
            "attributes": {
                "description": "",
                "kibanaSavedObjectMeta": {
                    "searchSourceJSON": "{\"query\": {\"query\": \"\", \"language\": \"kuery\"}, \"filter\": [{\"query\": {\"match\": {\"osquery.result.columns.status\": {\"type\": \"phrase\", \"query\": \"Live\"}}}, \"meta\": {\"type\": \"phrase\", \"params\": {\"type\": \"phrase\", \"query\": \"Live\"}, \"alias\": null, \"negate\": false, \"index\": \"filebeat-*\", \"disabled\": false, \"value\": \"Live\", \"key\": \"osquery.result.columns.status\"}, \"$state\": {\"store\": \"appState\"}}]}"
                },
                "savedSearchId": "f59e21e0-eb03-11e7-8f04-51231daa5b05-ecs",
                "title": "Number of Kernel modules [Filebeat Osquery] ECS",
                "uiStateJSON": "{\"vis\": {\"defaultColors\": {\"0 - 100\": \"rgb(0,104,55)\"}}}",
                "version": 1,
                "visState": "{\"type\": \"gauge\", \"params\": {\"addTooltip\": true, \"type\": \"gauge\", \"gauge\": {\"type\": \"meter\", \"invertColors\": false, \"scale\": {\"labels\": false, \"show\": true, \"color\": \"#333\"}, \"gaugeStyle\": \"Full\", \"orientation\": \"vertical\", \"percentageMode\": false, \"backStyle\": \"Full\", \"verticalSplit\": false, \"gaugeType\": \"Arc\", \"extendRange\": true, \"gaugeColorMode\": \"Labels\", \"colorSchema\": \"Green to Red\", \"style\": {\"width\": 0.9, \"labelColor\": true, \"mask\": false, \"maskBars\": 50, \"fontSize\": 60, \"bgWidth\": 0.9, \"bgColor\": false, \"bgFill\": \"#eee\", \"bgMask\": false, \"subText\": \"\"}, \"labels\": {\"show\": true, \"color\": \"black\"}, \"colorsRange\": [{\"to\": 100, \"from\": 0}]}, \"isDisplayWarning\": false, \"addLegend\": true}, \"title\": \"Number of Kernel modules [Filebeat Osquery] ECS\", \"aggs\": [{\"type\": \"cardinality\", \"params\": {\"customLabel\": \"Live Kernel modules\", \"field\": \"osquery.result.columns.name\"}, \"id\": \"1\", \"schema\": \"metric\", \"enabled\": true}]}"
            },
            "id": "240f3630-eb05-11e7-8f04-51231daa5b05-ecs",
            "type": "visualization",
            "updated_at": "2018-01-08T17:35:32.102Z",
            "version": 1
        },
        {
            "attributes": {
                "description": "",
                "kibanaSavedObjectMeta": {
                    "searchSourceJSON": "{}"
                },
                "title": "Navigation [Filebeat Osquery] ECS",
                "uiStateJSON": "{}",
                "version": 1,
                "visState": "{\"type\": \"markdown\", \"params\": {\"markdown\": \"[Compilance](#/dashboard/69f5ae20-eb02-11e7-8f04-51231daa5b05-ecs) | [OSSEC Rootkit](#/dashboard/c0a7ce90-f4aa-11e7-8647-534bb4c21040-ecs)\", \"fontSize\": 10}, \"title\": \"Navigation [Filebeat Osquery] ECS\", \"aggs\": []}"
            },
            "id": "2d6e0760-f4ab-11e7-8647-534bb4c21040-ecs",
            "type": "visualization",
            "updated_at": "2018-01-08T19:41:10.264Z",
            "version": 3
        },
        {
            "attributes": {
                "columns": [
                    "osquery.result.name"
                ],
                "description": "",
                "hits": 0,
                "kibanaSavedObjectMeta": {
                    "searchSourceJSON": "{\"query\": {\"query\": \"\", \"language\": \"kuery\"}, \"index\": \"filebeat-*\", \"filter\": [{\"query\": {\"match\": {\"osquery.result.name\": {\"type\": \"phrase\", \"query\": \"pack_it-compliance_os_version\"}}}, \"meta\": {\"type\": \"phrase\", \"params\": {\"type\": \"phrase\", \"query\": \"pack_it-compliance_os_version\"}, \"alias\": null, \"negate\": false, \"index\": \"filebeat-*\", \"disabled\": false, \"value\": \"pack_it-compliance_os_version\", \"key\": \"osquery.result.name\"}, \"$state\": {\"store\": \"appState\"}}], \"highlightAll\": true, \"version\": true}"
                },
                "sort": [
                    "@timestamp",
                    "desc"
                ],
                "title": "OS versions [Filebeat Osquery] ECS",
                "version": 1
            },
            "id": "b5d6baa0-eb02-11e7-8f04-51231daa5b05-ecs",
            "type": "search",
            "updated_at": "2018-01-08T17:35:32.102Z",
            "version": 1
        },
        {
            "attributes": {
                "columns": [
                    "osquery.result.name",
                    "osquery.result.columns.name",
                    "osquery.result.columns.status"
                ],
                "description": "",
                "hits": 0,
                "kibanaSavedObjectMeta": {
                    "searchSourceJSON": "{\"query\": {\"query\": \"\", \"language\": \"kuery\"}, \"index\": \"filebeat-*\", \"filter\": [{\"query\": {\"match\": {\"osquery.result.name\": {\"type\": \"phrase\", \"query\": \"pack_it-compliance_kernel_modules\"}}}, \"meta\": {\"type\": \"phrase\", \"params\": {\"type\": \"phrase\", \"query\": \"pack_it-compliance_kernel_modules\"}, \"alias\": null, \"negate\": false, \"index\": \"filebeat-*\", \"disabled\": false, \"value\": \"pack_it-compliance_kernel_modules\", \"key\": \"osquery.result.name\"}, \"$state\": {\"store\": \"appState\"}}], \"highlightAll\": true, \"version\": true}"
                },
                "sort": [
                    "@timestamp",
                    "desc"
                ],
                "title": "Kernel modules [Filebeat Osquery] ECS",
                "version": 1
            },
            "id": "f59e21e0-eb03-11e7-8f04-51231daa5b05-ecs",
            "type": "search",
            "updated_at": "2018-01-08T17:35:32.102Z",
            "version": 1
        },
        {
            "attributes": {
                "description": "Dashboard for visualizing the data collected by the Osquery compliance pack.",
                "hits": 0,
                "kibanaSavedObjectMeta": {
                    "searchSourceJSON": "{\"query\": {\"query\": \"\", \"language\": \"kuery\"}, \"filter\": [], \"highlightAll\": true, \"version\": true}"
                },
                "optionsJSON": "{\"useMargins\": true, \"hidePanelTitles\": false, \"darkTheme\": false}",
                "panelsJSON": "[{\"type\": \"search\", \"gridData\": {\"x\": 6, \"w\": 6, \"h\": 4, \"i\": \"1\", \"y\": 6}, \"panelIndex\": \"1\", \"id\": \"7a9482d0-eb00-11e7-8f04-51231daa5b05-ecs\", \"version\": \"6.2.4\"}, {\"type\": \"visualization\", \"gridData\": {\"x\": 5, \"w\": 7, \"h\": 5, \"i\": \"2\", \"y\": 1}, \"panelIndex\": \"2\", \"id\": \"a9fd8bb0-eb01-11e7-8f04-51231daa5b05-ecs\", \"version\": \"6.2.4\"}, {\"type\": \"search\", \"gridData\": {\"x\": 0, \"w\": 6, \"h\": 4, \"i\": \"3\", \"y\": 6}, \"panelIndex\": \"3\", \"id\": \"3824b080-eb02-11e7-8f04-51231daa5b05-ecs\", \"version\": \"6.2.4\"}, {\"type\": \"visualization\", \"gridData\": {\"x\": 0, \"w\": 5, \"h\": 3, \"i\": \"4\", \"y\": 1}, \"panelIndex\": \"4\", \"id\": \"1da1ed30-eb03-11e7-8f04-51231daa5b05-ecs\", \"version\": \"6.2.4\"}, {\"type\": \"visualization\", \"panelIndex\": \"5\", \"embeddableConfig\": {\"vis\": {\"legendOpen\": false, \"defaultColors\": {\"0 - 100\": \"rgb(0,104,55)\"}}}, \"id\": \"240f3630-eb05-11e7-8f04-51231daa5b05-ecs\", \"gridData\": {\"x\": 0, \"w\": 5, \"h\": 2, \"i\": \"5\", \"y\": 4}, \"version\": \"6.2.4\"}, {\"type\": \"visualization\", \"gridData\": {\"x\": 0, \"w\": 12, \"h\": 1, \"i\": \"6\", \"y\": 0}, \"panelIndex\": \"6\", \"id\": \"2d6e0760-f4ab-11e7-8647-534bb4c21040-ecs\", \"version\": \"6.1.0-SNAPSHOT\"}]",
                "timeRestore": false,
                "title": "[Filebeat Osquery] Compliance pack ECS",
                "uiStateJSON": "{\"P-5\": {\"vis\": {\"defaultColors\": {\"0 - 100\": \"rgb(0,104,55)\"}}}}",
                "version": 1
            },
            "id": "69f5ae20-eb02-11e7-8f04-51231daa5b05-ecs",
            "type": "dashboard",
            "updated_at": "2018-01-08T19:42:15.406Z",
            "version": 2
        }
    ],
    "version": "6.1.0-SNAPSHOT"
}