{
    "objects": [
        {
            "attributes": {
                "description": "",
                "kibanaSavedObjectMeta": {
                    "searchSourceJSON": "{\"query\": {\"query\": \"\", \"language\": \"kuery\"}, \"filter\": []}"
                },
                "title": "Navigation [Packetbeat] ECS",
                "uiStateJSON": "{}",
                "version": 1,
                "visState": "{\"type\": \"markdown\", \"params\": {\"fontSize\": 10, \"openLinksInNewTab\": false, \"markdown\": \"### Packetbeat:\\n\\n[Overview](#/dashboard/Packetbeat-Dashboard-ecs)\\n\\n[Network Flows](#/dashboard/Packetbeat-Flows-ecs)\\n\\n[DNS Overview](#/dashboard/65120940-1454-11e9-9de0-f98d1808db8e-ecs) | [Tunneling](#/dashboard/DNS-Unique-Domains-ecs)\\n\\n[DHCPv4 Transactions](#/dashboard/a7b35890-8baa-11e8-9676-ef67484126fb-ecs)\\n\\n[TLS Overview](#/dashboard/tls-sessions-ecs)\\n\\n[HTTP transactions](#/dashboard/Packetbeat-HTTP-ecs)\\n\\nDatabases: [MySQL](#/dashboard/Packetbeat-MySQL-performance-ecs) | [PostgreSQL](#/dashboard/Packetbeat-PgSQL-performance-ecs) | [MongoDB](#/dashboard/Packetbeat-MongoDB-performance-ecs) | [Cassandra](#/dashboard/Packetbeat-Cassandra-ecs)\\n\\nRPC: [Thrift](#/dashboard/Packetbeat-Thrift-performance-ecs)\\n\\nStorage: [NFS](#/dashboard/Packetbeat-NFS-ecs)\"}, \"aggs\": [], \"title\": \"Navigation [Packetbeat] ECS\"}"
            },
            "id": "Navigation-ecs",
            "type": "visualization",
            "updated_at": "2019-01-19T00:18:59.372Z",
            "version": 11
        },
        {
            "attributes": {
                "description": "",
                "kibanaSavedObjectMeta": {
                    "searchSourceJSON": "{\"filter\": []}"
                },
                "savedSearchId": "Thrift-transactions-ecs",
                "title": "Thrift requests per minute [Packetbeat] ECS",
                "uiStateJSON": "{}",
                "version": 1,
                "visState": "{\"type\": \"histogram\", \"params\": {\"yAxis\": {}, \"mode\": \"stacked\", \"setYExtents\": false, \"times\": [], \"addTimeMarker\": false, \"defaultYExtents\": false, \"addTooltip\": true, \"scale\": \"linear\", \"shareYAxis\": true, \"addLegend\": false}, \"aggs\": [{\"type\": \"count\", \"id\": \"1\", \"schema\": \"metric\", \"params\": {}}, {\"type\": \"date_histogram\", \"id\": \"2\", \"schema\": \"segment\", \"params\": {\"min_doc_count\": 1, \"field\": \"@timestamp\", \"customInterval\": \"2h\", \"extended_bounds\": {}, \"interval\": \"m\"}}], \"title\": \"Thrift requests per minute ECS\", \"listeners\": {}}"
            },
            "id": "Thrift-requests-per-minute-ecs",
            "type": "visualization",
            "updated_at": "2019-01-18T23:49:32.418Z",
            "version": 1
        },
        {
            "attributes": {
                "description": "",
                "kibanaSavedObjectMeta": {
                    "searchSourceJSON": "{\"filter\": []}"
                },
                "savedSearchId": "Thrift-errors-ecs",
                "title": "Thrift RPC Errors [Packetbeat] ECS",
                "uiStateJSON": "{}",
                "version": 1,
                "visState": "{\"type\": \"area\", \"params\": {\"interpolate\": \"linear\", \"defaultYExtents\": false, \"addTooltip\": true, \"addTimeMarker\": false, \"setYExtents\": false, \"shareYAxis\": true, \"addLegend\": false, \"yAxis\": {}, \"times\": [], \"scale\": \"linear\", \"mode\": \"stacked\", \"smoothLines\": false}, \"aggs\": [{\"type\": \"count\", \"id\": \"1\", \"schema\": \"metric\", \"params\": {}}, {\"type\": \"date_histogram\", \"id\": \"2\", \"schema\": \"segment\", \"params\": {\"min_doc_count\": 1, \"field\": \"@timestamp\", \"customInterval\": \"2h\", \"extended_bounds\": {}, \"interval\": \"auto\"}}], \"title\": \"Thrift RPC Errors ECS\", \"listeners\": {}}"
            },
            "id": "Thrift-RPC-Errors-ecs",
            "type": "visualization",
            "updated_at": "2019-01-18T23:49:32.418Z",
            "version": 1
        },
        {
            "attributes": {
                "description": "",
                "kibanaSavedObjectMeta": {
                    "searchSourceJSON": "{\"query\": {\"query\": \"\", \"language\": \"kuery\"}, \"filter\": []}"
                },
                "savedSearchId": "Thrift-transactions-ecs",
                "title": "Slowest Thrift RPC methods [Packetbeat] ECS",
                "uiStateJSON": "{\"vis\": {\"params\": {\"sort\": {\"columnIndex\": null, \"direction\": null}}}}",
                "version": 1,
                "visState": "{\"type\": \"table\", \"params\": {\"showTotal\": false, \"showMetricsAtAllLevels\": false, \"showPartialRows\": false, \"perPage\": 10, \"totalFunc\": \"sum\", \"sort\": {\"columnIndex\": null, \"direction\": null}}, \"aggs\": [{\"type\": \"avg\", \"id\": \"1\", \"schema\": \"metric\", \"params\": {\"field\": \"event.duration\"}, \"enabled\": true}, {\"type\": \"terms\", \"id\": \"2\", \"schema\": \"bucket\", \"params\": {\"otherBucketLabel\": \"Other\", \"order\": \"desc\", \"field\": \"method\", \"missingBucketLabel\": \"Missing\", \"size\": 10, \"orderBy\": \"1\", \"otherBucket\": false, \"missingBucket\": false}, \"enabled\": true}], \"title\": \"Slowest Thrift RPC methods [Packetbeat] ECS\"}"
            },
            "id": "Slowest-Thrift-RPC-methods-ecs",
            "type": "visualization",
            "updated_at": "2019-01-18T23:49:32.418Z",
            "version": 1
        },
        {
            "attributes": {
                "description": "",
                "kibanaSavedObjectMeta": {
                    "searchSourceJSON": "{\"query\": {\"query\": \"\", \"language\": \"kuery\"}, \"filter\": []}"
                },
                "savedSearchId": "Thrift-transactions-ecs",
                "title": "Thrift response times percentiles [Packetbeat] ECS",
                "uiStateJSON": "{}",
                "version": 1,
                "visState": "{\"type\": \"line\", \"params\": {\"seriesParams\": [{\"show\": \"true\", \"type\": \"line\", \"mode\": \"normal\", \"valueAxis\": \"ValueAxis-1\", \"data\": {\"id\": \"1\", \"label\": \"Percentiles of event.duration\"}}], \"addTimeMarker\": false, \"shareYAxis\": true, \"legendPosition\": \"right\", \"addLegend\": true, \"type\": \"line\", \"times\": [], \"grid\": {\"style\": {\"color\": \"#eee\"}, \"categoryLines\": false}, \"valueAxes\": [{\"show\": true, \"id\": \"ValueAxis-1\", \"position\": \"left\", \"title\": {\"text\": \"Percentiles of event.duration\"}, \"labels\": {\"show\": true, \"truncate\": 100, \"filter\": false, \"rotate\": 0}, \"style\": {}, \"scale\": {\"type\": \"linear\", \"mode\": \"normal\", \"defaultYExtents\": false, \"setYExtents\": false}, \"name\": \"LeftAxis-1\", \"type\": \"value\"}], \"defaultYExtents\": false, \"addTooltip\": true, \"categoryAxes\": [{\"show\": true, \"id\": \"CategoryAxis-1\", \"position\": \"bottom\", \"title\": {}, \"labels\": {\"show\": true, \"truncate\": 100}, \"scale\": {\"type\": \"linear\"}, \"style\": {}, \"type\": \"category\"}]}, \"aggs\": [{\"type\": \"percentiles\", \"id\": \"1\", \"schema\": \"metric\", \"params\": {\"field\": \"event.duration\", \"percents\": [75, 99, 99.5]}, \"enabled\": true}, {\"type\": \"date_histogram\", \"id\": \"2\", \"schema\": \"segment\", \"params\": {\"field\": \"@timestamp\", \"interval\": \"auto\", \"useNormalizedEsInterval\": true, \"drop_partials\": false, \"customInterval\": \"2h\", \"extended_bounds\": {}, \"min_doc_count\": 1}, \"enabled\": true}], \"title\": \"Thrift response times percentiles [Packetbeat] ECS\"}"
            },
            "id": "Thrift-response-times-percentiles-ecs",
            "type": "visualization",
            "updated_at": "2019-01-18T23:49:32.418Z",
            "version": 1
        },
        {
            "attributes": {
                "description": "",
                "kibanaSavedObjectMeta": {
                    "searchSourceJSON": "{\"filter\": []}"
                },
                "savedSearchId": "Thrift-transactions-ecs",
                "title": "Top Thrift-RPC methods  [Packetbeat] ECS",
                "uiStateJSON": "{}",
                "version": 1,
                "visState": "{\"type\": \"histogram\", \"params\": {\"yAxis\": {}, \"mode\": \"stacked\", \"setYExtents\": false, \"times\": [], \"addTimeMarker\": false, \"defaultYExtents\": false, \"addTooltip\": true, \"scale\": \"linear\", \"shareYAxis\": true, \"addLegend\": false}, \"aggs\": [{\"type\": \"count\", \"id\": \"1\", \"schema\": \"metric\", \"params\": {}}, {\"type\": \"terms\", \"id\": \"2\", \"schema\": \"segment\", \"params\": {\"order\": \"desc\", \"field\": \"method\", \"orderBy\": \"1\", \"size\": 5}}], \"title\": \"Top Thrift-RPC methods ECS\", \"listeners\": {}}"
            },
            "id": "Top-Thrift-RPC-methods-ecs",
            "type": "visualization",
            "updated_at": "2019-01-18T23:49:32.418Z",
            "version": 1
        },
        {
            "attributes": {
                "description": "",
                "kibanaSavedObjectMeta": {
                    "searchSourceJSON": "{\"filter\": []}"
                },
                "savedSearchId": "Thrift-errors-ecs",
                "title": "Top Thrift-RPC calls with errors [Packetbeat] ECS",
                "version": 1,
                "visState": "{\"type\": \"histogram\", \"params\": {\"mode\": \"stacked\", \"defaultYExtents\": false, \"addTooltip\": true, \"shareYAxis\": true, \"addLegend\": false}, \"aggs\": [{\"type\": \"count\", \"id\": \"1\", \"schema\": \"metric\", \"params\": {}}, {\"type\": \"terms\", \"id\": \"2\", \"schema\": \"segment\", \"params\": {\"order\": \"desc\", \"field\": \"method\", \"orderBy\": \"1\", \"size\": 5}}], \"listeners\": {}}"
            },
            "id": "Top-Thrift-RPC-calls-with-errors-ecs",
            "type": "visualization",
            "updated_at": "2019-01-18T23:49:32.418Z",
            "version": 1
        },
        {
            "attributes": {
                "columns": [
                    "method",
                    "type",
                    "path",
                    "event.duration",
                    "status"
                ],
                "description": "",
                "hits": 0,
                "kibanaSavedObjectMeta": {
                    "searchSourceJSON": "{\"query\": {\"query\": \"type: thrift\", \"language\": \"kuery\"}, \"filter\": [{\"query\": {\"match\": {\"event.dataset\": {\"type\": \"phrase\", \"query\": \"thrift\"}}}, \"meta\": {\"negate\": false, \"key\": \"event.dataset\", \"value\": \"thrift\", \"params\": {\"type\": \"phrase\", \"query\": \"thrift\"}, \"index\": \"packetbeat-*\", \"alias\": null, \"type\": \"phrase\", \"disabled\": false}, \"$state\": {\"store\": \"appState\"}}], \"version\": true, \"highlightAll\": true, \"highlight\": {\"pre_tags\": [\"@kibana-highlighted-field@\"], \"fields\": {\"*\": {}}, \"post_tags\": [\"@/kibana-highlighted-field@\"]}, \"index\": \"packetbeat-*\"}"
                },
                "sort": [
                    "@timestamp",
                    "desc"
                ],
                "title": "Thrift Transactions Search [Packetbeat] ECS",
                "version": 1
            },
            "id": "Thrift-transactions-ecs",
            "type": "search",
            "updated_at": "2019-01-18T23:49:32.418Z",
            "version": 1
        },
        {
            "attributes": {
                "columns": [
                    "method",
                    "type",
                    "path",
                    "event.duration",
                    "status"
                ],
                "description": "",
                "hits": 0,
                "kibanaSavedObjectMeta": {
                    "searchSourceJSON": "{\"query\": {\"query\": \"type: thrift\", \"language\": \"kuery\"}, \"filter\": [{\"query\": {\"match\": {\"status\": {\"type\": \"phrase\", \"query\": \"OK\"}}}, \"meta\": {\"negate\": true, \"key\": \"status\", \"value\": \"OK\", \"params\": {\"type\": \"phrase\", \"query\": \"OK\"}, \"index\": \"packetbeat-*\", \"alias\": null, \"type\": \"phrase\", \"disabled\": false}, \"$state\": {\"store\": \"appState\"}}, {\"query\": {\"match\": {\"event.dataset\": {\"type\": \"phrase\", \"query\": \"thrift\"}}}, \"meta\": {\"negate\": false, \"key\": \"event.dataset\", \"value\": \"thrift\", \"params\": {\"type\": \"phrase\", \"query\": \"thrift\"}, \"index\": \"packetbeat-*\", \"alias\": null, \"type\": \"phrase\", \"disabled\": false}, \"$state\": {\"store\": \"appState\"}}], \"version\": true, \"highlightAll\": true, \"highlight\": {\"pre_tags\": [\"@kibana-highlighted-field@\"], \"fields\": {\"*\": {}}, \"post_tags\": [\"@/kibana-highlighted-field@\"]}, \"index\": \"packetbeat-*\"}"
                },
                "sort": [
                    "@timestamp",
                    "desc"
                ],
                "title": "Thrift Errors [Packetbeat] ECS",
                "version": 1
            },
            "id": "Thrift-errors-ecs",
            "type": "search",
            "updated_at": "2019-01-18T23:49:32.418Z",
            "version": 1
        },
        {
            "attributes": {
                "description": "",
                "hits": 0,
                "kibanaSavedObjectMeta": {
                    "searchSourceJSON": "{\"query\": {\"query\": \"\", \"language\": \"kuery\"}, \"highlightAll\": true, \"filter\": [], \"version\": true}"
                },
                "optionsJSON": "{\"darkTheme\": false}",
                "panelsJSON": "[{\"type\": \"visualization\", \"id\": \"Navigation-ecs\", \"size_x\": 3, \"size_y\": 4, \"row\": 1, \"panelIndex\": 1, \"col\": 1}, {\"type\": \"visualization\", \"id\": \"Thrift-requests-per-minute-ecs\", \"size_x\": 5, \"size_y\": 4, \"row\": 1, \"panelIndex\": 2, \"col\": 4}, {\"type\": \"visualization\", \"id\": \"Thrift-RPC-Errors-ecs\", \"size_x\": 4, \"size_y\": 4, \"row\": 1, \"panelIndex\": 3, \"col\": 9}, {\"type\": \"visualization\", \"id\": \"Slowest-Thrift-RPC-methods-ecs\", \"size_x\": 6, \"size_y\": 3, \"row\": 5, \"panelIndex\": 4, \"col\": 1}, {\"type\": \"visualization\", \"id\": \"Thrift-response-times-percentiles-ecs\", \"size_x\": 6, \"size_y\": 3, \"row\": 5, \"panelIndex\": 5, \"col\": 7}, {\"type\": \"visualization\", \"id\": \"Top-Thrift-RPC-methods-ecs\", \"size_x\": 6, \"size_y\": 4, \"row\": 8, \"panelIndex\": 6, \"col\": 1}, {\"type\": \"visualization\", \"id\": \"Top-Thrift-RPC-calls-with-errors-ecs\", \"size_x\": 6, \"size_y\": 4, \"row\": 8, \"panelIndex\": 7, \"col\": 7}]",
                "timeRestore": false,
                "title": "[Packetbeat] Thrift performance ECS",
                "uiStateJSON": "{\"P-4\": {\"vis\": {\"params\": {\"sort\": {\"columnIndex\": null, \"direction\": null}}}}}",
                "version": 1
            },
            "id": "Packetbeat-Thrift-performance-ecs",
            "type": "dashboard",
            "updated_at": "2019-01-18T23:49:32.418Z",
            "version": 1
        }
    ],
    "version": "7.0.0-SNAPSHOT"
}