{
    "objects": [
        {
            "attributes": {
                "description": "",
                "kibanaSavedObjectMeta": {
                    "searchSourceJSON": "{\"query\": {\"query\": \"\", \"language\": \"kuery\"}, \"filter\": []}"
                },
                "savedSearchId": "d19e8485-7df5-47ce-8009-9dc3c42bcf17-ecs",
                "title": "DNS Query Summary [Packetbeat] ECS",
                "uiStateJSON": "{}",
                "version": 1,
                "visState": "{\"type\": \"metric\", \"params\": {\"type\": \"metric\", \"addTooltip\": true, \"fontSize\": \"17\", \"metric\": {\"style\": {\"fontSize\": 28, \"labelColor\": false, \"subText\": \"\", \"bgColor\": false, \"bgFill\": \"#000\"}, \"colorSchema\": \"Green to Red\", \"invertColors\": false, \"colorsRange\": [{\"from\": 0, \"to\": 10000}], \"labels\": {\"show\": true}, \"percentageMode\": false, \"metricColorMode\": \"None\", \"useRanges\": false}, \"handleNoResults\": true, \"addLegend\": false}, \"aggs\": [{\"type\": \"count\", \"id\": \"1\", \"schema\": \"metric\", \"params\": {}, \"enabled\": true}, {\"type\": \"sum\", \"id\": \"2\", \"schema\": \"metric\", \"params\": {\"field\": \"source.bytes\", \"customLabel\": \"Client Bytes\"}, \"enabled\": true}, {\"type\": \"sum\", \"id\": \"3\", \"schema\": \"metric\", \"params\": {\"field\": \"destination.bytes\", \"customLabel\": \"Server Bytes\"}, \"enabled\": true}, {\"type\": \"avg\", \"id\": \"4\", \"schema\": \"metric\", \"params\": {\"field\": \"event.duration\", \"customLabel\": \"Avg Response Time (ns)\"}, \"enabled\": true}], \"title\": \"DNS Query Summary [Packetbeat] ECS\"}"
            },
            "id": "DNS-Query-Summary-ecs",
            "type": "visualization",
            "updated_at": "2019-01-18T23:49:24.089Z",
            "version": 1
        },
        {
            "attributes": {
                "description": "",
                "kibanaSavedObjectMeta": {
                    "searchSourceJSON": "{\"query\": {\"query\": \"\", \"language\": \"kuery\"}, \"index\": \"packetbeat-*\", \"filter\": []}"
                },
                "savedSearchId": "d19e8485-7df5-47ce-8009-9dc3c42bcf17-ecs",
                "title": "DNS Request Status Over Time [Packetbeat] ECS",
                "uiStateJSON": "{\"vis\": {\"colors\": {\"OK\": \"#0A50A1\", \"Error\": \"#890F02\"}}}",
                "version": 1,
                "visState": "{\"type\": \"area\", \"params\": {\"interpolate\": \"linear\", \"defaultYExtents\": false, \"seriesParams\": [{\"interpolate\": \"cardinal\", \"show\": \"true\", \"mode\": \"stacked\", \"valueAxis\": \"ValueAxis-1\", \"type\": \"area\", \"data\": {\"id\": \"1\", \"label\": \"Count\"}}], \"smoothLines\": false, \"addTimeMarker\": false, \"setYExtents\": false, \"legendPosition\": \"right\", \"shareYAxis\": true, \"addLegend\": true, \"type\": \"area\", \"yAxis\": {}, \"times\": [], \"grid\": {\"style\": {\"color\": \"#eee\"}, \"categoryLines\": false}, \"valueAxes\": [{\"show\": true, \"id\": \"ValueAxis-1\", \"position\": \"left\", \"title\": {\"text\": \"Count\"}, \"labels\": {\"show\": true, \"truncate\": 100, \"filter\": false, \"rotate\": 0}, \"style\": {}, \"scale\": {\"type\": \"linear\", \"mode\": \"normal\", \"defaultYExtents\": false, \"setYExtents\": false}, \"name\": \"LeftAxis-1\", \"type\": \"value\"}], \"scale\": \"linear\", \"mode\": \"stacked\", \"addTooltip\": true, \"categoryAxes\": [{\"show\": true, \"id\": \"CategoryAxis-1\", \"position\": \"bottom\", \"title\": {}, \"labels\": {\"show\": true, \"truncate\": 100}, \"scale\": {\"type\": \"linear\"}, \"style\": {}, \"type\": \"category\"}]}, \"aggs\": [{\"type\": \"count\", \"id\": \"1\", \"schema\": \"metric\", \"params\": {}, \"enabled\": true}, {\"type\": \"date_histogram\", \"id\": \"2\", \"schema\": \"segment\", \"params\": {\"field\": \"@timestamp\", \"interval\": \"auto\", \"useNormalizedEsInterval\": true, \"drop_partials\": false, \"customInterval\": \"2h\", \"extended_bounds\": {}, \"min_doc_count\": 1}, \"enabled\": true}, {\"type\": \"terms\", \"id\": \"3\", \"schema\": \"group\", \"params\": {\"otherBucketLabel\": \"Other\", \"order\": \"desc\", \"field\": \"status\", \"missingBucketLabel\": \"Missing\", \"size\": 5, \"orderBy\": \"1\", \"otherBucket\": false, \"missingBucket\": false}, \"enabled\": true}], \"title\": \"DNS Request Status Over Time [Packetbeat] ECS\"}"
            },
            "id": "DNS-Request-Status-Over-Time-ecs",
            "type": "visualization",
            "updated_at": "2019-01-18T23:49:24.089Z",
            "version": 1
        },
        {
            "attributes": {
                "description": "",
                "kibanaSavedObjectMeta": {
                    "searchSourceJSON": "{\"query\": {\"query\": \"\", \"language\": \"kuery\"}, \"index\": \"packetbeat-*\", \"filter\": []}"
                },
                "savedSearchId": "d19e8485-7df5-47ce-8009-9dc3c42bcf17-ecs",
                "title": "DNS Question Types [Packetbeat] ECS",
                "uiStateJSON": "{}",
                "version": 1,
                "visState": "{\"type\": \"pie\", \"params\": {\"type\": \"pie\", \"labels\": {\"show\": false, \"truncate\": 100, \"values\": true, \"last_level\": true}, \"legendPosition\": \"right\", \"isDonut\": false, \"shareYAxis\": true, \"addTooltip\": true, \"addLegend\": true}, \"aggs\": [{\"type\": \"count\", \"id\": \"1\", \"schema\": \"metric\", \"params\": {}, \"enabled\": true}, {\"type\": \"terms\", \"id\": \"2\", \"schema\": \"segment\", \"params\": {\"otherBucketLabel\": \"Other\", \"order\": \"desc\", \"field\": \"dns.question.type\", \"missingBucketLabel\": \"Missing\", \"size\": 5, \"orderBy\": \"1\", \"otherBucket\": false, \"missingBucket\": false}, \"enabled\": true}], \"title\": \"DNS Question Types [Packetbeat] ECS\"}"
            },
            "id": "DNS-Question-Types-ecs",
            "type": "visualization",
            "updated_at": "2019-01-18T23:49:24.089Z",
            "version": 1
        },
        {
            "attributes": {
                "description": "",
                "kibanaSavedObjectMeta": {
                    "searchSourceJSON": "{\"query\": {\"query\": \"\", \"language\": \"kuery\"}, \"index\": \"packetbeat-*\", \"highlight\": {\"post_tags\": [\"@/kibana-highlighted-field@\"], \"pre_tags\": [\"@kibana-highlighted-field@\"], \"require_field_match\": false, \"fields\": {\"*\": {}}, \"fragment_size\": 2147483647}, \"filter\": [{\"query\": {\"match\": {\"status\": {\"type\": \"phrase\", \"query\": \"OK\"}}}, \"meta\": {\"negate\": false, \"key\": \"status\", \"value\": \"OK\", \"params\": {\"type\": \"phrase\", \"query\": \"OK\"}, \"index\": \"packetbeat-*\", \"alias\": null, \"type\": \"phrase\", \"disabled\": false}, \"$state\": {\"store\": \"appState\"}}]}"
                },
                "savedSearchId": "d19e8485-7df5-47ce-8009-9dc3c42bcf17-ecs",
                "title": "DNS Top 10 Questions [Packetbeat] ECS",
                "uiStateJSON": "{\"vis\": {\"params\": {\"sort\": {\"columnIndex\": null, \"direction\": null}}}}",
                "version": 1,
                "visState": "{\"type\": \"table\", \"params\": {\"showTotal\": false, \"showMetricsAtAllLevels\": false, \"showPartialRows\": false, \"perPage\": 10, \"totalFunc\": \"sum\", \"sort\": {\"columnIndex\": null, \"direction\": null}}, \"aggs\": [{\"type\": \"count\", \"id\": \"1\", \"schema\": \"metric\", \"params\": {}, \"enabled\": true}, {\"type\": \"terms\", \"id\": \"2\", \"schema\": \"bucket\", \"params\": {\"otherBucketLabel\": \"Other\", \"order\": \"desc\", \"field\": \"dns.question.name\", \"missingBucketLabel\": \"Missing\", \"orderBy\": \"1\", \"size\": 30, \"customLabel\": \"Question\", \"otherBucket\": false, \"missingBucket\": false}, \"enabled\": true}], \"title\": \"DNS Top 10 Questions [Packetbeat] ECS\"}"
            },
            "id": "DNS-Top-10-Questions-ecs",
            "type": "visualization",
            "updated_at": "2019-01-18T23:49:24.089Z",
            "version": 1
        },
        {
            "attributes": {
                "description": "",
                "kibanaSavedObjectMeta": {
                    "searchSourceJSON": "{\"query\": {\"query\": \"\", \"language\": \"kuery\"}, \"index\": \"packetbeat-*\", \"highlight\": {\"post_tags\": [\"@/kibana-highlighted-field@\"], \"pre_tags\": [\"@kibana-highlighted-field@\"], \"require_field_match\": false, \"fields\": {\"*\": {}}, \"fragment_size\": 2147483647}, \"filter\": []}"
                },
                "savedSearchId": "d19e8485-7df5-47ce-8009-9dc3c42bcf17-ecs",
                "title": "DNS Response Codes [Packetbeat] ECS",
                "uiStateJSON": "{\"vis\": {\"params\": {\"sort\": {\"columnIndex\": null, \"direction\": null}}}}",
                "version": 1,
                "visState": "{\"type\": \"table\", \"params\": {\"showTotal\": false, \"showMetricsAtAllLevels\": false, \"showPartialRows\": false, \"perPage\": 10, \"totalFunc\": \"sum\", \"sort\": {\"columnIndex\": null, \"direction\": null}}, \"aggs\": [{\"type\": \"count\", \"id\": \"1\", \"schema\": \"metric\", \"params\": {}, \"enabled\": true}, {\"type\": \"terms\", \"id\": \"2\", \"schema\": \"bucket\", \"params\": {\"otherBucketLabel\": \"Other\", \"order\": \"desc\", \"field\": \"dns.response_code\", \"missingBucketLabel\": \"Missing\", \"orderBy\": \"1\", \"size\": 5, \"customLabel\": \"Response Code\", \"otherBucket\": false, \"missingBucket\": false}, \"enabled\": true}], \"title\": \"DNS Response Codes [Packetbeat] ECS\"}"
            },
            "id": "DNS-Response-Codes-ecs",
            "type": "visualization",
            "updated_at": "2019-01-18T23:49:24.089Z",
            "version": 1
        },
        {
            "attributes": {
                "description": "",
                "kibanaSavedObjectMeta": {
                    "searchSourceJSON": "{\"query\": {\"query\": \"\", \"language\": \"kuery\"}, \"filter\": []}"
                },
                "savedSearchId": "d19e8485-7df5-47ce-8009-9dc3c42bcf17-ecs",
                "title": "DNS Min/Max/Avg Response Time Histogram [Packetbeat] ECS",
                "uiStateJSON": "{\"vis\": {\"colors\": {\"Min Response Time (ns)\": \"#70DBED\", \"Avg Response Time (ns)\": \"#629E51\", \"Max Response Time (ns)\": \"#E24D42\"}}}",
                "version": 1,
                "visState": "{\"type\": \"area\", \"params\": {\"type\": \"area\", \"times\": [], \"grid\": {\"style\": {\"color\": \"#eee\"}, \"categoryLines\": false}, \"seriesParams\": [{\"interpolate\": \"cardinal\", \"show\": true, \"valueAxis\": \"ValueAxis-1\", \"drawLinesBetweenPoints\": true, \"mode\": \"stacked\", \"showCircles\": true, \"type\": \"area\", \"data\": {\"id\": \"4\", \"label\": \"Min Response Time (ns)\"}}, {\"interpolate\": \"cardinal\", \"show\": \"true\", \"valueAxis\": \"ValueAxis-1\", \"drawLinesBetweenPoints\": true, \"mode\": \"stacked\", \"showCircles\": true, \"type\": \"area\", \"data\": {\"id\": \"1\", \"label\": \"Avg Response Time (ns)\"}}, {\"interpolate\": \"cardinal\", \"show\": true, \"valueAxis\": \"ValueAxis-1\", \"drawLinesBetweenPoints\": true, \"mode\": \"stacked\", \"showCircles\": true, \"type\": \"area\", \"data\": {\"id\": \"3\", \"label\": \"Max Response Time (ns)\"}}], \"legendPosition\": \"right\", \"addTimeMarker\": false, \"valueAxes\": [{\"show\": true, \"id\": \"ValueAxis-1\", \"position\": \"left\", \"title\": {\"text\": \"Average event.duration\"}, \"labels\": {\"show\": true, \"truncate\": 100, \"filter\": false, \"rotate\": 0}, \"style\": {}, \"scale\": {\"type\": \"linear\", \"mode\": \"normal\"}, \"name\": \"LeftAxis-1\", \"type\": \"value\"}], \"addTooltip\": true, \"categoryAxes\": [{\"show\": true, \"id\": \"CategoryAxis-1\", \"position\": \"bottom\", \"title\": {}, \"labels\": {\"show\": true, \"truncate\": 100}, \"scale\": {\"type\": \"linear\"}, \"style\": {}, \"type\": \"category\"}], \"addLegend\": true}, \"aggs\": [{\"type\": \"date_histogram\", \"id\": \"2\", \"schema\": \"segment\", \"params\": {\"field\": \"@timestamp\", \"interval\": \"auto\", \"useNormalizedEsInterval\": true, \"drop_partials\": false, \"customInterval\": \"2h\", \"extended_bounds\": {}, \"min_doc_count\": 1}, \"enabled\": true}, {\"type\": \"min\", \"id\": \"4\", \"schema\": \"metric\", \"params\": {\"field\": \"event.duration\", \"customLabel\": \"Min Response Time (ns)\"}, \"enabled\": true}, {\"type\": \"avg\", \"id\": \"1\", \"schema\": \"metric\", \"params\": {\"field\": \"event.duration\", \"customLabel\": \"Avg Response Time (ns)\"}, \"enabled\": true}, {\"type\": \"max\", \"id\": \"3\", \"schema\": \"metric\", \"params\": {\"field\": \"event.duration\", \"customLabel\": \"Max Response Time (ns)\"}, \"enabled\": true}], \"title\": \"DNS Min/Max/Avg Response Time Histogram [Packetbeat] ECS\"}"
            },
            "id": "735d25c0-1459-11e9-9de0-f98d1808db8e-ecs",
            "type": "visualization",
            "updated_at": "2019-01-18T23:49:24.089Z",
            "version": 1
        },
        {
            "attributes": {
                "description": "",
                "kibanaSavedObjectMeta": {
                    "searchSourceJSON": "{\"query\": {\"query\": \"\", \"language\": \"kuery\"}, \"filter\": []}"
                },
                "savedSearchId": "d19e8485-7df5-47ce-8009-9dc3c42bcf17-ecs",
                "title": "DNS Client and Servers Pie Chart [Packetbeat] ECS",
                "uiStateJSON": "{}",
                "version": 1,
                "visState": "{\"type\": \"pie\", \"params\": {\"type\": \"pie\", \"labels\": {\"show\": false, \"truncate\": 100, \"values\": true, \"last_level\": true}, \"legendPosition\": \"right\", \"isDonut\": true, \"addTooltip\": true, \"addLegend\": true}, \"aggs\": [{\"type\": \"count\", \"id\": \"1\", \"schema\": \"metric\", \"params\": {}, \"enabled\": true}, {\"type\": \"terms\", \"id\": \"3\", \"schema\": \"segment\", \"params\": {\"otherBucketLabel\": \"Other\", \"order\": \"desc\", \"field\": \"destination.ip\", \"missingBucketLabel\": \"Missing\", \"orderBy\": \"1\", \"size\": 5, \"customLabel\": \"Server\", \"otherBucket\": false, \"missingBucket\": false}, \"enabled\": true}, {\"type\": \"terms\", \"id\": \"2\", \"schema\": \"segment\", \"params\": {\"otherBucketLabel\": \"Other\", \"order\": \"desc\", \"field\": \"source.ip\", \"missingBucketLabel\": \"Missing\", \"orderBy\": \"1\", \"size\": 5, \"customLabel\": \"Client\", \"otherBucket\": false, \"missingBucket\": false}, \"enabled\": true}], \"title\": \"DNS Client and Servers Pie Chart [Packetbeat] ECS\"}"
            },
            "id": "bacb6ed0-1459-11e9-9de0-f98d1808db8e-ecs",
            "type": "visualization",
            "updated_at": "2019-01-18T23:49:24.089Z",
            "version": 1
        },
        {
            "attributes": {
                "columns": [
                    "server.ip",
                    "destination.ip",
                    "dns.question.name",
                    "status"
                ],
                "description": "",
                "hits": 0,
                "kibanaSavedObjectMeta": {
                    "searchSourceJSON": "{\"query\": {\"query\": \"\", \"language\": \"kuery\"}, \"filter\": [{\"query\": {\"match\": {\"network.protocol\": {\"type\": \"phrase\", \"query\": \"dns\"}}}, \"meta\": {\"negate\": false, \"key\": \"network.protocol\", \"value\": \"dns\", \"params\": {\"type\": \"phrase\", \"query\": \"dns\"}, \"index\": \"packetbeat-*\", \"alias\": null, \"type\": \"phrase\", \"disabled\": false}, \"$state\": {\"store\": \"appState\"}}], \"version\": true, \"highlightAll\": true, \"highlight\": {\"post_tags\": [\"@/kibana-highlighted-field@\"], \"pre_tags\": [\"@kibana-highlighted-field@\"], \"require_field_match\": false, \"fields\": {\"*\": {}}, \"fragment_size\": 2147483647}, \"index\": \"packetbeat-*\"}"
                },
                "sort": [
                    "@timestamp",
                    "desc"
                ],
                "title": "DNS Protocol [Packetbeat] ECS",
                "version": 1
            },
            "id": "d19e8485-7df5-47ce-8009-9dc3c42bcf17-ecs",
            "type": "search",
            "updated_at": "2019-01-18T23:49:24.089Z",
            "version": 2
        },
        {
            "attributes": {
                "description": "Overview of DNS request and response metrics.",
                "hits": 0,
                "kibanaSavedObjectMeta": {
                    "searchSourceJSON": "{\"query\": {\"query\": \"\", \"language\": \"kuery\"}, \"filter\": []}"
                },
                "optionsJSON": "{\"hidePanelTitles\": false, \"useMargins\": true, \"darkTheme\": false}",
                "panelsJSON": "[{\"type\": \"visualization\", \"id\": \"DNS-Query-Summary-ecs\", \"version\": \"7.0.0-SNAPSHOT\", \"embeddableConfig\": {}, \"panelIndex\": \"1\", \"gridData\": {\"i\": \"1\", \"y\": 0, \"w\": 24, \"h\": 15, \"x\": 0}}, {\"type\": \"visualization\", \"id\": \"DNS-Request-Status-Over-Time-ecs\", \"version\": \"7.0.0-SNAPSHOT\", \"embeddableConfig\": {}, \"panelIndex\": \"2\", \"gridData\": {\"i\": \"2\", \"y\": 0, \"w\": 24, \"h\": 15, \"x\": 24}}, {\"type\": \"visualization\", \"id\": \"DNS-Question-Types-ecs\", \"version\": \"7.0.0-SNAPSHOT\", \"embeddableConfig\": {}, \"panelIndex\": \"3\", \"gridData\": {\"i\": \"3\", \"y\": 15, \"w\": 13, \"h\": 15, \"x\": 0}}, {\"type\": \"visualization\", \"id\": \"DNS-Top-10-Questions-ecs\", \"version\": \"7.0.0-SNAPSHOT\", \"embeddableConfig\": {}, \"panelIndex\": \"5\", \"gridData\": {\"i\": \"5\", \"y\": 30, \"w\": 24, \"h\": 15, \"x\": 0}}, {\"type\": \"visualization\", \"id\": \"DNS-Response-Codes-ecs\", \"version\": \"7.0.0-SNAPSHOT\", \"embeddableConfig\": {}, \"panelIndex\": \"6\", \"gridData\": {\"i\": \"6\", \"y\": 30, \"w\": 24, \"h\": 15, \"x\": 24}}, {\"type\": \"visualization\", \"id\": \"735d25c0-1459-11e9-9de0-f98d1808db8e-ecs\", \"version\": \"7.0.0-SNAPSHOT\", \"embeddableConfig\": {}, \"panelIndex\": \"7\", \"gridData\": {\"i\": \"7\", \"y\": 15, \"w\": 24, \"h\": 15, \"x\": 24}}, {\"type\": \"visualization\", \"id\": \"bacb6ed0-1459-11e9-9de0-f98d1808db8e-ecs\", \"version\": \"7.0.0-SNAPSHOT\", \"embeddableConfig\": {}, \"panelIndex\": \"8\", \"gridData\": {\"i\": \"8\", \"y\": 15, \"w\": 11, \"h\": 15, \"x\": 13}}]",
                "timeRestore": false,
                "title": "[Packetbeat] DNS Overview ECS",
                "version": 1
            },
            "id": "65120940-1454-11e9-9de0-f98d1808db8e-ecs",
            "type": "dashboard",
            "updated_at": "2019-01-18T23:49:24.089Z",
            "version": 1
        }
    ],
    "version": "7.0.0-SNAPSHOT"
}