{
    "objects": [
        {
            "attributes": {
                "description": "",
                "kibanaSavedObjectMeta": {
                    "searchSourceJSON": "{\"query\": {\"query\": \"\", \"language\": \"kuery\"}, \"filter\": []}"
                },
                "savedSearchId": "71908f00-88ca-11e7-ad9c-db80de0bf8d3-ecs",
                "title": "HTTP Transactions [Packetbeat] ECS",
                "uiStateJSON": "{}",
                "version": 1,
                "visState": "{\"type\": \"histogram\", \"params\": {\"defaultYExtents\": false, \"seriesParams\": [{\"show\": \"true\", \"type\": \"histogram\", \"mode\": \"stacked\", \"valueAxis\": \"ValueAxis-1\", \"data\": {\"id\": \"1\", \"label\": \"Count\"}}], \"addTimeMarker\": false, \"setYExtents\": false, \"legendPosition\": \"right\", \"shareYAxis\": true, \"addLegend\": false, \"type\": \"histogram\", \"yAxis\": {}, \"times\": [], \"grid\": {\"style\": {\"color\": \"#eee\"}, \"categoryLines\": false}, \"valueAxes\": [{\"show\": true, \"id\": \"ValueAxis-1\", \"position\": \"left\", \"title\": {\"text\": \"Count\"}, \"labels\": {\"show\": true, \"truncate\": 100, \"filter\": false, \"rotate\": 0}, \"style\": {}, \"scale\": {\"type\": \"linear\", \"mode\": \"normal\", \"defaultYExtents\": false, \"setYExtents\": false}, \"name\": \"LeftAxis-1\", \"type\": \"value\"}], \"scale\": \"linear\", \"mode\": \"stacked\", \"addTooltip\": true, \"categoryAxes\": [{\"show\": true, \"id\": \"CategoryAxis-1\", \"position\": \"bottom\", \"title\": {}, \"labels\": {\"show\": true, \"truncate\": 100}, \"scale\": {\"type\": \"linear\"}, \"style\": {}, \"type\": \"category\"}]}, \"aggs\": [{\"type\": \"count\", \"id\": \"1\", \"schema\": \"metric\", \"params\": {}, \"enabled\": true}, {\"type\": \"date_histogram\", \"id\": \"2\", \"schema\": \"segment\", \"params\": {\"field\": \"@timestamp\", \"interval\": \"auto\", \"useNormalizedEsInterval\": true, \"drop_partials\": false, \"customInterval\": \"2h\", \"extended_bounds\": {}, \"min_doc_count\": 1}, \"enabled\": true}], \"title\": \"HTTP Transactions [Packetbeat] ECS\"}"
            },
            "id": "Web-transactions-ecs",
            "type": "visualization",
            "updated_at": "2019-01-19T00:21:31.922Z",
            "version": 3
        },
        {
            "attributes": {
                "description": "",
                "kibanaSavedObjectMeta": {
                    "searchSourceJSON": "{\"query\": {\"query\": \"http.response.status_code >= 300\", \"language\": \"kuery\"}, \"index\": \"packetbeat-*\", \"highlight\": {\"pre_tags\": [\"@kibana-highlighted-field@\"], \"fields\": {\"*\": {}}, \"post_tags\": [\"@/kibana-highlighted-field@\"]}, \"filter\": [{\"query\": {\"match\": {\"network.protocol\": {\"type\": \"phrase\", \"query\": \"http\"}}}, \"meta\": {\"negate\": false, \"key\": \"type\", \"value\": \"http\", \"params\": {\"type\": \"phrase\", \"query\": \"http\"}, \"index\": \"packetbeat-*\", \"alias\": null, \"type\": \"phrase\", \"disabled\": false}, \"$state\": {\"store\": \"appState\"}}]}"
                },
                "title": "HTTP error codes [Packetbeat] ECS",
                "uiStateJSON": "{}",
                "version": 1,
                "visState": "{\"type\": \"histogram\", \"params\": {\"defaultYExtents\": false, \"seriesParams\": [{\"show\": \"true\", \"type\": \"histogram\", \"mode\": \"stacked\", \"valueAxis\": \"ValueAxis-1\", \"data\": {\"id\": \"1\", \"label\": \"Unique count of type\"}}], \"addTimeMarker\": false, \"setYExtents\": false, \"legendPosition\": \"right\", \"shareYAxis\": true, \"addLegend\": false, \"type\": \"histogram\", \"yAxis\": {}, \"times\": [], \"grid\": {\"style\": {\"color\": \"#eee\"}, \"categoryLines\": false}, \"valueAxes\": [{\"show\": true, \"id\": \"ValueAxis-1\", \"position\": \"left\", \"title\": {\"text\": \"Count\"}, \"labels\": {\"show\": true, \"truncate\": 100, \"filter\": false, \"rotate\": 0}, \"style\": {}, \"scale\": {\"type\": \"linear\", \"mode\": \"normal\", \"defaultYExtents\": false, \"setYExtents\": false}, \"name\": \"LeftAxis-1\", \"type\": \"value\"}], \"scale\": \"linear\", \"mode\": \"stacked\", \"addTooltip\": true, \"categoryAxes\": [{\"show\": true, \"id\": \"CategoryAxis-1\", \"position\": \"bottom\", \"title\": {}, \"labels\": {\"show\": true, \"truncate\": 100}, \"scale\": {\"type\": \"linear\"}, \"style\": {}, \"type\": \"category\"}]}, \"aggs\": [{\"type\": \"cardinality\", \"id\": \"1\", \"schema\": \"metric\", \"params\": {\"field\": \"type\"}, \"enabled\": true}, {\"type\": \"terms\", \"id\": \"2\", \"schema\": \"segment\", \"params\": {\"otherBucketLabel\": \"Other\", \"order\": \"desc\", \"field\": \"http.response.status_code\", \"missingBucketLabel\": \"Missing\", \"orderBy\": \"1\", \"size\": 5, \"customLabel\": \"HTTP Status Code\", \"otherBucket\": false, \"missingBucket\": false}, \"enabled\": true}], \"title\": \"HTTP error codes [Packetbeat] ECS\"}"
            },
            "id": "HTTP-error-codes-ecs",
            "type": "visualization",
            "updated_at": "2019-01-18T23:49:26.207Z",
            "version": 1
        },
        {
            "attributes": {
                "description": "",
                "kibanaSavedObjectMeta": {
                    "searchSourceJSON": "{\"query\": {\"query\": \"\", \"language\": \"kuery\"}, \"index\": \"packetbeat-*\", \"highlight\": {\"pre_tags\": [\"@kibana-highlighted-field@\"], \"fields\": {\"*\": {}}, \"post_tags\": [\"@/kibana-highlighted-field@\"]}, \"filter\": [{\"query\": {\"match\": {\"network.protocol\": {\"type\": \"phrase\", \"query\": \"http\"}}}, \"meta\": {\"negate\": false, \"key\": \"network.protocol\", \"value\": \"http\", \"params\": {\"type\": \"phrase\", \"query\": \"http\"}, \"index\": \"packetbeat-*\", \"alias\": null, \"type\": \"phrase\", \"disabled\": false}, \"$state\": {\"store\": \"appState\"}}, {\"meta\": {\"negate\": true, \"key\": \"http.response.status_code\", \"value\": \"200 to 299\", \"params\": {\"lt\": 299, \"gte\": 200}, \"index\": \"packetbeat-*\", \"alias\": null, \"type\": \"range\", \"disabled\": false}, \"$state\": {\"store\": \"appState\"}, \"range\": {\"http.response.status_code\": {\"lte\": 299, \"gte\": 200}}}]}"
                },
                "title": "HTTP error codes evolution [Packetbeat] ECS",
                "uiStateJSON": "{}",
                "version": 1,
                "visState": "{\"type\": \"line\", \"params\": {\"interpolate\": \"linear\", \"type\": \"line\", \"shareYAxis\": true, \"seriesParams\": [{\"interpolate\": \"linear\", \"show\": \"true\", \"radiusRatio\": 9, \"valueAxis\": \"ValueAxis-1\", \"drawLinesBetweenPoints\": true, \"mode\": \"normal\", \"showCircles\": true, \"type\": \"line\", \"data\": {\"id\": \"1\", \"label\": \"Count\"}}], \"radiusRatio\": 9, \"smoothLines\": false, \"addTimeMarker\": false, \"setYExtents\": false, \"legendPosition\": \"right\", \"addLegend\": true, \"scale\": \"linear\", \"yAxis\": {}, \"times\": [], \"grid\": {\"style\": {\"color\": \"#eee\"}, \"categoryLines\": false}, \"valueAxes\": [{\"show\": true, \"id\": \"ValueAxis-1\", \"position\": \"left\", \"title\": {\"text\": \"Count\"}, \"labels\": {\"show\": true, \"truncate\": 100, \"filter\": false, \"rotate\": 0}, \"style\": {}, \"scale\": {\"type\": \"linear\", \"mode\": \"normal\", \"defaultYExtents\": false, \"setYExtents\": false}, \"name\": \"LeftAxis-1\", \"type\": \"value\"}], \"drawLinesBetweenPoints\": true, \"defaultYExtents\": false, \"addTooltip\": true, \"categoryAxes\": [{\"show\": true, \"id\": \"CategoryAxis-1\", \"position\": \"bottom\", \"title\": {}, \"labels\": {\"show\": true, \"truncate\": 100}, \"scale\": {\"type\": \"linear\"}, \"style\": {}, \"type\": \"category\"}], \"showCircles\": true}, \"aggs\": [{\"type\": \"count\", \"id\": \"1\", \"schema\": \"metric\", \"params\": {}, \"enabled\": true}, {\"type\": \"date_histogram\", \"id\": \"2\", \"schema\": \"segment\", \"params\": {\"field\": \"@timestamp\", \"interval\": \"auto\", \"useNormalizedEsInterval\": true, \"drop_partials\": false, \"customInterval\": \"2h\", \"extended_bounds\": {}, \"min_doc_count\": 1}, \"enabled\": true}, {\"type\": \"terms\", \"id\": \"3\", \"schema\": \"group\", \"params\": {\"otherBucketLabel\": \"Other\", \"order\": \"desc\", \"field\": \"http.response.status_code\", \"missingBucketLabel\": \"Missing\", \"orderBy\": \"1\", \"size\": 5, \"customLabel\": \"HTTP Status Code\", \"otherBucket\": false, \"missingBucket\": false}, \"enabled\": true}], \"title\": \"HTTP error codes evolution [Packetbeat] ECS\"}"
            },
            "id": "HTTP-error-codes-evolution-ecs",
            "type": "visualization",
            "updated_at": "2019-01-18T23:49:26.207Z",
            "version": 1
        },
        {
            "attributes": {
                "description": "",
                "kibanaSavedObjectMeta": {
                    "searchSourceJSON": "{\"query\": {\"query\": \"\", \"language\": \"kuery\"}, \"filter\": []}"
                },
                "title": "Navigation [Packetbeat] ECS",
                "uiStateJSON": "{}",
                "version": 1,
                "visState": "{\"type\": \"markdown\", \"params\": {\"fontSize\": 10, \"openLinksInNewTab\": false, \"markdown\": \"### Packetbeat:\\n\\n[Overview](#/dashboard/Packetbeat-Dashboard-ecs)\\n\\n[Network Flows](#/dashboard/Packetbeat-Flows-ecs)\\n\\n[DNS Overview](#/dashboard/65120940-1454-11e9-9de0-f98d1808db8e-ecs) | [Tunneling](#/dashboard/DNS-Unique-Domains-ecs)\\n\\n[DHCPv4 Transactions](#/dashboard/a7b35890-8baa-11e8-9676-ef67484126fb-ecs)\\n\\n[TLS Overview](#/dashboard/tls-sessions-ecs)\\n\\n[HTTP transactions](#/dashboard/Packetbeat-HTTP-ecs)\\n\\nDatabases: [MySQL](#/dashboard/Packetbeat-MySQL-performance-ecs) | [PostgreSQL](#/dashboard/Packetbeat-PgSQL-performance-ecs) | [MongoDB](#/dashboard/Packetbeat-MongoDB-performance-ecs) | [Cassandra](#/dashboard/Packetbeat-Cassandra-ecs)\\n\\nRPC: [Thrift](#/dashboard/Packetbeat-Thrift-performance-ecs)\\n\\nStorage: [NFS](#/dashboard/Packetbeat-NFS-ecs)\"}, \"aggs\": [], \"title\": \"Navigation [Packetbeat] ECS\"}"
            },
            "id": "Navigation-ecs",
            "type": "visualization",
            "updated_at": "2019-01-19T00:18:59.372Z",
            "version": 11
        },
        {
            "attributes": {
                "description": "",
                "kibanaSavedObjectMeta": {
                    "searchSourceJSON": "{\"query\": {\"query\": \"\", \"language\": \"kuery\"}, \"filter\": []}"
                },
                "savedSearchId": "71908f00-88ca-11e7-ad9c-db80de0bf8d3-ecs",
                "title": "Total number of HTTP transactions [Packetbeat] ECS",
                "uiStateJSON": "{}",
                "version": 1,
                "visState": "{\"type\": \"metric\", \"params\": {\"type\": \"metric\", \"addTooltip\": true, \"fontSize\": \"37\", \"metric\": {\"style\": {\"fontSize\": 60, \"labelColor\": false, \"subText\": \"\", \"bgColor\": false, \"bgFill\": \"#000\"}, \"colorSchema\": \"Green to Red\", \"invertColors\": false, \"colorsRange\": [{\"from\": 0, \"to\": 10000}], \"labels\": {\"show\": true}, \"percentageMode\": false, \"metricColorMode\": \"None\", \"useRanges\": false}, \"handleNoResults\": true, \"addLegend\": false}, \"aggs\": [{\"type\": \"count\", \"id\": \"1\", \"schema\": \"metric\", \"params\": {}, \"enabled\": true}], \"title\": \"Total number of HTTP transactions [Packetbeat] ECS\"}"
            },
            "id": "Total-number-of-HTTP-transactions-ecs",
            "type": "visualization",
            "updated_at": "2019-01-18T23:49:26.207Z",
            "version": 1
        },
        {
            "attributes": {
                "description": "",
                "kibanaSavedObjectMeta": {
                    "searchSourceJSON": "{\"query\": {\"query\": \"\", \"language\": \"kuery\"}, \"filter\": []}"
                },
                "savedSearchId": "71908f00-88ca-11e7-ad9c-db80de0bf8d3-ecs",
                "title": "HTTP status codes for the top queries [Packetbeat] ECS",
                "uiStateJSON": "{}",
                "version": 1,
                "visState": "{\"type\": \"pie\", \"params\": {\"type\": \"pie\", \"labels\": {\"show\": false, \"truncate\": 100, \"values\": true, \"last_level\": true}, \"legendPosition\": \"right\", \"isDonut\": false, \"shareYAxis\": true, \"addTooltip\": true, \"addLegend\": true}, \"aggs\": [{\"type\": \"count\", \"id\": \"1\", \"schema\": \"metric\", \"params\": {}, \"enabled\": true}, {\"type\": \"terms\", \"id\": \"2\", \"schema\": \"split\", \"params\": {\"otherBucketLabel\": \"Other\", \"order\": \"desc\", \"field\": \"query\", \"missingBucketLabel\": \"Missing\", \"orderBy\": \"1\", \"size\": 5, \"customLabel\": \"HTTP Query\", \"otherBucket\": false, \"row\": false, \"missingBucket\": false}, \"enabled\": true}, {\"type\": \"terms\", \"id\": \"3\", \"schema\": \"segment\", \"params\": {\"otherBucketLabel\": \"Other\", \"order\": \"desc\", \"field\": \"http.response.status_code\", \"missingBucketLabel\": \"Missing\", \"orderBy\": \"1\", \"size\": 10, \"customLabel\": \"HTTP Status Code\", \"otherBucket\": false, \"missingBucket\": false}, \"enabled\": true}], \"title\": \"HTTP status codes for the top queries [Packetbeat] ECS\"}"
            },
            "id": "HTTP-codes-for-the-top-queries-ecs",
            "type": "visualization",
            "updated_at": "2019-01-18T23:49:26.207Z",
            "version": 1
        },
        {
            "attributes": {
                "description": "",
                "kibanaSavedObjectMeta": {
                    "searchSourceJSON": "{\"query\": {\"query\": \"\", \"language\": \"kuery\"}, \"filter\": []}"
                },
                "savedSearchId": "71908f00-88ca-11e7-ad9c-db80de0bf8d3-ecs",
                "title": "Top 10 HTTP requests [Packetbeat] ECS",
                "uiStateJSON": "{\"vis\": {\"params\": {\"sort\": {\"columnIndex\": null, \"direction\": null}}}}",
                "version": 1,
                "visState": "{\"type\": \"table\", \"params\": {\"showTotal\": false, \"showMetricsAtAllLevels\": false, \"showPartialRows\": false, \"perPage\": 10, \"totalFunc\": \"sum\", \"sort\": {\"columnIndex\": null, \"direction\": null}}, \"aggs\": [{\"type\": \"count\", \"id\": \"1\", \"schema\": \"metric\", \"params\": {}, \"enabled\": true}, {\"type\": \"terms\", \"id\": \"3\", \"schema\": \"bucket\", \"params\": {\"otherBucketLabel\": \"Other\", \"order\": \"desc\", \"field\": \"url.full\", \"missingBucketLabel\": \"Missing\", \"size\": 5, \"orderBy\": \"1\", \"otherBucket\": false, \"missingBucket\": false}, \"enabled\": true}], \"title\": \"Top 10 HTTP requests [Packetbeat] ECS\"}"
            },
            "id": "Top-10-HTTP-requests-ecs",
            "type": "visualization",
            "updated_at": "2019-01-18T23:49:26.207Z",
            "version": 1
        },
        {
            "attributes": {
                "columns": [
                    "_source"
                ],
                "description": "",
                "hits": 0,
                "kibanaSavedObjectMeta": {
                    "searchSourceJSON": "{\"query\": {\"query\": \"\", \"language\": \"kuery\"}, \"highlightAll\": true, \"filter\": [{\"query\": {\"match\": {\"network.protocol\": {\"type\": \"phrase\", \"query\": \"http\"}}}, \"meta\": {\"negate\": false, \"key\": \"network.protocol\", \"value\": \"http\", \"params\": {\"type\": \"phrase\", \"query\": \"http\"}, \"index\": \"packetbeat-*\", \"alias\": null, \"type\": \"phrase\", \"disabled\": false}, \"$state\": {\"store\": \"appState\"}}], \"index\": \"packetbeat-*\", \"version\": true}"
                },
                "sort": [
                    "@timestamp",
                    "desc"
                ],
                "title": "HTTP Transactions Search [Packetbeat] ECS",
                "version": 1
            },
            "id": "71908f00-88ca-11e7-ad9c-db80de0bf8d3-ecs",
            "type": "search",
            "updated_at": "2019-01-19T00:21:43.886Z",
            "version": 3
        },
        {
            "attributes": {
                "description": "",
                "hits": 0,
                "kibanaSavedObjectMeta": {
                    "searchSourceJSON": "{\"query\": {\"query\": \"\", \"language\": \"kuery\"}, \"highlightAll\": true, \"filter\": [], \"version\": true}"
                },
                "optionsJSON": "{\"darkTheme\": false}",
                "panelsJSON": "[{\"type\": \"visualization\", \"id\": \"Web-transactions-ecs\", \"panelIndex\": \"1\", \"version\": \"7.0.0-SNAPSHOT\", \"gridData\": {\"i\": \"1\", \"y\": 0, \"w\": 36, \"h\": 20, \"x\": 12}}, {\"type\": \"visualization\", \"id\": \"HTTP-error-codes-ecs\", \"panelIndex\": \"2\", \"version\": \"7.0.0-SNAPSHOT\", \"gridData\": {\"i\": \"2\", \"y\": 35, \"w\": 24, \"h\": 15, \"x\": 0}}, {\"type\": \"visualization\", \"id\": \"HTTP-error-codes-evolution-ecs\", \"panelIndex\": \"3\", \"version\": \"7.0.0-SNAPSHOT\", \"gridData\": {\"i\": \"3\", \"y\": 35, \"w\": 24, \"h\": 15, \"x\": 24}}, {\"type\": \"visualization\", \"id\": \"Navigation-ecs\", \"panelIndex\": \"4\", \"version\": \"7.0.0-SNAPSHOT\", \"gridData\": {\"i\": \"4\", \"y\": 0, \"w\": 12, \"h\": 20, \"x\": 0}}, {\"type\": \"visualization\", \"id\": \"Total-number-of-HTTP-transactions-ecs\", \"version\": \"7.0.0-SNAPSHOT\", \"embeddableConfig\": {\"vis\": {\"defaultColors\": {\"0 - 100\": \"rgb(0,104,55)\"}}}, \"panelIndex\": \"5\", \"gridData\": {\"i\": \"5\", \"y\": 20, \"w\": 12, \"h\": 15, \"x\": 0}}, {\"type\": \"visualization\", \"id\": \"HTTP-codes-for-the-top-queries-ecs\", \"panelIndex\": \"6\", \"version\": \"7.0.0-SNAPSHOT\", \"gridData\": {\"i\": \"6\", \"y\": 20, \"w\": 36, \"h\": 15, \"x\": 12}}, {\"type\": \"visualization\", \"id\": \"Top-10-HTTP-requests-ecs\", \"version\": \"7.0.0-SNAPSHOT\", \"embeddableConfig\": {\"vis\": {\"params\": {\"sort\": {\"columnIndex\": null, \"direction\": null}}}}, \"panelIndex\": \"7\", \"gridData\": {\"i\": \"7\", \"y\": 50, \"w\": 48, \"h\": 25, \"x\": 0}}]",
                "timeRestore": false,
                "title": "[Packetbeat] HTTP ECS",
                "version": 1
            },
            "id": "Packetbeat-HTTP-ecs",
            "type": "dashboard",
            "updated_at": "2019-01-18T23:49:26.207Z",
            "version": 1
        }
    ],
    "version": "7.0.0-SNAPSHOT"
}