{
    "objects": [
        {
            "attributes": {
                "description": "",
                "kibanaSavedObjectMeta": {
                    "searchSourceJSON": "{}"
                },
                "title": "Message Types over Time [Packetbeat DHCPv4] ECS",
                "uiStateJSON": "{}",
                "version": 1,
                "visState": "{\"type\": \"metrics\", \"params\": {\"time_field\": \"@timestamp\", \"filter\": \"type:dhcpv4\", \"ignore_global_filter\": 0, \"axis_formatter\": \"number\", \"axis_position\": \"left\", \"show_grid\": 1, \"background_color_rules\": [{\"id\": \"c2cf4410-8ba8-11e8-ae15-bdcba81344e6\"}], \"type\": \"timeseries\", \"id\": \"61ca57f0-469d-11e7-af02-69e470af7417\", \"drop_last_bucket\": 1, \"show_legend\": 1, \"series\": [{\"color\": \"#68BC00\", \"label\": \"Response\", \"split_mode\": \"terms\", \"axis_position\": \"right\", \"point_size\": 1, \"filter\": \"NOT dhcpv4.option.message_type:nak NOT dhcpv4.option.message_type:decline\", \"terms_field\": \"dhcpv4.option.message_type\", \"id\": \"8abe6eb0-8ba9-11e8-ae15-bdcba81344e6\", \"stacked\": \"none\", \"line_width\": 1, \"chart_type\": \"line\", \"formatter\": \"number\", \"seperate_axis\": 0, \"fill\": 0.5, \"metrics\": [{\"type\": \"count\", \"id\": \"8abe6eb1-8ba9-11e8-ae15-bdcba81344e6\"}]}, {\"color\": \"rgba(244,78,59,1)\", \"label\": \"nak\", \"split_mode\": \"everything\", \"axis_position\": \"right\", \"point_size\": \"3\", \"series_drop_last_bucket\": 0, \"filter\": \"dhcpv4.option.message_type:nak\", \"id\": \"ae5610d0-8ba9-11e8-ae15-bdcba81344e6\", \"stacked\": \"none\", \"line_width\": \"4\", \"chart_type\": \"line\", \"formatter\": \"number\", \"seperate_axis\": 0, \"fill\": 0.5, \"metrics\": [{\"type\": \"count\", \"id\": \"ae5610d1-8ba9-11e8-ae15-bdcba81344e6\"}]}, {\"color\": \"rgba(244,78,59,1)\", \"label\": \"decline\", \"split_mode\": \"everything\", \"axis_position\": \"right\", \"point_size\": \"3\", \"series_drop_last_bucket\": 0, \"filter\": \"dhcpv4.option.message_type:decline\", \"id\": \"cf7ba180-8ba9-11e8-ae15-bdcba81344e6\", \"stacked\": \"none\", \"line_width\": \"4\", \"chart_type\": \"line\", \"formatter\": \"number\", \"seperate_axis\": 0, \"fill\": 0.5, \"metrics\": [{\"type\": \"count\", \"id\": \"cf7ba181-8ba9-11e8-ae15-bdcba81344e6\"}]}], \"index_pattern\": \"packetbeat-*\", \"interval\": \"auto\"}, \"aggs\": [], \"title\": \"Message Types over Time [Packetbeat DHCPv4] ECS\"}"
            },
            "id": "8460fcd0-8baa-11e8-9676-ef67484126fb-ecs",
            "type": "visualization",
            "updated_at": "2019-01-18T23:49:22.006Z",
            "version": 1
        },
        {
            "attributes": {
                "description": "",
                "kibanaSavedObjectMeta": {
                    "searchSourceJSON": "{\"query\": {\"query\": \"dhcpv4.option.message_type:nak OR dhcpv4.option.message_type:decline\", \"language\": \"kuery\"}, \"filter\": []}"
                },
                "savedSearchId": "b8992150-8ba8-11e8-9676-ef67484126fb-ecs",
                "title": "NAK and Decline Count [Packetbeat DHCPv4] ECS",
                "uiStateJSON": "{}",
                "version": 1,
                "visState": "{\"type\": \"metric\", \"params\": {\"type\": \"metric\", \"metric\": {\"style\": {\"fontSize\": 57, \"labelColor\": false, \"subText\": \"\", \"bgColor\": false, \"bgFill\": \"#000\"}, \"colorSchema\": \"Green to Red\", \"invertColors\": false, \"colorsRange\": [{\"from\": 0, \"to\": 10000}], \"labels\": {\"show\": true}, \"percentageMode\": false, \"metricColorMode\": \"None\", \"useRanges\": false}, \"addTooltip\": true, \"addLegend\": false}, \"aggs\": [{\"type\": \"count\", \"id\": \"1\", \"schema\": \"metric\", \"params\": {}, \"enabled\": true}], \"title\": \"NAK and Decline Count [Packetbeat DHCPv4] ECS\"}"
            },
            "id": "4ad9db20-8bab-11e8-9676-ef67484126fb-ecs",
            "type": "visualization",
            "updated_at": "2019-01-18T23:49:22.006Z",
            "version": 1
        },
        {
            "attributes": {
                "description": "",
                "kibanaSavedObjectMeta": {
                    "searchSourceJSON": "{\"query\": {\"query\": \"\", \"language\": \"kuery\"}, \"filter\": []}"
                },
                "savedSearchId": "b8992150-8ba8-11e8-9676-ef67484126fb-ecs",
                "title": "Message Types [Packetbeat DHCPv4] ECS",
                "uiStateJSON": "{}",
                "version": 1,
                "visState": "{\"type\": \"pie\", \"params\": {\"type\": \"pie\", \"labels\": {\"show\": false, \"truncate\": 100, \"values\": true, \"last_level\": true}, \"legendPosition\": \"right\", \"isDonut\": true, \"addTooltip\": true, \"addLegend\": true}, \"aggs\": [{\"type\": \"count\", \"id\": \"1\", \"schema\": \"metric\", \"params\": {}, \"enabled\": true}, {\"type\": \"terms\", \"id\": \"3\", \"schema\": \"segment\", \"params\": {\"otherBucketLabel\": \"Other\", \"order\": \"desc\", \"field\": \"dhcpv4.op_code\", \"missingBucketLabel\": \"Missing\", \"orderBy\": \"1\", \"size\": 5, \"customLabel\": \"Op Code\", \"otherBucket\": false, \"missingBucket\": false}, \"enabled\": true}, {\"type\": \"terms\", \"id\": \"2\", \"schema\": \"segment\", \"params\": {\"otherBucketLabel\": \"Other\", \"order\": \"desc\", \"field\": \"dhcpv4.option.message_type\", \"missingBucketLabel\": \"Missing\", \"orderBy\": \"1\", \"size\": 5, \"customLabel\": \"Message Type\", \"otherBucket\": false, \"missingBucket\": false}, \"enabled\": true}], \"title\": \"Message Types [Packetbeat DHCPv4] ECS\"}"
            },
            "id": "418dfbe0-8bac-11e8-9676-ef67484126fb-ecs",
            "type": "visualization",
            "updated_at": "2019-01-18T23:49:22.006Z",
            "version": 1
        },
        {
            "attributes": {
                "columns": [
                    "dhcpv4.transaction_id",
                    "dhcpv4.op_code",
                    "dhcpv4.option.message_type",
                    "source.ip",
                    "destination.ip",
                    "dhcpv4.client_mac",
                    "dhcpv4.option.hostname",
                    "dhcpv4.option.class_identifier"
                ],
                "description": "",
                "hits": 0,
                "kibanaSavedObjectMeta": {
                    "searchSourceJSON": "{\"query\": {\"query\": \"\", \"language\": \"kuery\"}, \"highlightAll\": true, \"filter\": [{\"query\": {\"match\": {\"event.dataset\": {\"type\": \"phrase\", \"query\": \"dhcpv4\"}}}, \"meta\": {\"negate\": false, \"key\": \"event.dataset\", \"value\": \"dhcpv4\", \"params\": {\"type\": \"phrase\", \"query\": \"dhcpv4\"}, \"index\": \"packetbeat-*\", \"alias\": null, \"type\": \"phrase\", \"disabled\": false}, \"$state\": {\"store\": \"appState\"}}], \"index\": \"packetbeat-*\", \"version\": true}"
                },
                "sort": [
                    "@timestamp",
                    "desc"
                ],
                "title": "DHCPv4 [Packetbeat] ECS",
                "version": 1
            },
            "id": "b8992150-8ba8-11e8-9676-ef67484126fb-ecs",
            "type": "search",
            "updated_at": "2019-01-18T23:49:22.006Z",
            "version": 1
        },
        {
            "attributes": {
                "description": "",
                "kibanaSavedObjectMeta": {
                    "searchSourceJSON": "{\"query\": {\"query\": \"\", \"language\": \"kuery\"}, \"filter\": []}"
                },
                "savedSearchId": "b8992150-8ba8-11e8-9676-ef67484126fb-ecs",
                "title": "Transaction Count [Packetbeat DHCPv4] ECS",
                "uiStateJSON": "{}",
                "version": 1,
                "visState": "{\"type\": \"metric\", \"params\": {\"type\": \"metric\", \"metric\": {\"style\": {\"fontSize\": 60, \"labelColor\": false, \"subText\": \"\", \"bgColor\": false, \"bgFill\": \"#000\"}, \"colorSchema\": \"Green to Red\", \"invertColors\": false, \"colorsRange\": [{\"from\": 0, \"to\": 10000}], \"labels\": {\"show\": true}, \"percentageMode\": false, \"metricColorMode\": \"None\", \"useRanges\": false}, \"addTooltip\": true, \"addLegend\": false}, \"aggs\": [{\"type\": \"cardinality\", \"id\": \"1\", \"schema\": \"metric\", \"params\": {\"field\": \"dhcpv4.transaction_id\", \"customLabel\": \"Unique Transactions\"}, \"enabled\": true}], \"title\": \"Transaction Count [Packetbeat DHCPv4] ECS\"}"
            },
            "id": "d0120dc0-8bac-11e8-9676-ef67484126fb-ecs",
            "type": "visualization",
            "updated_at": "2019-01-18T23:49:22.006Z",
            "version": 1
        },
        {
            "attributes": {
                "description": "",
                "kibanaSavedObjectMeta": {
                    "searchSourceJSON": "{\"query\": {\"query\": \"\", \"language\": \"kuery\"}, \"filter\": []}"
                },
                "savedSearchId": "b8992150-8ba8-11e8-9676-ef67484126fb-ecs",
                "title": "Client Count [Packetbeat DHCPv4] ECS",
                "uiStateJSON": "{}",
                "version": 1,
                "visState": "{\"type\": \"metric\", \"params\": {\"type\": \"metric\", \"metric\": {\"style\": {\"fontSize\": 60, \"labelColor\": false, \"subText\": \"\", \"bgColor\": false, \"bgFill\": \"#000\"}, \"colorSchema\": \"Green to Red\", \"invertColors\": false, \"colorsRange\": [{\"from\": 0, \"to\": 10000}], \"labels\": {\"show\": true}, \"percentageMode\": false, \"metricColorMode\": \"None\", \"useRanges\": false}, \"addTooltip\": true, \"addLegend\": false}, \"aggs\": [{\"type\": \"cardinality\", \"id\": \"1\", \"schema\": \"metric\", \"params\": {\"field\": \"dhcpv4.client_mac\", \"customLabel\": \"Unique MACs\"}, \"enabled\": true}], \"title\": \"Client Count [Packetbeat DHCPv4] ECS\"}"
            },
            "id": "11d33ea0-8bad-11e8-9676-ef67484126fb-ecs",
            "type": "visualization",
            "updated_at": "2019-01-18T23:49:22.006Z",
            "version": 1
        },
        {
            "attributes": {
                "description": "",
                "kibanaSavedObjectMeta": {
                    "searchSourceJSON": "{\"query\": {\"query\": \"\", \"language\": \"kuery\"}, \"filter\": []}"
                },
                "savedSearchId": "b8992150-8ba8-11e8-9676-ef67484126fb-ecs",
                "title": "Data Transfer [Packetbeat DHCPv4] ECS",
                "uiStateJSON": "{}",
                "version": 1,
                "visState": "{\"type\": \"metric\", \"params\": {\"type\": \"metric\", \"metric\": {\"style\": {\"fontSize\": 24, \"labelColor\": false, \"subText\": \"\", \"bgColor\": false, \"bgFill\": \"#000\"}, \"colorSchema\": \"Green to Red\", \"invertColors\": false, \"colorsRange\": [{\"from\": 0, \"to\": 10000}], \"labels\": {\"show\": true}, \"percentageMode\": false, \"metricColorMode\": \"None\", \"useRanges\": false}, \"addTooltip\": true, \"addLegend\": false}, \"aggs\": [{\"type\": \"sum\", \"id\": \"1\", \"schema\": \"metric\", \"params\": {\"field\": \"client.bytes\", \"customLabel\": \"Requests\"}, \"enabled\": true}, {\"type\": \"sum\", \"id\": \"2\", \"schema\": \"metric\", \"params\": {\"field\": \"server.bytes\", \"customLabel\": \"Responses\"}, \"enabled\": true}], \"title\": \"Data Transfer [Packetbeat DHCPv4] ECS\"}"
            },
            "id": "f43a8f20-8bb5-11e8-9676-ef67484126fb-ecs",
            "type": "visualization",
            "updated_at": "2019-01-18T23:49:22.006Z",
            "version": 1
        },
        {
            "attributes": {
                "description": "DHCPv4 Overview",
                "hits": 0,
                "kibanaSavedObjectMeta": {
                    "searchSourceJSON": "{\"query\": {\"query\": \"\", \"language\": \"kuery\"}, \"highlightAll\": true, \"filter\": [], \"version\": true}"
                },
                "optionsJSON": "{\"hidePanelTitles\": false, \"useMargins\": true, \"darkTheme\": false}",
                "panelsJSON": "[{\"type\": \"visualization\", \"id\": \"8460fcd0-8baa-11e8-9676-ef67484126fb-ecs\", \"version\": \"6.3.0\", \"embeddableConfig\": {}, \"panelIndex\": \"1\", \"gridData\": {\"i\": \"1\", \"y\": 7, \"w\": 48, \"h\": 9, \"x\": 0}}, {\"type\": \"visualization\", \"id\": \"4ad9db20-8bab-11e8-9676-ef67484126fb-ecs\", \"version\": \"6.3.0\", \"embeddableConfig\": {}, \"panelIndex\": \"2\", \"gridData\": {\"i\": \"2\", \"y\": 0, \"w\": 8, \"h\": 7, \"x\": 0}}, {\"type\": \"visualization\", \"id\": \"418dfbe0-8bac-11e8-9676-ef67484126fb-ecs\", \"version\": \"6.3.0\", \"embeddableConfig\": {}, \"panelIndex\": \"3\", \"gridData\": {\"i\": \"3\", \"y\": 0, \"w\": 11, \"h\": 7, \"x\": 37}}, {\"type\": \"search\", \"id\": \"b8992150-8ba8-11e8-9676-ef67484126fb-ecs\", \"version\": \"6.3.0\", \"embeddableConfig\": {}, \"panelIndex\": \"5\", \"gridData\": {\"i\": \"5\", \"y\": 16, \"w\": 48, \"h\": 14, \"x\": 0}}, {\"type\": \"visualization\", \"id\": \"d0120dc0-8bac-11e8-9676-ef67484126fb-ecs\", \"version\": \"6.3.0\", \"embeddableConfig\": {}, \"panelIndex\": \"6\", \"gridData\": {\"i\": \"6\", \"y\": 0, \"w\": 8, \"h\": 7, \"x\": 8}}, {\"type\": \"visualization\", \"id\": \"11d33ea0-8bad-11e8-9676-ef67484126fb-ecs\", \"version\": \"6.3.0\", \"embeddableConfig\": {}, \"panelIndex\": \"7\", \"gridData\": {\"i\": \"7\", \"y\": 0, \"w\": 8, \"h\": 7, \"x\": 16}}, {\"type\": \"visualization\", \"id\": \"f43a8f20-8bb5-11e8-9676-ef67484126fb-ecs\", \"version\": \"6.3.0\", \"embeddableConfig\": {}, \"panelIndex\": \"8\", \"gridData\": {\"i\": \"8\", \"y\": 0, \"w\": 13, \"h\": 7, \"x\": 24}}]",
                "timeRestore": false,
                "title": "[Packetbeat] DHCPv4 ECS",
                "version": 1
            },
            "id": "a7b35890-8baa-11e8-9676-ef67484126fb-ecs",
            "type": "dashboard",
            "updated_at": "2019-01-18T23:49:22.006Z",
            "version": 1
        }
    ],
    "version": "7.0.0-SNAPSHOT"
}