{
    "objects": [
        {
            "attributes": {
                "description": "",
                "kibanaSavedObjectMeta": {
                    "searchSourceJSON": "{\"query\": {\"query\": \"\", \"language\": \"kuery\"}, \"filter\": []}"
                },
                "title": "Navigation [Packetbeat] ECS",
                "uiStateJSON": "{}",
                "version": 1,
                "visState": "{\"type\": \"markdown\", \"params\": {\"fontSize\": 10, \"openLinksInNewTab\": false, \"markdown\": \"### Packetbeat:\\n\\n[Overview](#/dashboard/Packetbeat-Dashboard-ecs)\\n\\n[Network Flows](#/dashboard/Packetbeat-Flows-ecs)\\n\\n[DNS Overview](#/dashboard/65120940-1454-11e9-9de0-f98d1808db8e-ecs) | [Tunneling](#/dashboard/DNS-Unique-Domains-ecs)\\n\\n[DHCPv4 Transactions](#/dashboard/a7b35890-8baa-11e8-9676-ef67484126fb-ecs)\\n\\n[TLS Overview](#/dashboard/tls-sessions-ecs)\\n\\n[HTTP transactions](#/dashboard/Packetbeat-HTTP-ecs)\\n\\nDatabases: [MySQL](#/dashboard/Packetbeat-MySQL-performance-ecs) | [PostgreSQL](#/dashboard/Packetbeat-PgSQL-performance-ecs) | [MongoDB](#/dashboard/Packetbeat-MongoDB-performance-ecs) | [Cassandra](#/dashboard/Packetbeat-Cassandra-ecs)\\n\\nRPC: [Thrift](#/dashboard/Packetbeat-Thrift-performance-ecs)\\n\\nStorage: [NFS](#/dashboard/Packetbeat-NFS-ecs)\"}, \"aggs\": [], \"title\": \"Navigation [Packetbeat] ECS\"}"
            },
            "id": "Navigation-ecs",
            "type": "visualization",
            "updated_at": "2019-01-19T00:18:59.372Z",
            "version": 11
        },
        {
            "attributes": {
                "description": "",
                "kibanaSavedObjectMeta": {
                    "searchSourceJSON": "{\"query\": {\"query\": \"\", \"language\": \"kuery\"}, \"filter\": []}"
                },
                "savedSearchId": "PgSQL-errors-ecs",
                "title": "PgSQL Errors [Packetbeat] ECS",
                "uiStateJSON": "{}",
                "version": 1,
                "visState": "{\"type\": \"area\", \"params\": {\"interpolate\": \"linear\", \"defaultYExtents\": false, \"seriesParams\": [{\"interpolate\": \"linear\", \"show\": \"true\", \"mode\": \"stacked\", \"valueAxis\": \"ValueAxis-1\", \"type\": \"area\", \"data\": {\"id\": \"1\", \"label\": \"Count\"}}], \"smoothLines\": false, \"addTimeMarker\": false, \"setYExtents\": false, \"legendPosition\": \"right\", \"shareYAxis\": true, \"addLegend\": false, \"type\": \"area\", \"yAxis\": {}, \"times\": [], \"grid\": {\"style\": {\"color\": \"#eee\"}, \"categoryLines\": false}, \"valueAxes\": [{\"show\": true, \"id\": \"ValueAxis-1\", \"position\": \"left\", \"title\": {\"text\": \"Count\"}, \"labels\": {\"show\": true, \"truncate\": 100, \"filter\": false, \"rotate\": 0}, \"style\": {}, \"scale\": {\"type\": \"linear\", \"mode\": \"normal\", \"defaultYExtents\": false, \"setYExtents\": false}, \"name\": \"LeftAxis-1\", \"type\": \"value\"}], \"scale\": \"linear\", \"mode\": \"stacked\", \"addTooltip\": true, \"categoryAxes\": [{\"show\": true, \"id\": \"CategoryAxis-1\", \"position\": \"bottom\", \"title\": {}, \"labels\": {\"show\": true, \"truncate\": 100}, \"scale\": {\"type\": \"linear\"}, \"style\": {}, \"type\": \"category\"}]}, \"aggs\": [{\"type\": \"count\", \"id\": \"1\", \"schema\": \"metric\", \"params\": {}, \"enabled\": true}, {\"type\": \"date_histogram\", \"id\": \"2\", \"schema\": \"segment\", \"params\": {\"field\": \"@timestamp\", \"interval\": \"auto\", \"useNormalizedEsInterval\": true, \"drop_partials\": false, \"customInterval\": \"2h\", \"extended_bounds\": {}, \"min_doc_count\": 1}, \"enabled\": true}], \"title\": \"PgSQL Errors [Packetbeat] ECS\"}"
            },
            "id": "PgSQL-Errors-ecs",
            "type": "visualization",
            "updated_at": "2019-01-18T23:49:31.386Z",
            "version": 1
        },
        {
            "attributes": {
                "description": "",
                "kibanaSavedObjectMeta": {
                    "searchSourceJSON": "{\"query\": {\"query\": \"\", \"language\": \"kuery\"}, \"filter\": []}"
                },
                "savedSearchId": "PgSQL-transactions-ecs",
                "title": "PgSQL Methods [Packetbeat] ECS",
                "uiStateJSON": "{}",
                "version": 1,
                "visState": "{\"type\": \"area\", \"params\": {\"interpolate\": \"linear\", \"defaultYExtents\": false, \"seriesParams\": [{\"interpolate\": \"linear\", \"show\": \"true\", \"mode\": \"stacked\", \"valueAxis\": \"ValueAxis-1\", \"type\": \"area\", \"data\": {\"id\": \"1\", \"label\": \"Count\"}}], \"smoothLines\": false, \"addTimeMarker\": false, \"setYExtents\": false, \"legendPosition\": \"right\", \"shareYAxis\": true, \"addLegend\": true, \"type\": \"area\", \"yAxis\": {}, \"times\": [], \"grid\": {\"style\": {\"color\": \"#eee\"}, \"categoryLines\": false}, \"valueAxes\": [{\"show\": true, \"id\": \"ValueAxis-1\", \"position\": \"left\", \"title\": {\"text\": \"Count\"}, \"labels\": {\"show\": true, \"truncate\": 100, \"filter\": false, \"rotate\": 0}, \"style\": {}, \"scale\": {\"type\": \"linear\", \"mode\": \"wiggle\", \"defaultYExtents\": false, \"setYExtents\": false}, \"name\": \"LeftAxis-1\", \"type\": \"value\"}], \"scale\": \"linear\", \"mode\": \"wiggle\", \"addTooltip\": true, \"categoryAxes\": [{\"show\": true, \"id\": \"CategoryAxis-1\", \"position\": \"bottom\", \"title\": {}, \"labels\": {\"show\": true, \"truncate\": 100}, \"scale\": {\"type\": \"linear\"}, \"style\": {}, \"type\": \"category\"}]}, \"aggs\": [{\"type\": \"count\", \"id\": \"1\", \"schema\": \"metric\", \"params\": {}, \"enabled\": true}, {\"type\": \"date_histogram\", \"id\": \"2\", \"schema\": \"segment\", \"params\": {\"field\": \"@timestamp\", \"interval\": \"auto\", \"useNormalizedEsInterval\": true, \"drop_partials\": false, \"customInterval\": \"2h\", \"extended_bounds\": {}, \"min_doc_count\": 1}, \"enabled\": true}, {\"type\": \"terms\", \"id\": \"3\", \"schema\": \"group\", \"params\": {\"otherBucketLabel\": \"Other\", \"order\": \"desc\", \"field\": \"method\", \"missingBucketLabel\": \"Missing\", \"size\": 5, \"orderBy\": \"1\", \"otherBucket\": false, \"missingBucket\": false}, \"enabled\": true}], \"title\": \"PgSQL Methods [Packetbeat] ECS\"}"
            },
            "id": "PgSQL-Methods-ecs",
            "type": "visualization",
            "updated_at": "2019-01-18T23:49:31.386Z",
            "version": 1
        },
        {
            "attributes": {
                "description": "",
                "kibanaSavedObjectMeta": {
                    "searchSourceJSON": "{\"query\": {\"query\": \"\", \"language\": \"kuery\"}, \"filter\": []}"
                },
                "savedSearchId": "PgSQL-transactions-ecs",
                "title": "PgSQL response times percentiles [Packetbeat] ECS",
                "uiStateJSON": "{}",
                "version": 1,
                "visState": "{\"type\": \"line\", \"params\": {\"seriesParams\": [{\"show\": \"true\", \"type\": \"line\", \"mode\": \"normal\", \"valueAxis\": \"ValueAxis-1\", \"data\": {\"id\": \"1\", \"label\": \"Percentiles of event.duration\"}}], \"addTimeMarker\": false, \"shareYAxis\": true, \"legendPosition\": \"right\", \"addLegend\": true, \"type\": \"line\", \"times\": [], \"grid\": {\"style\": {\"color\": \"#eee\"}, \"categoryLines\": false}, \"valueAxes\": [{\"show\": true, \"id\": \"ValueAxis-1\", \"position\": \"left\", \"title\": {\"text\": \"Percentiles of event.duration\"}, \"labels\": {\"show\": true, \"truncate\": 100, \"filter\": false, \"rotate\": 0}, \"style\": {}, \"scale\": {\"type\": \"linear\", \"mode\": \"normal\", \"defaultYExtents\": false, \"setYExtents\": false}, \"name\": \"LeftAxis-1\", \"type\": \"value\"}], \"defaultYExtents\": false, \"addTooltip\": true, \"categoryAxes\": [{\"show\": true, \"id\": \"CategoryAxis-1\", \"position\": \"bottom\", \"title\": {}, \"labels\": {\"show\": true, \"truncate\": 100}, \"scale\": {\"type\": \"linear\"}, \"style\": {}, \"type\": \"category\"}]}, \"aggs\": [{\"type\": \"percentiles\", \"id\": \"1\", \"schema\": \"metric\", \"params\": {\"field\": \"event.duration\", \"percents\": [75, 99, 99.5]}, \"enabled\": true}, {\"type\": \"date_histogram\", \"id\": \"2\", \"schema\": \"segment\", \"params\": {\"field\": \"@timestamp\", \"interval\": \"auto\", \"useNormalizedEsInterval\": true, \"drop_partials\": false, \"customInterval\": \"2h\", \"extended_bounds\": {}, \"min_doc_count\": 1}, \"enabled\": true}], \"title\": \"PgSQL response times percentiles [Packetbeat] ECS\"}"
            },
            "id": "PgSQL-response-times-percentiles-ecs",
            "type": "visualization",
            "updated_at": "2019-01-18T23:49:31.386Z",
            "version": 1
        },
        {
            "attributes": {
                "description": "",
                "kibanaSavedObjectMeta": {
                    "searchSourceJSON": "{\"query\": {\"query\": \"\", \"language\": \"kuery\"}, \"filter\": []}"
                },
                "savedSearchId": "PgSQL-transactions-ecs",
                "title": "PgSQL Throughput [Packetbeat] ECS",
                "uiStateJSON": "{}",
                "version": 1,
                "visState": "{\"type\": \"line\", \"params\": {\"seriesParams\": [{\"show\": \"true\", \"type\": \"line\", \"mode\": \"normal\", \"valueAxis\": \"ValueAxis-1\", \"data\": {\"id\": \"1\", \"label\": \"Sum of destination.bytes\"}}, {\"show\": true, \"type\": \"line\", \"mode\": \"normal\", \"valueAxis\": \"ValueAxis-1\", \"data\": {\"id\": \"2\", \"label\": \"Sum of source.bytes\"}}], \"addTimeMarker\": false, \"shareYAxis\": true, \"legendPosition\": \"right\", \"addLegend\": true, \"type\": \"line\", \"times\": [], \"grid\": {\"style\": {\"color\": \"#eee\"}, \"categoryLines\": false}, \"valueAxes\": [{\"show\": true, \"id\": \"ValueAxis-1\", \"position\": \"left\", \"title\": {\"text\": \"Count\"}, \"labels\": {\"show\": true, \"truncate\": 100, \"filter\": false, \"rotate\": 0}, \"style\": {}, \"scale\": {\"type\": \"linear\", \"mode\": \"normal\", \"defaultYExtents\": false, \"setYExtents\": false}, \"name\": \"LeftAxis-1\", \"type\": \"value\"}], \"defaultYExtents\": false, \"addTooltip\": true, \"categoryAxes\": [{\"show\": true, \"id\": \"CategoryAxis-1\", \"position\": \"bottom\", \"title\": {}, \"labels\": {\"show\": true, \"truncate\": 100}, \"scale\": {\"type\": \"linear\"}, \"style\": {}, \"type\": \"category\"}]}, \"aggs\": [{\"type\": \"sum\", \"id\": \"1\", \"schema\": \"metric\", \"params\": {\"field\": \"destination.bytes\"}, \"enabled\": true}, {\"type\": \"sum\", \"id\": \"2\", \"schema\": \"metric\", \"params\": {\"field\": \"source.bytes\"}, \"enabled\": true}, {\"type\": \"date_histogram\", \"id\": \"3\", \"schema\": \"segment\", \"params\": {\"field\": \"@timestamp\", \"interval\": \"auto\", \"useNormalizedEsInterval\": true, \"drop_partials\": false, \"customInterval\": \"2h\", \"extended_bounds\": {}, \"min_doc_count\": 1}, \"enabled\": true}], \"title\": \"PgSQL Throughput [Packetbeat] ECS\"}"
            },
            "id": "PgSQL-throughput-ecs",
            "type": "visualization",
            "updated_at": "2019-01-18T23:49:31.386Z",
            "version": 1
        },
        {
            "attributes": {
                "description": "",
                "kibanaSavedObjectMeta": {
                    "searchSourceJSON": "{\"query\": {\"query\": \"\", \"language\": \"kuery\"}, \"filter\": []}"
                },
                "savedSearchId": "PgSQL-transactions-ecs",
                "title": "PgSQL Reads vs Writes [Packetbeat] ECS",
                "uiStateJSON": "{}",
                "version": 1,
                "visState": "{\"type\": \"area\", \"params\": {\"interpolate\": \"linear\", \"defaultYExtents\": false, \"seriesParams\": [{\"interpolate\": \"linear\", \"show\": \"true\", \"valueAxis\": \"ValueAxis-1\", \"drawLinesBetweenPoints\": true, \"mode\": \"stacked\", \"showCircles\": true, \"type\": \"area\", \"data\": {\"id\": \"1\", \"label\": \"Count\"}}], \"smoothLines\": false, \"addTimeMarker\": false, \"setYExtents\": false, \"legendPosition\": \"right\", \"shareYAxis\": true, \"addLegend\": true, \"type\": \"area\", \"yAxis\": {}, \"times\": [], \"grid\": {\"style\": {\"color\": \"#eee\"}, \"categoryLines\": false}, \"valueAxes\": [{\"show\": true, \"id\": \"ValueAxis-1\", \"position\": \"left\", \"title\": {\"text\": \"Count\"}, \"labels\": {\"show\": true, \"truncate\": 100, \"filter\": false, \"rotate\": 0}, \"style\": {}, \"scale\": {\"type\": \"linear\", \"mode\": \"normal\"}, \"name\": \"LeftAxis-1\", \"type\": \"value\"}], \"scale\": \"linear\", \"mode\": \"stacked\", \"addTooltip\": true, \"categoryAxes\": [{\"show\": true, \"id\": \"CategoryAxis-1\", \"position\": \"bottom\", \"title\": {\"text\": \"@timestamp per 30 seconds\"}, \"labels\": {\"show\": true, \"truncate\": 100}, \"scale\": {\"type\": \"linear\"}, \"style\": {}, \"type\": \"category\"}]}, \"aggs\": [{\"type\": \"count\", \"id\": \"1\", \"schema\": \"metric\", \"params\": {}, \"enabled\": true}, {\"type\": \"date_histogram\", \"id\": \"2\", \"schema\": \"segment\", \"params\": {\"field\": \"@timestamp\", \"interval\": \"auto\", \"useNormalizedEsInterval\": true, \"drop_partials\": false, \"customInterval\": \"2h\", \"extended_bounds\": {}, \"min_doc_count\": 1}, \"enabled\": true}, {\"type\": \"filters\", \"id\": \"3\", \"schema\": \"group\", \"params\": {\"filters\": [{\"input\": {\"query\": \"method: SELECT\"}}, {\"input\": {\"query\": \"method: INSERT OR method: UPDATE OR method: DELETE\"}}]}, \"enabled\": true}], \"title\": \"PgSQL Reads vs Writes [Packetbeat] ECS\"}"
            },
            "id": "PgSQL-Reads-vs-Writes-ecs",
            "type": "visualization",
            "updated_at": "2019-01-18T23:49:31.386Z",
            "version": 1
        },
        {
            "attributes": {
                "description": "",
                "kibanaSavedObjectMeta": {
                    "searchSourceJSON": "{\"query\": {\"query\": \"\", \"language\": \"kuery\"}, \"filter\": []}"
                },
                "savedSearchId": "PgSQL-transactions-ecs",
                "title": "Most frequent PgSQL queries [Packetbeat] ECS",
                "uiStateJSON": "{\"vis\": {\"params\": {\"sort\": {\"columnIndex\": null, \"direction\": null}}}}",
                "version": 1,
                "visState": "{\"type\": \"table\", \"params\": {\"showTotal\": false, \"showMetricsAtAllLevels\": false, \"showPartialRows\": false, \"perPage\": 10, \"totalFunc\": \"sum\", \"sort\": {\"columnIndex\": null, \"direction\": null}}, \"aggs\": [{\"type\": \"count\", \"id\": \"1\", \"schema\": \"metric\", \"params\": {}, \"enabled\": true}, {\"type\": \"terms\", \"id\": \"2\", \"schema\": \"bucket\", \"params\": {\"otherBucketLabel\": \"Other\", \"order\": \"desc\", \"field\": \"query\", \"missingBucketLabel\": \"Missing\", \"size\": 10, \"orderBy\": \"1\", \"otherBucket\": false, \"missingBucket\": false}, \"enabled\": true}], \"title\": \"Most frequent PgSQL queries [Packetbeat] ECS\"}"
            },
            "id": "Most-frequent-PgSQL-queries-ecs",
            "type": "visualization",
            "updated_at": "2019-01-18T23:49:31.386Z",
            "version": 1
        },
        {
            "attributes": {
                "description": "",
                "kibanaSavedObjectMeta": {
                    "searchSourceJSON": "{\"query\": {\"query\": \"\", \"language\": \"kuery\"}, \"filter\": []}"
                },
                "savedSearchId": "PgSQL-transactions-ecs",
                "title": "Slowest PgSQL Queries [Packetbeat] ECS",
                "uiStateJSON": "{\"vis\": {\"params\": {\"sort\": {\"columnIndex\": null, \"direction\": null}}}}",
                "version": 1,
                "visState": "{\"type\": \"table\", \"params\": {\"showTotal\": false, \"showMetricsAtAllLevels\": false, \"showPartialRows\": false, \"perPage\": 10, \"totalFunc\": \"sum\", \"sort\": {\"columnIndex\": null, \"direction\": null}}, \"aggs\": [{\"type\": \"avg\", \"id\": \"1\", \"schema\": \"metric\", \"params\": {\"field\": \"event.duration\", \"customLabel\": \"Average Response Time (ns)\"}, \"enabled\": true}, {\"type\": \"terms\", \"id\": \"2\", \"schema\": \"bucket\", \"params\": {\"otherBucketLabel\": \"Other\", \"order\": \"desc\", \"field\": \"query\", \"missingBucketLabel\": \"Missing\", \"size\": 10, \"orderBy\": \"1\", \"otherBucket\": false, \"missingBucket\": false}, \"enabled\": true}], \"title\": \"Slowest PgSQL Queries [Packetbeat] ECS\"}"
            },
            "id": "Slowest-PgSQL-queries-ecs",
            "type": "visualization",
            "updated_at": "2019-01-18T23:49:31.386Z",
            "version": 1
        },
        {
            "attributes": {
                "columns": [
                    "method",
                    "type",
                    "path",
                    "event.duration",
                    "status"
                ],
                "description": "",
                "hits": 0,
                "kibanaSavedObjectMeta": {
                    "searchSourceJSON": "{\"query\": {\"query\": \"\", \"language\": \"kuery\"}, \"filter\": [{\"query\": {\"match\": {\"status\": {\"type\": \"phrase\", \"query\": \"OK\"}}}, \"meta\": {\"negate\": true, \"key\": \"status\", \"value\": \"OK\", \"params\": {\"type\": \"phrase\", \"query\": \"OK\"}, \"index\": \"packetbeat-*\", \"alias\": null, \"type\": \"phrase\", \"disabled\": false}, \"$state\": {\"store\": \"appState\"}}, {\"query\": {\"match\": {\"event.dataset\": {\"type\": \"phrase\", \"query\": \"pgsql\"}}}, \"meta\": {\"negate\": false, \"key\": \"event.dataset\", \"value\": \"pgsql\", \"params\": {\"type\": \"phrase\", \"query\": \"pgsql\"}, \"index\": \"packetbeat-*\", \"alias\": null, \"type\": \"phrase\", \"disabled\": false}, \"$state\": {\"store\": \"appState\"}}], \"version\": true, \"highlightAll\": true, \"highlight\": {\"pre_tags\": [\"@kibana-highlighted-field@\"], \"fields\": {\"*\": {}}, \"post_tags\": [\"@/kibana-highlighted-field@\"]}, \"index\": \"packetbeat-*\"}"
                },
                "sort": [
                    "@timestamp",
                    "desc"
                ],
                "title": "PgSQL Errors Search [Packetbeat] ECS",
                "version": 1
            },
            "id": "PgSQL-errors-ecs",
            "type": "search",
            "updated_at": "2019-01-18T23:49:31.386Z",
            "version": 1
        },
        {
            "attributes": {
                "columns": [
                    "method",
                    "type",
                    "path",
                    "event.duration",
                    "status"
                ],
                "description": "",
                "hits": 0,
                "kibanaSavedObjectMeta": {
                    "searchSourceJSON": "{\"query\": {\"query\": \"\", \"language\": \"kuery\"}, \"filter\": [{\"query\": {\"match\": {\"event.dataset\": {\"type\": \"phrase\", \"query\": \"pgsql\"}}}, \"meta\": {\"negate\": false, \"key\": \"event.dataset\", \"value\": \"pgsql\", \"params\": {\"type\": \"phrase\", \"query\": \"pgsql\"}, \"index\": \"packetbeat-*\", \"alias\": null, \"type\": \"phrase\", \"disabled\": false}, \"$state\": {\"store\": \"appState\"}}], \"version\": true, \"highlightAll\": true, \"highlight\": {\"pre_tags\": [\"@kibana-highlighted-field@\"], \"fields\": {\"*\": {}}, \"post_tags\": [\"@/kibana-highlighted-field@\"]}, \"index\": \"packetbeat-*\"}"
                },
                "sort": [
                    "@timestamp",
                    "desc"
                ],
                "title": "PgSQL Transactions [Packetbeat] ECS",
                "version": 1
            },
            "id": "PgSQL-transactions-ecs",
            "type": "search",
            "updated_at": "2019-01-18T23:49:31.386Z",
            "version": 1
        },
        {
            "attributes": {
                "description": "Postgres database query performance.",
                "hits": 0,
                "kibanaSavedObjectMeta": {
                    "searchSourceJSON": "{\"query\": {\"query\": \"\", \"language\": \"kuery\"}, \"highlightAll\": true, \"filter\": [], \"version\": true}"
                },
                "optionsJSON": "{\"darkTheme\": false}",
                "panelsJSON": "[{\"type\": \"visualization\", \"id\": \"Navigation-ecs\", \"panelIndex\": \"1\", \"version\": \"7.0.0-SNAPSHOT\", \"gridData\": {\"i\": \"1\", \"y\": 0, \"w\": 12, \"h\": 20, \"x\": 0}}, {\"type\": \"visualization\", \"id\": \"PgSQL-Errors-ecs\", \"panelIndex\": \"2\", \"version\": \"7.0.0-SNAPSHOT\", \"gridData\": {\"i\": \"2\", \"y\": 0, \"w\": 20, \"h\": 20, \"x\": 12}}, {\"type\": \"visualization\", \"id\": \"PgSQL-Methods-ecs\", \"panelIndex\": \"3\", \"version\": \"7.0.0-SNAPSHOT\", \"gridData\": {\"i\": \"3\", \"y\": 0, \"w\": 16, \"h\": 20, \"x\": 32}}, {\"type\": \"visualization\", \"id\": \"PgSQL-response-times-percentiles-ecs\", \"panelIndex\": \"4\", \"version\": \"7.0.0-SNAPSHOT\", \"gridData\": {\"i\": \"4\", \"y\": 20, \"w\": 48, \"h\": 15, \"x\": 0}}, {\"type\": \"visualization\", \"id\": \"PgSQL-throughput-ecs\", \"panelIndex\": \"5\", \"version\": \"7.0.0-SNAPSHOT\", \"gridData\": {\"i\": \"5\", \"y\": 35, \"w\": 24, \"h\": 15, \"x\": 24}}, {\"type\": \"visualization\", \"id\": \"PgSQL-Reads-vs-Writes-ecs\", \"panelIndex\": \"6\", \"version\": \"7.0.0-SNAPSHOT\", \"gridData\": {\"i\": \"6\", \"y\": 35, \"w\": 24, \"h\": 15, \"x\": 0}}, {\"type\": \"visualization\", \"id\": \"Most-frequent-PgSQL-queries-ecs\", \"version\": \"7.0.0-SNAPSHOT\", \"embeddableConfig\": {\"vis\": {\"params\": {\"sort\": {\"columnIndex\": null, \"direction\": null}}}}, \"panelIndex\": \"7\", \"gridData\": {\"i\": \"7\", \"y\": 50, \"w\": 24, \"h\": 30, \"x\": 0}}, {\"type\": \"visualization\", \"id\": \"Slowest-PgSQL-queries-ecs\", \"version\": \"7.0.0-SNAPSHOT\", \"embeddableConfig\": {\"vis\": {\"params\": {\"sort\": {\"columnIndex\": null, \"direction\": null}}}}, \"panelIndex\": \"8\", \"gridData\": {\"i\": \"8\", \"y\": 50, \"w\": 24, \"h\": 30, \"x\": 24}}]",
                "timeRestore": false,
                "title": "[Packetbeat] PgSQL performance ECS",
                "version": 1
            },
            "id": "Packetbeat-PgSQL-performance-ecs",
            "type": "dashboard",
            "updated_at": "2019-01-18T23:49:31.386Z",
            "version": 1
        }
    ],
    "version": "7.0.0-SNAPSHOT"
}