{
    "objects": [
        {
            "attributes": {
                "description": "",
                "kibanaSavedObjectMeta": {
                    "searchSourceJSON": "{\"query\": {\"query\": \"\", \"language\": \"kuery\"}, \"filter\": []}"
                },
                "savedSearchId": "71908f00-88ca-11e7-ad9c-db80de0bf8d3-ecs",
                "title": "HTTP Transactions [Packetbeat] ECS",
                "uiStateJSON": "{}",
                "version": 1,
                "visState": "{\"type\": \"histogram\", \"params\": {\"defaultYExtents\": false, \"seriesParams\": [{\"show\": \"true\", \"type\": \"histogram\", \"mode\": \"stacked\", \"valueAxis\": \"ValueAxis-1\", \"data\": {\"id\": \"1\", \"label\": \"Count\"}}], \"addTimeMarker\": false, \"setYExtents\": false, \"legendPosition\": \"right\", \"shareYAxis\": true, \"addLegend\": false, \"type\": \"histogram\", \"yAxis\": {}, \"times\": [], \"grid\": {\"style\": {\"color\": \"#eee\"}, \"categoryLines\": false}, \"valueAxes\": [{\"show\": true, \"id\": \"ValueAxis-1\", \"position\": \"left\", \"title\": {\"text\": \"Count\"}, \"labels\": {\"show\": true, \"truncate\": 100, \"filter\": false, \"rotate\": 0}, \"style\": {}, \"scale\": {\"type\": \"linear\", \"mode\": \"normal\", \"defaultYExtents\": false, \"setYExtents\": false}, \"name\": \"LeftAxis-1\", \"type\": \"value\"}], \"scale\": \"linear\", \"mode\": \"stacked\", \"addTooltip\": true, \"categoryAxes\": [{\"show\": true, \"id\": \"CategoryAxis-1\", \"position\": \"bottom\", \"title\": {}, \"labels\": {\"show\": true, \"truncate\": 100}, \"scale\": {\"type\": \"linear\"}, \"style\": {}, \"type\": \"category\"}]}, \"aggs\": [{\"type\": \"count\", \"id\": \"1\", \"schema\": \"metric\", \"params\": {}, \"enabled\": true}, {\"type\": \"date_histogram\", \"id\": \"2\", \"schema\": \"segment\", \"params\": {\"field\": \"@timestamp\", \"interval\": \"auto\", \"useNormalizedEsInterval\": true, \"drop_partials\": false, \"customInterval\": \"2h\", \"extended_bounds\": {}, \"min_doc_count\": 1}, \"enabled\": true}], \"title\": \"HTTP Transactions [Packetbeat] ECS\"}"
            },
            "id": "Web-transactions-ecs",
            "type": "visualization",
            "updated_at": "2019-01-19T00:21:31.922Z",
            "version": 3
        },
        {
            "attributes": {
                "description": "",
                "kibanaSavedObjectMeta": {
                    "searchSourceJSON": "{\"query\": {\"query\": \"\", \"language\": \"kuery\"}, \"index\": \"packetbeat-*\", \"filter\": [{\"query\": {\"match\": {\"event.type\": {\"type\": \"phrase\", \"query\": \"flow\"}}}, \"meta\": {\"negate\": true, \"key\": \"event.type\", \"value\": \"flow\", \"params\": {\"type\": \"phrase\", \"query\": \"flow\"}, \"index\": \"packetbeat-*\", \"alias\": null, \"type\": \"phrase\", \"disabled\": false}, \"$state\": {\"store\": \"appState\"}}]}"
                },
                "title": "Transaction Types [Packetbeat] ECS",
                "uiStateJSON": "{}",
                "version": 1,
                "visState": "{\"type\": \"histogram\", \"params\": {\"defaultYExtents\": false, \"seriesParams\": [{\"show\": \"true\", \"type\": \"histogram\", \"mode\": \"stacked\", \"valueAxis\": \"ValueAxis-1\", \"data\": {\"id\": \"1\", \"label\": \"Count\"}}], \"addTimeMarker\": false, \"setYExtents\": false, \"legendPosition\": \"right\", \"shareYAxis\": true, \"addLegend\": true, \"type\": \"histogram\", \"yAxis\": {}, \"times\": [], \"grid\": {\"style\": {\"color\": \"#eee\"}, \"categoryLines\": false}, \"valueAxes\": [{\"show\": true, \"id\": \"ValueAxis-1\", \"position\": \"left\", \"title\": {\"text\": \"Count\"}, \"labels\": {\"show\": true, \"truncate\": 100, \"filter\": false, \"rotate\": 0}, \"style\": {}, \"scale\": {\"type\": \"linear\", \"mode\": \"normal\", \"defaultYExtents\": false, \"setYExtents\": false}, \"name\": \"LeftAxis-1\", \"type\": \"value\"}], \"scale\": \"linear\", \"mode\": \"stacked\", \"addTooltip\": true, \"categoryAxes\": [{\"show\": true, \"id\": \"CategoryAxis-1\", \"position\": \"bottom\", \"title\": {}, \"labels\": {\"show\": true, \"truncate\": 100}, \"scale\": {\"type\": \"linear\"}, \"style\": {}, \"type\": \"category\"}]}, \"aggs\": [{\"type\": \"count\", \"id\": \"1\", \"schema\": \"metric\", \"params\": {}, \"enabled\": true}, {\"type\": \"date_histogram\", \"id\": \"2\", \"schema\": \"segment\", \"params\": {\"field\": \"@timestamp\", \"interval\": \"auto\", \"useNormalizedEsInterval\": true, \"drop_partials\": false, \"customInterval\": \"2h\", \"extended_bounds\": {}, \"min_doc_count\": 1}, \"enabled\": true}, {\"type\": \"terms\", \"id\": \"3\", \"schema\": \"group\", \"params\": {\"otherBucketLabel\": \"Other\", \"order\": \"desc\", \"field\": \"event.dataset\", \"missingBucketLabel\": \"Missing\", \"size\": 5, \"orderBy\": \"1\", \"otherBucket\": false, \"missingBucket\": false}, \"enabled\": true}], \"title\": \"Transaction Types [Packetbeat] ECS\"}"
            },
            "id": "DB-transactions-ecs",
            "type": "visualization",
            "updated_at": "2019-01-19T00:20:54.634Z",
            "version": 3
        },
        {
            "attributes": {
                "description": "",
                "kibanaSavedObjectMeta": {
                    "searchSourceJSON": "{\"query\": {\"query\": \"\", \"language\": \"kuery\"}, \"filter\": []}"
                },
                "savedSearchId": "Packetbeat-Search-ecs",
                "title": "Response times percentiles [Packetbeat] ECS",
                "uiStateJSON": "{}",
                "version": 1,
                "visState": "{\"type\": \"line\", \"params\": {\"interpolate\": \"linear\", \"type\": \"line\", \"shareYAxis\": true, \"seriesParams\": [{\"interpolate\": \"cardinal\", \"show\": \"true\", \"radiusRatio\": 9, \"valueAxis\": \"ValueAxis-1\", \"drawLinesBetweenPoints\": true, \"mode\": \"normal\", \"showCircles\": true, \"type\": \"line\", \"data\": {\"id\": \"1\", \"label\": \"Percentiles of event.duration\"}}], \"radiusRatio\": 9, \"smoothLines\": true, \"addTimeMarker\": false, \"setYExtents\": false, \"legendPosition\": \"right\", \"addLegend\": true, \"scale\": \"linear\", \"yAxis\": {}, \"times\": [], \"grid\": {\"style\": {\"color\": \"#eee\"}, \"categoryLines\": false}, \"valueAxes\": [{\"show\": true, \"id\": \"ValueAxis-1\", \"position\": \"left\", \"title\": {\"text\": \"Percentiles of event.duration\"}, \"labels\": {\"show\": true, \"truncate\": 100, \"filter\": false, \"rotate\": 0}, \"style\": {}, \"scale\": {\"type\": \"linear\", \"mode\": \"normal\", \"defaultYExtents\": false, \"setYExtents\": false}, \"name\": \"LeftAxis-1\", \"type\": \"value\"}], \"drawLinesBetweenPoints\": true, \"defaultYExtents\": false, \"addTooltip\": true, \"categoryAxes\": [{\"show\": true, \"id\": \"CategoryAxis-1\", \"position\": \"bottom\", \"title\": {}, \"labels\": {\"show\": true, \"truncate\": 100}, \"scale\": {\"type\": \"linear\"}, \"style\": {}, \"type\": \"category\"}], \"showCircles\": true}, \"aggs\": [{\"type\": \"percentiles\", \"id\": \"1\", \"schema\": \"metric\", \"params\": {\"field\": \"event.duration\", \"percents\": [75, 95, 99]}, \"enabled\": true}, {\"type\": \"date_histogram\", \"id\": \"2\", \"schema\": \"segment\", \"params\": {\"field\": \"@timestamp\", \"interval\": \"auto\", \"useNormalizedEsInterval\": true, \"drop_partials\": false, \"customInterval\": \"2h\", \"extended_bounds\": {}, \"min_doc_count\": 1}, \"enabled\": true}], \"title\": \"Response times percentiles [Packetbeat] ECS\"}"
            },
            "id": "Response-times-percentiles-ecs",
            "type": "visualization",
            "updated_at": "2019-01-19T00:01:49.340Z",
            "version": 2
        },
        {
            "attributes": {
                "description": "",
                "kibanaSavedObjectMeta": {
                    "searchSourceJSON": "{\"filter\": []}"
                },
                "savedSearchId": "Transactions-errors-ecs",
                "title": "Errors count over time ECS",
                "uiStateJSON": "{}",
                "version": 1,
                "visState": "{\"type\": \"histogram\", \"params\": {\"yAxis\": {}, \"mode\": \"stacked\", \"setYExtents\": false, \"times\": [], \"addTimeMarker\": false, \"defaultYExtents\": false, \"addTooltip\": true, \"scale\": \"linear\", \"shareYAxis\": true, \"addLegend\": true}, \"aggs\": [{\"type\": \"count\", \"id\": \"1\", \"schema\": \"metric\", \"params\": {}}, {\"type\": \"date_histogram\", \"id\": \"2\", \"schema\": \"segment\", \"params\": {\"min_doc_count\": 1, \"field\": \"@timestamp\", \"customInterval\": \"30s\", \"extended_bounds\": {}, \"interval\": \"custom\"}}, {\"type\": \"terms\", \"id\": \"3\", \"schema\": \"group\", \"params\": {\"order\": \"desc\", \"field\": \"type\", \"orderBy\": \"1\", \"size\": 5}}], \"title\": \"New Visualization ECS\", \"listeners\": {}}"
            },
            "id": "Errors-count-over-time-ecs",
            "type": "visualization",
            "updated_at": "2019-01-18T23:49:30.350Z",
            "version": 1
        },
        {
            "attributes": {
                "description": "",
                "kibanaSavedObjectMeta": {
                    "searchSourceJSON": "{\"query\": {\"query\": \"\", \"language\": \"kuery\"}, \"filter\": []}"
                },
                "savedSearchId": "Packetbeat-Search-ecs",
                "title": "Errors vs successful transactions [Packetbeat] ECS",
                "uiStateJSON": "{}",
                "version": 1,
                "visState": "{\"type\": \"histogram\", \"params\": {\"defaultYExtents\": false, \"seriesParams\": [{\"show\": \"true\", \"type\": \"histogram\", \"mode\": \"stacked\", \"valueAxis\": \"ValueAxis-1\", \"data\": {\"id\": \"1\", \"label\": \"Count\"}}], \"addTimeMarker\": false, \"setYExtents\": false, \"legendPosition\": \"right\", \"shareYAxis\": true, \"addLegend\": true, \"type\": \"histogram\", \"yAxis\": {}, \"times\": [], \"grid\": {\"style\": {\"color\": \"#eee\"}, \"categoryLines\": false}, \"valueAxes\": [{\"show\": true, \"id\": \"ValueAxis-1\", \"position\": \"left\", \"title\": {\"text\": \"Count\"}, \"labels\": {\"show\": true, \"truncate\": 100, \"filter\": false, \"rotate\": 0}, \"style\": {}, \"scale\": {\"type\": \"linear\", \"mode\": \"percentage\", \"defaultYExtents\": false, \"setYExtents\": false}, \"name\": \"LeftAxis-1\", \"type\": \"value\"}], \"scale\": \"linear\", \"mode\": \"percentage\", \"addTooltip\": true, \"categoryAxes\": [{\"show\": true, \"id\": \"CategoryAxis-1\", \"position\": \"bottom\", \"title\": {}, \"labels\": {\"show\": true, \"truncate\": 100}, \"scale\": {\"type\": \"linear\"}, \"style\": {}, \"type\": \"category\"}]}, \"aggs\": [{\"type\": \"count\", \"id\": \"1\", \"schema\": \"metric\", \"params\": {}, \"enabled\": true}, {\"type\": \"date_histogram\", \"id\": \"2\", \"schema\": \"segment\", \"params\": {\"field\": \"@timestamp\", \"interval\": \"auto\", \"useNormalizedEsInterval\": true, \"drop_partials\": false, \"customInterval\": \"2h\", \"extended_bounds\": {}, \"min_doc_count\": 1}, \"enabled\": true}, {\"type\": \"terms\", \"id\": \"3\", \"schema\": \"group\", \"params\": {\"otherBucketLabel\": \"Other\", \"order\": \"desc\", \"field\": \"status\", \"missingBucketLabel\": \"Missing\", \"size\": 5, \"orderBy\": \"1\", \"otherBucket\": false, \"missingBucket\": false}, \"enabled\": true}], \"title\": \"Errors vs successful transactions [Packetbeat] ECS\"}"
            },
            "id": "Errors-vs-successful-transactions-ecs",
            "type": "visualization",
            "updated_at": "2019-01-19T00:02:24.071Z",
            "version": 2
        },
        {
            "attributes": {
                "description": "",
                "kibanaSavedObjectMeta": {
                    "searchSourceJSON": "{\"query\": {\"query\": \"\", \"language\": \"kuery\"}, \"filter\": []}"
                },
                "savedSearchId": "Packetbeat-Search-ecs",
                "title": "Latency Histogram [Packetbeat] ECS",
                "uiStateJSON": "{}",
                "version": 1,
                "visState": "{\"type\": \"area\", \"params\": {\"interpolate\": \"linear\", \"defaultYExtents\": false, \"seriesParams\": [{\"interpolate\": \"cardinal\", \"show\": \"true\", \"mode\": \"stacked\", \"valueAxis\": \"ValueAxis-1\", \"type\": \"area\", \"data\": {\"id\": \"1\", \"label\": \"Count\"}}], \"smoothLines\": true, \"addTimeMarker\": false, \"setYExtents\": false, \"legendPosition\": \"right\", \"shareYAxis\": true, \"addLegend\": true, \"type\": \"area\", \"yAxis\": {}, \"times\": [], \"grid\": {\"style\": {\"color\": \"#eee\"}, \"categoryLines\": false}, \"valueAxes\": [{\"show\": true, \"id\": \"ValueAxis-1\", \"position\": \"left\", \"title\": {\"text\": \"Count\"}, \"labels\": {\"show\": true, \"truncate\": 100, \"filter\": false, \"rotate\": 0}, \"style\": {}, \"scale\": {\"type\": \"linear\", \"mode\": \"normal\", \"defaultYExtents\": false, \"setYExtents\": false}, \"name\": \"LeftAxis-1\", \"type\": \"value\"}], \"scale\": \"linear\", \"mode\": \"stacked\", \"addTooltip\": true, \"categoryAxes\": [{\"show\": true, \"id\": \"CategoryAxis-1\", \"position\": \"bottom\", \"title\": {}, \"labels\": {\"show\": true, \"truncate\": 100}, \"scale\": {\"type\": \"linear\"}, \"style\": {}, \"type\": \"category\"}]}, \"aggs\": [{\"type\": \"count\", \"id\": \"1\", \"schema\": \"metric\", \"params\": {}, \"enabled\": true}, {\"type\": \"histogram\", \"id\": \"2\", \"schema\": \"segment\", \"params\": {\"field\": \"event.duration\", \"extended_bounds\": {}, \"interval\": 10000000}, \"enabled\": true}], \"title\": \"Latency Histogram [Packetbeat] ECS\"}"
            },
            "id": "Latency-histogram-ecs",
            "type": "visualization",
            "updated_at": "2019-01-19T00:03:54.084Z",
            "version": 2
        },
        {
            "attributes": {
                "description": "",
                "kibanaSavedObjectMeta": {
                    "searchSourceJSON": "{\"query\": {\"query\": \"\", \"language\": \"kuery\"}, \"index\": \"packetbeat-*\", \"filter\": []}"
                },
                "title": "Client IP Locations (requires GeoIP enrichment) [Packetbeat] ECS",
                "uiStateJSON": "{\"mapCenter\": [0, -0.17578125]}",
                "version": 1,
                "visState": "{\"type\": \"tile_map\", \"params\": {\"mapZoom\": 2, \"heatRadius\": 25, \"heatBlur\": 15, \"heatNormalizeData\": true, \"isDesaturated\": true, \"legendPosition\": \"bottomright\", \"wms\": {\"options\": {\"format\": \"image/png\", \"styles\": \"\", \"version\": \"1.3.0\", \"attribution\": \"Maps provided by USGS\", \"transparent\": true, \"layers\": \"0\"}, \"url\": \"https://basemap.nationalmap.gov/arcgis/services/USGSTopo/MapServer/WMSServer\", \"selectedTmsLayer\": {\"id\": \"road_map\", \"minZoom\": 0, \"attribution\": \"<p>&#169; <a href=\\\"http://www.openstreetmap.org/copyright\\\">OpenStreetMap</a> contributors | <a href=\\\"https://www.elastic.co/elastic-maps-service\\\">Elastic Maps Service</a></p>&#10;\", \"origin\": \"elastic_maps_service\", \"maxZoom\": 18}, \"enabled\": false}, \"mapCenter\": [15, 5], \"colorSchema\": \"Yellow to Red\", \"heatMinOpacity\": 0.1, \"mapType\": \"Scaled Circle Markers\", \"heatClusterSize\": 1.5, \"addTooltip\": true, \"heatMaxZoom\": 16}, \"aggs\": [{\"type\": \"count\", \"id\": \"1\", \"schema\": \"metric\", \"params\": {}, \"enabled\": true}, {\"type\": \"geohash_grid\", \"id\": \"2\", \"schema\": \"segment\", \"params\": {\"mapCenter\": {\"lat\": -0.17578097424708533, \"lon\": 0}, \"mapZoom\": 2, \"field\": \"client.geo.location\", \"useGeocentroid\": true, \"isFilteredByCollar\": true, \"mapBounds\": {\"top_left\": {\"lat\": 83.97925949886205, \"lon\": -259.80468750000006}, \"bottom_right\": {\"lat\": -84.0160220686566, \"lon\": 259.80468750000006}}, \"autoPrecision\": true, \"precision\": 2}, \"enabled\": true}], \"title\": \"Client IP Locations (requires GeoIP enrichment) [Packetbeat] ECS\"}"
            },
            "id": "Client-locations-ecs",
            "type": "visualization",
            "updated_at": "2019-01-18T23:52:42.404Z",
            "version": 2
        },
        {
            "attributes": {
                "description": "",
                "kibanaSavedObjectMeta": {
                    "searchSourceJSON": "{\"query\": {\"query\": \"\", \"language\": \"kuery\"}, \"filter\": []}"
                },
                "savedSearchId": "Packetbeat-Search-ecs",
                "title": "Response times repartition [Packetbeat] ECS",
                "uiStateJSON": "{}",
                "version": 1,
                "visState": "{\"type\": \"histogram\", \"params\": {\"defaultYExtents\": false, \"seriesParams\": [{\"show\": \"true\", \"type\": \"histogram\", \"mode\": \"stacked\", \"valueAxis\": \"ValueAxis-1\", \"data\": {\"id\": \"1\", \"label\": \"Count\"}}], \"addTimeMarker\": false, \"setYExtents\": false, \"legendPosition\": \"right\", \"shareYAxis\": true, \"addLegend\": true, \"type\": \"histogram\", \"yAxis\": {}, \"times\": [], \"grid\": {\"style\": {\"color\": \"#eee\"}, \"categoryLines\": false}, \"valueAxes\": [{\"show\": true, \"id\": \"ValueAxis-1\", \"position\": \"left\", \"title\": {\"text\": \"Count\"}, \"labels\": {\"show\": true, \"truncate\": 100, \"filter\": false, \"rotate\": 0}, \"style\": {}, \"scale\": {\"type\": \"linear\", \"mode\": \"normal\", \"defaultYExtents\": false, \"setYExtents\": false}, \"name\": \"LeftAxis-1\", \"type\": \"value\"}], \"scale\": \"linear\", \"mode\": \"stacked\", \"addTooltip\": true, \"categoryAxes\": [{\"show\": true, \"id\": \"CategoryAxis-1\", \"position\": \"bottom\", \"title\": {}, \"labels\": {\"show\": true, \"truncate\": 100}, \"scale\": {\"type\": \"linear\"}, \"style\": {}, \"type\": \"category\"}]}, \"aggs\": [{\"type\": \"count\", \"id\": \"1\", \"schema\": \"metric\", \"params\": {}, \"enabled\": true}, {\"type\": \"date_histogram\", \"id\": \"2\", \"schema\": \"segment\", \"params\": {\"field\": \"@timestamp\", \"interval\": \"auto\", \"useNormalizedEsInterval\": true, \"drop_partials\": false, \"customInterval\": \"2h\", \"extended_bounds\": {}, \"min_doc_count\": 1}, \"enabled\": true}, {\"type\": \"histogram\", \"id\": \"3\", \"schema\": \"group\", \"params\": {\"field\": \"event.duration\", \"extended_bounds\": {}, \"interval\": 10000000}, \"enabled\": true}], \"title\": \"Response times repartition [Packetbeat] ECS\"}"
            },
            "id": "Response-times-repartition-ecs",
            "type": "visualization",
            "updated_at": "2019-01-19T00:00:32.530Z",
            "version": 2
        },
        {
            "attributes": {
                "description": "",
                "kibanaSavedObjectMeta": {
                    "searchSourceJSON": "{\"query\": {\"query\": \"\", \"language\": \"kuery\"}, \"filter\": []}"
                },
                "title": "Navigation [Packetbeat] ECS",
                "uiStateJSON": "{}",
                "version": 1,
                "visState": "{\"type\": \"markdown\", \"params\": {\"fontSize\": 10, \"openLinksInNewTab\": false, \"markdown\": \"### Packetbeat:\\n\\n[Overview](#/dashboard/Packetbeat-Dashboard-ecs)\\n\\n[Network Flows](#/dashboard/Packetbeat-Flows-ecs)\\n\\n[DNS Overview](#/dashboard/65120940-1454-11e9-9de0-f98d1808db8e-ecs) | [Tunneling](#/dashboard/DNS-Unique-Domains-ecs)\\n\\n[DHCPv4 Transactions](#/dashboard/a7b35890-8baa-11e8-9676-ef67484126fb-ecs)\\n\\n[TLS Overview](#/dashboard/tls-sessions-ecs)\\n\\n[HTTP transactions](#/dashboard/Packetbeat-HTTP-ecs)\\n\\nDatabases: [MySQL](#/dashboard/Packetbeat-MySQL-performance-ecs) | [PostgreSQL](#/dashboard/Packetbeat-PgSQL-performance-ecs) | [MongoDB](#/dashboard/Packetbeat-MongoDB-performance-ecs) | [Cassandra](#/dashboard/Packetbeat-Cassandra-ecs)\\n\\nRPC: [Thrift](#/dashboard/Packetbeat-Thrift-performance-ecs)\\n\\nStorage: [NFS](#/dashboard/Packetbeat-NFS-ecs)\"}, \"aggs\": [], \"title\": \"Navigation [Packetbeat] ECS\"}"
            },
            "id": "Navigation-ecs",
            "type": "visualization",
            "updated_at": "2019-01-19T00:18:59.372Z",
            "version": 11
        },
        {
            "attributes": {
                "description": "",
                "kibanaSavedObjectMeta": {
                    "searchSourceJSON": "{\"query\": {\"query\": \"\", \"language\": \"kuery\"}, \"filter\": []}"
                },
                "savedSearchId": "d19e8485-7df5-47ce-8009-9dc3c42bcf17-ecs",
                "title": "DNS Transactions [Packetbeat] ECS",
                "uiStateJSON": "{}",
                "version": 1,
                "visState": "{\"type\": \"area\", \"params\": {\"type\": \"area\", \"times\": [], \"grid\": {\"style\": {\"color\": \"#eee\"}, \"categoryLines\": false}, \"seriesParams\": [{\"interpolate\": \"cardinal\", \"show\": \"true\", \"valueAxis\": \"ValueAxis-1\", \"drawLinesBetweenPoints\": true, \"mode\": \"stacked\", \"showCircles\": true, \"type\": \"area\", \"data\": {\"id\": \"1\", \"label\": \"Avg Response Time\"}}, {\"interpolate\": \"cardinal\", \"show\": true, \"lineWidth\": 3.5, \"valueAxis\": \"ValueAxis-2\", \"drawLinesBetweenPoints\": true, \"mode\": \"stacked\", \"showCircles\": true, \"type\": \"line\", \"data\": {\"id\": \"3\", \"label\": \"Count\"}}], \"legendPosition\": \"right\", \"addTimeMarker\": false, \"valueAxes\": [{\"show\": true, \"id\": \"ValueAxis-1\", \"position\": \"left\", \"title\": {\"text\": \"Avg Response Time\"}, \"labels\": {\"show\": true, \"truncate\": 100, \"filter\": false, \"rotate\": 0}, \"style\": {}, \"scale\": {\"type\": \"linear\", \"mode\": \"normal\"}, \"name\": \"LeftAxis-1\", \"type\": \"value\"}, {\"show\": true, \"id\": \"ValueAxis-2\", \"position\": \"right\", \"title\": {\"text\": \"Count\"}, \"labels\": {\"show\": true, \"truncate\": 100, \"filter\": false, \"rotate\": 0}, \"style\": {}, \"scale\": {\"type\": \"linear\", \"mode\": \"normal\"}, \"name\": \"RightAxis-1\", \"type\": \"value\"}], \"addTooltip\": true, \"categoryAxes\": [{\"show\": true, \"id\": \"CategoryAxis-1\", \"position\": \"bottom\", \"title\": {}, \"labels\": {\"show\": true, \"truncate\": 100}, \"scale\": {\"type\": \"linear\"}, \"style\": {}, \"type\": \"category\"}], \"addLegend\": true}, \"aggs\": [{\"type\": \"avg\", \"id\": \"1\", \"schema\": \"metric\", \"params\": {\"field\": \"event.duration\", \"customLabel\": \"Avg Response Time\"}, \"enabled\": true}, {\"type\": \"date_histogram\", \"id\": \"2\", \"schema\": \"segment\", \"params\": {\"field\": \"@timestamp\", \"interval\": \"auto\", \"useNormalizedEsInterval\": true, \"drop_partials\": false, \"customInterval\": \"2h\", \"extended_bounds\": {}, \"min_doc_count\": 1}, \"enabled\": true}, {\"type\": \"count\", \"id\": \"3\", \"schema\": \"metric\", \"params\": {}, \"enabled\": true}], \"title\": \"DNS Transactions [Packetbeat] ECS\"}"
            },
            "id": "e3f09730-1b80-11e9-83df-75eebb35951e-ecs",
            "type": "visualization",
            "updated_at": "2019-01-19T00:29:49.161Z",
            "version": 3
        },
        {
            "attributes": {
                "description": "",
                "kibanaSavedObjectMeta": {
                    "searchSourceJSON": "{\"query\": {\"query\": \"\", \"language\": \"kuery\"}, \"filter\": []}"
                },
                "savedSearchId": "ffc3c0b0-d2d7-11e7-9914-4982455b3063-ecs",
                "title": "TLS Sessions [Packetbeat] ECS",
                "uiStateJSON": "{\"vis\": {\"colors\": {\"false\": \"#E24D42\", \"true\": \"#7EB26D\"}, \"legendOpen\": false}}",
                "version": 1,
                "visState": "{\"type\": \"histogram\", \"params\": {\"type\": \"histogram\", \"times\": [], \"grid\": {\"style\": {\"color\": \"#eee\"}, \"categoryLines\": false, \"valueAxis\": \"ValueAxis-1\"}, \"seriesParams\": [{\"show\": \"true\", \"type\": \"histogram\", \"drawLinesBetweenPoints\": true, \"mode\": \"stacked\", \"showCircles\": true, \"valueAxis\": \"ValueAxis-1\", \"data\": {\"id\": \"1\", \"label\": \"Count\"}}], \"legendPosition\": \"right\", \"addTimeMarker\": false, \"valueAxes\": [{\"show\": true, \"id\": \"ValueAxis-1\", \"position\": \"left\", \"title\": {\"text\": \"Count\"}, \"labels\": {\"show\": true, \"truncate\": 100, \"filter\": false, \"rotate\": 0}, \"style\": {}, \"scale\": {\"type\": \"linear\", \"mode\": \"normal\"}, \"name\": \"LeftAxis-1\", \"type\": \"value\"}], \"addTooltip\": true, \"categoryAxes\": [{\"show\": true, \"id\": \"CategoryAxis-1\", \"position\": \"bottom\", \"title\": {}, \"labels\": {\"show\": true, \"truncate\": 100}, \"scale\": {\"type\": \"linear\"}, \"style\": {}, \"type\": \"category\"}], \"addLegend\": true}, \"aggs\": [{\"type\": \"count\", \"id\": \"1\", \"schema\": \"metric\", \"params\": {}, \"enabled\": true}, {\"type\": \"date_histogram\", \"id\": \"2\", \"schema\": \"segment\", \"params\": {\"field\": \"@timestamp\", \"interval\": \"auto\", \"customInterval\": \"2h\", \"customLabel\": \"Sessions per minute\", \"extended_bounds\": {}, \"min_doc_count\": 1}, \"enabled\": true}, {\"type\": \"terms\", \"id\": \"3\", \"schema\": \"group\", \"params\": {\"order\": \"desc\", \"field\": \"tls.established\", \"customLabel\": \"Handshake completed\", \"size\": 5, \"orderBy\": \"1\", \"json\": \"\"}, \"enabled\": true}], \"title\": \"TLS Sessions ECS\"}"
            },
            "id": "059fe5e0-d2dd-11e7-9914-4982455b3063-ecs",
            "type": "visualization",
            "updated_at": "2019-01-18T23:49:33.441Z",
            "version": 1
        },
        {
            "attributes": {
                "columns": [
                    "_source"
                ],
                "description": "",
                "hits": 0,
                "kibanaSavedObjectMeta": {
                    "searchSourceJSON": "{\"query\": {\"query\": \"\", \"language\": \"kuery\"}, \"highlightAll\": true, \"filter\": [{\"query\": {\"match\": {\"network.protocol\": {\"type\": \"phrase\", \"query\": \"http\"}}}, \"meta\": {\"negate\": false, \"key\": \"network.protocol\", \"value\": \"http\", \"params\": {\"type\": \"phrase\", \"query\": \"http\"}, \"index\": \"packetbeat-*\", \"alias\": null, \"type\": \"phrase\", \"disabled\": false}, \"$state\": {\"store\": \"appState\"}}], \"index\": \"packetbeat-*\", \"version\": true}"
                },
                "sort": [
                    "@timestamp",
                    "desc"
                ],
                "title": "HTTP Transactions Search [Packetbeat] ECS",
                "version": 1
            },
            "id": "71908f00-88ca-11e7-ad9c-db80de0bf8d3-ecs",
            "type": "search",
            "updated_at": "2019-01-19T00:21:43.886Z",
            "version": 3
        },
        {
            "attributes": {
                "columns": [
                    "client.ip",
                    "client.port",
                    "server.ip",
                    "server.port",
                    "event.dataset",
                    "query",
                    "method",
                    "event.duration",
                    "status"
                ],
                "description": "",
                "hits": 0,
                "kibanaSavedObjectMeta": {
                    "searchSourceJSON": "{\"query\": {\"query\": \"\", \"language\": \"kuery\"}, \"filter\": [{\"query\": {\"match\": {\"event.dataset\": {\"type\": \"phrase\", \"query\": \"flow\"}}}, \"meta\": {\"negate\": true, \"key\": \"event.dataset\", \"value\": \"flow\", \"params\": {\"type\": \"phrase\", \"query\": \"flow\"}, \"index\": \"packetbeat-*\", \"alias\": null, \"type\": \"phrase\", \"disabled\": false}, \"$state\": {\"store\": \"appState\"}}], \"version\": true, \"highlightAll\": true, \"highlight\": {\"post_tags\": [\"@/kibana-highlighted-field@\"], \"pre_tags\": [\"@kibana-highlighted-field@\"], \"require_field_match\": false, \"fields\": {\"*\": {}}, \"fragment_size\": 2147483647}, \"index\": \"packetbeat-*\"}"
                },
                "sort": [
                    "@timestamp",
                    "desc"
                ],
                "title": "Packetbeat Search ECS",
                "version": 1
            },
            "id": "Packetbeat-Search-ecs",
            "type": "search",
            "updated_at": "2019-01-19T00:01:10.720Z",
            "version": 2
        },
        {
            "attributes": {
                "columns": [
                    "client.ip",
                    "client.port",
                    "server.ip",
                    "server.port",
                    "event.dataset",
                    "query",
                    "method",
                    "event.duration",
                    "status"
                ],
                "description": "",
                "hits": 0,
                "kibanaSavedObjectMeta": {
                    "searchSourceJSON": "{\"query\": {\"query\": \"\", \"language\": \"kuery\"}, \"filter\": [{\"query\": {\"match\": {\"event.dataset\": {\"type\": \"phrase\", \"query\": \"flow\"}}}, \"meta\": {\"negate\": true, \"key\": \"event.dataset\", \"value\": \"flow\", \"params\": {\"type\": \"phrase\", \"query\": \"flow\"}, \"index\": \"packetbeat-*\", \"alias\": null, \"type\": \"phrase\", \"disabled\": false}, \"$state\": {\"store\": \"appState\"}}, {\"query\": {\"match\": {\"status\": {\"type\": \"phrase\", \"query\": \"OK\"}}}, \"meta\": {\"negate\": true, \"key\": \"status\", \"value\": \"OK\", \"params\": {\"type\": \"phrase\", \"query\": \"OK\"}, \"index\": \"packetbeat-*\", \"alias\": null, \"type\": \"phrase\", \"disabled\": false}, \"$state\": {\"store\": \"appState\"}}], \"version\": true, \"highlightAll\": true, \"highlight\": {\"post_tags\": [\"@/kibana-highlighted-field@\"], \"pre_tags\": [\"@kibana-highlighted-field@\"], \"require_field_match\": false, \"fields\": {\"*\": {}}, \"fragment_size\": 2147483647}, \"index\": \"packetbeat-*\"}"
                },
                "sort": [
                    "@timestamp",
                    "desc"
                ],
                "title": "Transactions Errors Search [Packetbeat] ECS",
                "version": 1
            },
            "id": "Transactions-errors-ecs",
            "type": "search",
            "updated_at": "2019-01-19T00:05:18.965Z",
            "version": 3
        },
        {
            "attributes": {
                "columns": [
                    "server.ip",
                    "destination.ip",
                    "dns.question.name",
                    "status"
                ],
                "description": "",
                "hits": 0,
                "kibanaSavedObjectMeta": {
                    "searchSourceJSON": "{\"query\": {\"query\": \"\", \"language\": \"kuery\"}, \"filter\": [{\"query\": {\"match\": {\"network.protocol\": {\"type\": \"phrase\", \"query\": \"dns\"}}}, \"meta\": {\"negate\": false, \"key\": \"network.protocol\", \"value\": \"dns\", \"params\": {\"type\": \"phrase\", \"query\": \"dns\"}, \"index\": \"packetbeat-*\", \"alias\": null, \"type\": \"phrase\", \"disabled\": false}, \"$state\": {\"store\": \"appState\"}}], \"version\": true, \"highlightAll\": true, \"highlight\": {\"post_tags\": [\"@/kibana-highlighted-field@\"], \"pre_tags\": [\"@kibana-highlighted-field@\"], \"require_field_match\": false, \"fields\": {\"*\": {}}, \"fragment_size\": 2147483647}, \"index\": \"packetbeat-*\"}"
                },
                "sort": [
                    "@timestamp",
                    "desc"
                ],
                "title": "DNS Protocol [Packetbeat] ECS",
                "version": 1
            },
            "id": "d19e8485-7df5-47ce-8009-9dc3c42bcf17-ecs",
            "type": "search",
            "updated_at": "2019-01-18T23:49:24.089Z",
            "version": 2
        },
        {
            "attributes": {
                "columns": [
                    "_source"
                ],
                "description": "",
                "hits": 0,
                "kibanaSavedObjectMeta": {
                    "searchSourceJSON": "{\"query\": {\"query\": \"\", \"language\": \"kuery\"}, \"highlightAll\": true, \"filter\": [{\"meta\": {\"negate\": false, \"key\": \"tls.established\", \"value\": \"exists\", \"index\": \"packetbeat-*\", \"alias\": \"TLS sessions\", \"type\": \"exists\", \"disabled\": false}, \"exists\": {\"field\": \"tls.established\"}, \"$state\": {\"store\": \"appState\"}}], \"index\": \"packetbeat-*\", \"version\": true}"
                },
                "sort": [
                    "@timestamp",
                    "desc"
                ],
                "title": "TLS Sessions [Packetbeat] ECS",
                "version": 1
            },
            "id": "ffc3c0b0-d2d7-11e7-9914-4982455b3063-ecs",
            "type": "search",
            "updated_at": "2019-01-18T23:49:33.441Z",
            "version": 1
        },
        {
            "attributes": {
                "description": "Packetbeat overview dashboard.",
                "hits": 0,
                "kibanaSavedObjectMeta": {
                    "searchSourceJSON": "{\"query\": {\"query\": \"\", \"language\": \"kuery\"}, \"highlightAll\": true, \"filter\": [], \"version\": true}"
                },
                "optionsJSON": "{\"darkTheme\": false}",
                "panelsJSON": "[{\"type\": \"visualization\", \"id\": \"Web-transactions-ecs\", \"panelIndex\": \"1\", \"version\": \"7.0.0-SNAPSHOT\", \"gridData\": {\"i\": \"1\", \"y\": 20, \"w\": 12, \"h\": 10, \"x\": 12}}, {\"type\": \"visualization\", \"id\": \"DB-transactions-ecs\", \"panelIndex\": \"2\", \"version\": \"7.0.0-SNAPSHOT\", \"gridData\": {\"i\": \"2\", \"y\": 20, \"w\": 12, \"h\": 10, \"x\": 36}}, {\"type\": \"visualization\", \"id\": \"Response-times-percentiles-ecs\", \"panelIndex\": \"5\", \"version\": \"7.0.0-SNAPSHOT\", \"gridData\": {\"i\": \"5\", \"y\": 45, \"w\": 24, \"h\": 15, \"x\": 0}}, {\"type\": \"visualization\", \"id\": \"Errors-count-over-time-ecs\", \"panelIndex\": \"6\", \"version\": \"7.0.0-SNAPSHOT\", \"gridData\": {\"i\": \"6\", \"y\": 60, \"w\": 24, \"h\": 15, \"x\": 0}}, {\"type\": \"visualization\", \"id\": \"Errors-vs-successful-transactions-ecs\", \"panelIndex\": \"7\", \"version\": \"7.0.0-SNAPSHOT\", \"gridData\": {\"i\": \"7\", \"y\": 45, \"w\": 24, \"h\": 15, \"x\": 24}}, {\"type\": \"visualization\", \"id\": \"Latency-histogram-ecs\", \"panelIndex\": \"8\", \"version\": \"7.0.0-SNAPSHOT\", \"gridData\": {\"i\": \"8\", \"y\": 60, \"w\": 24, \"h\": 15, \"x\": 24}}, {\"type\": \"visualization\", \"id\": \"Client-locations-ecs\", \"version\": \"7.0.0-SNAPSHOT\", \"embeddableConfig\": {\"mapZoom\": 2, \"mapCollar\": {\"top_left\": {\"lat\": 90, \"lon\": -180}, \"bottom_right\": {\"lat\": -90, \"lon\": 180}, \"zoom\": 2}, \"mapBounds\": {\"top_left\": {\"lat\": 54.97761367069628, \"lon\": -153.984375}, \"bottom_right\": {\"lat\": -54.97761367069625, \"lon\": 153.984375}}}, \"panelIndex\": \"9\", \"gridData\": {\"i\": \"9\", \"y\": 0, \"w\": 36, \"h\": 20, \"x\": 12}}, {\"type\": \"visualization\", \"id\": \"Response-times-repartition-ecs\", \"panelIndex\": \"10\", \"version\": \"7.0.0-SNAPSHOT\", \"gridData\": {\"i\": \"10\", \"y\": 30, \"w\": 48, \"h\": 15, \"x\": 0}}, {\"type\": \"visualization\", \"id\": \"Navigation-ecs\", \"panelIndex\": \"11\", \"version\": \"7.0.0-SNAPSHOT\", \"gridData\": {\"i\": \"11\", \"y\": 0, \"w\": 12, \"h\": 20, \"x\": 0}}, {\"type\": \"visualization\", \"id\": \"e3f09730-1b80-11e9-83df-75eebb35951e-ecs\", \"version\": \"7.0.0-SNAPSHOT\", \"embeddableConfig\": {}, \"panelIndex\": \"12\", \"gridData\": {\"i\": \"12\", \"y\": 20, \"w\": 12, \"h\": 10, \"x\": 0}}, {\"type\": \"visualization\", \"id\": \"059fe5e0-d2dd-11e7-9914-4982455b3063-ecs\", \"version\": \"7.0.0-SNAPSHOT\", \"embeddableConfig\": {}, \"panelIndex\": \"13\", \"gridData\": {\"i\": \"13\", \"y\": 20, \"w\": 12, \"h\": 10, \"x\": 24}}]",
                "timeRestore": false,
                "title": "[Packetbeat] Overview ECS",
                "version": 1
            },
            "id": "Packetbeat-Dashboard-ecs",
            "type": "dashboard",
            "updated_at": "2019-01-19T00:31:53.357Z",
            "version": 5
        }
    ],
    "version": "7.0.0-SNAPSHOT"
}