{
    "objects": [
        {
            "attributes": {
                "description": "",
                "kibanaSavedObjectMeta": {
                    "searchSourceJSON": "{\"query\": {\"query\": \"\", \"language\": \"kuery\"}, \"filter\": []}"
                },
                "savedSearchId": "Packetbeat-Flows-Search-ecs",
                "title": "Top Hosts Creating Traffic [Packetbeat Flows] ECS",
                "uiStateJSON": "{}",
                "version": 1,
                "visState": "{\"type\": \"area\", \"params\": {\"interpolate\": \"linear\", \"defaultYExtents\": false, \"seriesParams\": [{\"interpolate\": \"cardinal\", \"show\": \"true\", \"mode\": \"stacked\", \"valueAxis\": \"ValueAxis-1\", \"type\": \"area\", \"data\": {\"id\": \"1\", \"label\": \"Source Bytes\"}}], \"smoothLines\": true, \"addTimeMarker\": false, \"setYExtents\": false, \"legendPosition\": \"right\", \"shareYAxis\": true, \"addLegend\": true, \"type\": \"area\", \"yAxis\": {}, \"times\": [], \"grid\": {\"style\": {\"color\": \"#eee\"}, \"categoryLines\": false}, \"valueAxes\": [{\"show\": true, \"id\": \"ValueAxis-1\", \"position\": \"left\", \"title\": {\"text\": \"Count\"}, \"labels\": {\"show\": true, \"truncate\": 100, \"filter\": false, \"rotate\": 0}, \"style\": {}, \"scale\": {\"type\": \"linear\", \"mode\": \"normal\", \"defaultYExtents\": false, \"setYExtents\": false}, \"name\": \"LeftAxis-1\", \"type\": \"value\"}], \"scale\": \"linear\", \"mode\": \"stacked\", \"addTooltip\": true, \"categoryAxes\": [{\"show\": true, \"id\": \"CategoryAxis-1\", \"position\": \"bottom\", \"title\": {}, \"labels\": {\"show\": true, \"truncate\": 100}, \"scale\": {\"type\": \"linear\"}, \"style\": {}, \"type\": \"category\"}]}, \"aggs\": [{\"type\": \"sum\", \"id\": \"1\", \"schema\": \"metric\", \"params\": {\"field\": \"source.bytes\", \"customLabel\": \"Source Bytes\"}, \"enabled\": true}, {\"type\": \"date_histogram\", \"id\": \"2\", \"schema\": \"segment\", \"params\": {\"field\": \"@timestamp\", \"interval\": \"auto\", \"useNormalizedEsInterval\": true, \"drop_partials\": false, \"customInterval\": \"2h\", \"extended_bounds\": {}, \"min_doc_count\": 1}, \"enabled\": true}, {\"type\": \"terms\", \"id\": \"3\", \"schema\": \"group\", \"params\": {\"otherBucketLabel\": \"Other\", \"order\": \"desc\", \"field\": \"source.ip\", \"missingBucketLabel\": \"Missing\", \"orderBy\": \"1\", \"size\": 5, \"customLabel\": \"Source IP\", \"otherBucket\": false, \"missingBucket\": false}, \"enabled\": true}], \"title\": \"Top Hosts Creating Traffic [Packetbeat Flows] ECS\"}"
            },
            "id": "Top-hosts-creating-traffic-ecs",
            "type": "visualization",
            "updated_at": "2019-01-18T23:49:25.168Z",
            "version": 1
        },
        {
            "attributes": {
                "description": "",
                "kibanaSavedObjectMeta": {
                    "searchSourceJSON": "{\"query\": {\"query\": \"\", \"language\": \"kuery\"}, \"filter\": []}"
                },
                "title": "Navigation [Packetbeat] ECS",
                "uiStateJSON": "{}",
                "version": 1,
                "visState": "{\"type\": \"markdown\", \"params\": {\"fontSize\": 10, \"openLinksInNewTab\": false, \"markdown\": \"### Packetbeat:\\n\\n[Overview](#/dashboard/Packetbeat-Dashboard-ecs)\\n\\n[Network Flows](#/dashboard/Packetbeat-Flows-ecs)\\n\\n[DNS Overview](#/dashboard/65120940-1454-11e9-9de0-f98d1808db8e-ecs) | [Tunneling](#/dashboard/DNS-Unique-Domains-ecs)\\n\\n[DHCPv4 Transactions](#/dashboard/a7b35890-8baa-11e8-9676-ef67484126fb-ecs)\\n\\n[TLS Overview](#/dashboard/tls-sessions-ecs)\\n\\n[HTTP transactions](#/dashboard/Packetbeat-HTTP-ecs)\\n\\nDatabases: [MySQL](#/dashboard/Packetbeat-MySQL-performance-ecs) | [PostgreSQL](#/dashboard/Packetbeat-PgSQL-performance-ecs) | [MongoDB](#/dashboard/Packetbeat-MongoDB-performance-ecs) | [Cassandra](#/dashboard/Packetbeat-Cassandra-ecs)\\n\\nRPC: [Thrift](#/dashboard/Packetbeat-Thrift-performance-ecs)\\n\\nStorage: [NFS](#/dashboard/Packetbeat-NFS-ecs)\"}, \"aggs\": [], \"title\": \"Navigation [Packetbeat] ECS\"}"
            },
            "id": "Navigation-ecs",
            "type": "visualization",
            "updated_at": "2019-01-19T00:18:59.372Z",
            "version": 11
        },
        {
            "attributes": {
                "description": "",
                "kibanaSavedObjectMeta": {
                    "searchSourceJSON": "{\"query\": {\"query\": \"\", \"language\": \"kuery\"}, \"filter\": []}"
                },
                "savedSearchId": "Packetbeat-Flows-Search-ecs",
                "title": "Connections over time [Packetbeat Flows] ECS",
                "uiStateJSON": "{}",
                "version": 1,
                "visState": "{\"type\": \"area\", \"params\": {\"interpolate\": \"linear\", \"defaultYExtents\": false, \"seriesParams\": [{\"interpolate\": \"cardinal\", \"show\": \"true\", \"mode\": \"stacked\", \"valueAxis\": \"ValueAxis-1\", \"type\": \"area\", \"data\": {\"id\": \"1\", \"label\": \"Unique Flows\"}}], \"smoothLines\": true, \"addTimeMarker\": false, \"setYExtents\": false, \"legendPosition\": \"right\", \"shareYAxis\": true, \"addLegend\": true, \"type\": \"area\", \"yAxis\": {}, \"times\": [], \"grid\": {\"style\": {\"color\": \"#eee\"}, \"categoryLines\": false}, \"valueAxes\": [{\"show\": true, \"id\": \"ValueAxis-1\", \"position\": \"left\", \"title\": {\"text\": \"Count\"}, \"labels\": {\"show\": true, \"truncate\": 100, \"filter\": false, \"rotate\": 0}, \"style\": {}, \"scale\": {\"type\": \"linear\", \"mode\": \"normal\", \"defaultYExtents\": false, \"setYExtents\": false}, \"name\": \"LeftAxis-1\", \"type\": \"value\"}], \"scale\": \"linear\", \"mode\": \"stacked\", \"addTooltip\": true, \"categoryAxes\": [{\"show\": true, \"id\": \"CategoryAxis-1\", \"position\": \"bottom\", \"title\": {}, \"labels\": {\"show\": true, \"truncate\": 100}, \"scale\": {\"type\": \"linear\"}, \"style\": {}, \"type\": \"category\"}]}, \"aggs\": [{\"type\": \"cardinality\", \"id\": \"1\", \"schema\": \"metric\", \"params\": {\"field\": \"flow.id\", \"customLabel\": \"Unique Flows\"}, \"enabled\": true}, {\"type\": \"date_histogram\", \"id\": \"2\", \"schema\": \"segment\", \"params\": {\"field\": \"@timestamp\", \"interval\": \"auto\", \"useNormalizedEsInterval\": true, \"drop_partials\": false, \"customInterval\": \"2h\", \"extended_bounds\": {}, \"min_doc_count\": 1}, \"enabled\": true}], \"title\": \"Connections over time [Packetbeat Flows] ECS\"}"
            },
            "id": "Connections-over-time-ecs",
            "type": "visualization",
            "updated_at": "2019-01-18T23:49:25.168Z",
            "version": 1
        },
        {
            "attributes": {
                "description": "",
                "kibanaSavedObjectMeta": {
                    "searchSourceJSON": "{\"query\": {\"query\": \"\", \"language\": \"kuery\"}, \"filter\": []}"
                },
                "savedSearchId": "Packetbeat-Flows-Search-ecs",
                "title": "Top Hosts Receiving Traffic [Packetbeat Flows] ECS",
                "uiStateJSON": "{}",
                "version": 1,
                "visState": "{\"type\": \"area\", \"params\": {\"interpolate\": \"linear\", \"defaultYExtents\": false, \"seriesParams\": [{\"interpolate\": \"cardinal\", \"show\": \"true\", \"mode\": \"stacked\", \"valueAxis\": \"ValueAxis-1\", \"type\": \"area\", \"data\": {\"id\": \"1\", \"label\": \"Destination Bytes\"}}], \"smoothLines\": true, \"addTimeMarker\": false, \"setYExtents\": false, \"legendPosition\": \"right\", \"shareYAxis\": true, \"addLegend\": true, \"type\": \"area\", \"yAxis\": {}, \"times\": [], \"grid\": {\"style\": {\"color\": \"#eee\"}, \"categoryLines\": false}, \"valueAxes\": [{\"show\": true, \"id\": \"ValueAxis-1\", \"position\": \"left\", \"title\": {\"text\": \"Count\"}, \"labels\": {\"show\": true, \"truncate\": 100, \"filter\": false, \"rotate\": 0}, \"style\": {}, \"scale\": {\"type\": \"linear\", \"mode\": \"normal\", \"defaultYExtents\": false, \"setYExtents\": false}, \"name\": \"LeftAxis-1\", \"type\": \"value\"}], \"scale\": \"linear\", \"mode\": \"stacked\", \"addTooltip\": true, \"categoryAxes\": [{\"show\": true, \"id\": \"CategoryAxis-1\", \"position\": \"bottom\", \"title\": {}, \"labels\": {\"show\": true, \"truncate\": 100}, \"scale\": {\"type\": \"linear\"}, \"style\": {}, \"type\": \"category\"}]}, \"aggs\": [{\"type\": \"sum\", \"id\": \"1\", \"schema\": \"metric\", \"params\": {\"field\": \"destination.bytes\", \"customLabel\": \"Destination Bytes\"}, \"enabled\": true}, {\"type\": \"date_histogram\", \"id\": \"2\", \"schema\": \"segment\", \"params\": {\"field\": \"@timestamp\", \"interval\": \"auto\", \"useNormalizedEsInterval\": true, \"drop_partials\": false, \"customInterval\": \"2h\", \"extended_bounds\": {}, \"min_doc_count\": 1}, \"enabled\": true}, {\"type\": \"terms\", \"id\": \"3\", \"schema\": \"group\", \"params\": {\"otherBucketLabel\": \"Other\", \"order\": \"desc\", \"field\": \"destination.ip\", \"missingBucketLabel\": \"Missing\", \"orderBy\": \"1\", \"size\": 5, \"customLabel\": \"Destination IP\", \"otherBucket\": false, \"missingBucket\": false}, \"enabled\": true}], \"title\": \"Top Hosts Receiving Traffic [Packetbeat Flows] ECS\"}"
            },
            "id": "Top-hosts-receiving-traffic-ecs",
            "type": "visualization",
            "updated_at": "2019-01-18T23:49:25.168Z",
            "version": 1
        },
        {
            "attributes": {
                "description": "",
                "kibanaSavedObjectMeta": {
                    "searchSourceJSON": "{\"query\": {\"query\": \"\", \"language\": \"kuery\"}, \"filter\": []}"
                },
                "savedSearchId": "Packetbeat-Flows-Search-ecs",
                "title": "Network Traffic Between Hosts [Packetbeat Flows] ECS",
                "uiStateJSON": "{\"vis\": {\"params\": {\"sort\": {\"columnIndex\": null, \"direction\": null}}}}",
                "version": 1,
                "visState": "{\"type\": \"table\", \"params\": {\"showTotal\": false, \"showMetricsAtAllLevels\": false, \"showPartialRows\": false, \"perPage\": 10, \"totalFunc\": \"sum\", \"sort\": {\"columnIndex\": null, \"direction\": null}}, \"aggs\": [{\"type\": \"sum\", \"id\": \"1\", \"schema\": \"metric\", \"params\": {\"field\": \"source.bytes\", \"customLabel\": \"Source Bytes\"}, \"enabled\": true}, {\"type\": \"sum\", \"id\": \"2\", \"schema\": \"metric\", \"params\": {\"field\": \"destination.bytes\", \"customLabel\": \"Destination Bytes\"}, \"enabled\": true}, {\"type\": \"terms\", \"id\": \"3\", \"schema\": \"bucket\", \"params\": {\"otherBucketLabel\": \"Other\", \"order\": \"desc\", \"field\": \"source.ip\", \"missingBucketLabel\": \"Missing\", \"orderBy\": \"1\", \"size\": 5, \"customLabel\": \"Source IP\", \"otherBucket\": false, \"missingBucket\": false}, \"enabled\": true}, {\"type\": \"terms\", \"id\": \"4\", \"schema\": \"bucket\", \"params\": {\"otherBucketLabel\": \"Other\", \"order\": \"desc\", \"field\": \"destination.ip\", \"missingBucketLabel\": \"Missing\", \"orderBy\": \"1\", \"size\": 5, \"customLabel\": \"Destination IP\", \"otherBucket\": false, \"missingBucket\": false}, \"enabled\": true}], \"title\": \"Network Traffic Between Hosts [Packetbeat Flows] ECS\"}"
            },
            "id": "Network-traffic-between-your-hosts-ecs",
            "type": "visualization",
            "updated_at": "2019-01-18T23:49:25.168Z",
            "version": 1
        },
        {
            "attributes": {
                "columns": [
                    "type",
                    "event.start",
                    "event.end",
                    "source.ip",
                    "source.port",
                    "destination.ip",
                    "destination.port",
                    "source.bytes",
                    "destination.bytes"
                ],
                "description": "",
                "hits": 0,
                "kibanaSavedObjectMeta": {
                    "searchSourceJSON": "{\"query\": {\"query\": \"type: flow\", \"language\": \"kuery\"}, \"filter\": [], \"version\": true, \"highlightAll\": true, \"highlight\": {\"post_tags\": [\"@/kibana-highlighted-field@\"], \"pre_tags\": [\"@kibana-highlighted-field@\"], \"require_field_match\": false, \"fields\": {\"*\": {}}, \"fragment_size\": 2147483647}, \"index\": \"packetbeat-*\"}"
                },
                "sort": [
                    "@timestamp",
                    "desc"
                ],
                "title": "Flows Search [Packetbeat] ECS",
                "version": 1
            },
            "id": "Packetbeat-Flows-Search-ecs",
            "type": "search",
            "updated_at": "2019-01-18T23:49:25.168Z",
            "version": 1
        },
        {
            "attributes": {
                "description": "",
                "hits": 0,
                "kibanaSavedObjectMeta": {
                    "searchSourceJSON": "{\"query\": {\"query\": \"\", \"language\": \"kuery\"}, \"highlightAll\": true, \"filter\": [], \"version\": true}"
                },
                "optionsJSON": "{\"darkTheme\": false}",
                "panelsJSON": "[{\"type\": \"visualization\", \"id\": \"Top-hosts-creating-traffic-ecs\", \"panelIndex\": \"1\", \"version\": \"7.0.0-SNAPSHOT\", \"gridData\": {\"i\": \"1\", \"y\": 25, \"w\": 24, \"h\": 35, \"x\": 0}}, {\"type\": \"visualization\", \"id\": \"Navigation-ecs\", \"panelIndex\": \"2\", \"version\": \"7.0.0-SNAPSHOT\", \"gridData\": {\"i\": \"2\", \"y\": 0, \"w\": 12, \"h\": 20, \"x\": 0}}, {\"type\": \"visualization\", \"id\": \"Connections-over-time-ecs\", \"panelIndex\": \"3\", \"version\": \"7.0.0-SNAPSHOT\", \"gridData\": {\"i\": \"3\", \"y\": 0, \"w\": 36, \"h\": 25, \"x\": 12}}, {\"type\": \"visualization\", \"id\": \"Top-hosts-receiving-traffic-ecs\", \"panelIndex\": \"4\", \"version\": \"7.0.0-SNAPSHOT\", \"gridData\": {\"i\": \"4\", \"y\": 25, \"w\": 24, \"h\": 35, \"x\": 24}}, {\"type\": \"visualization\", \"id\": \"Network-traffic-between-your-hosts-ecs\", \"version\": \"7.0.0-SNAPSHOT\", \"embeddableConfig\": {\"vis\": {\"params\": {\"sort\": {\"columnIndex\": null, \"direction\": null}}}}, \"panelIndex\": \"5\", \"gridData\": {\"i\": \"5\", \"y\": 60, \"w\": 48, \"h\": 35, \"x\": 0}}]",
                "timeRestore": false,
                "title": "[Packetbeat] Flows ECS",
                "version": 1
            },
            "id": "Packetbeat-Flows-ecs",
            "type": "dashboard",
            "updated_at": "2019-01-18T23:49:25.168Z",
            "version": 1
        }
    ],
    "version": "7.0.0-SNAPSHOT"
}