{
    "objects": [
        {
            "attributes": {
                "description": "",
                "kibanaSavedObjectMeta": {
                    "searchSourceJSON": "{\"query\": {\"query\": \"\", \"language\": \"kuery\"}, \"filter\": []}"
                },
                "title": "Navigation [Packetbeat] ECS",
                "uiStateJSON": "{}",
                "version": 1,
                "visState": "{\"type\": \"markdown\", \"params\": {\"fontSize\": 10, \"openLinksInNewTab\": false, \"markdown\": \"### Packetbeat:\\n\\n[Overview](#/dashboard/Packetbeat-Dashboard-ecs)\\n\\n[Network Flows](#/dashboard/Packetbeat-Flows-ecs)\\n\\n[DNS Overview](#/dashboard/65120940-1454-11e9-9de0-f98d1808db8e-ecs) | [Tunneling](#/dashboard/DNS-Unique-Domains-ecs)\\n\\n[DHCPv4 Transactions](#/dashboard/a7b35890-8baa-11e8-9676-ef67484126fb-ecs)\\n\\n[TLS Overview](#/dashboard/tls-sessions-ecs)\\n\\n[HTTP transactions](#/dashboard/Packetbeat-HTTP-ecs)\\n\\nDatabases: [MySQL](#/dashboard/Packetbeat-MySQL-performance-ecs) | [PostgreSQL](#/dashboard/Packetbeat-PgSQL-performance-ecs) | [MongoDB](#/dashboard/Packetbeat-MongoDB-performance-ecs) | [Cassandra](#/dashboard/Packetbeat-Cassandra-ecs)\\n\\nRPC: [Thrift](#/dashboard/Packetbeat-Thrift-performance-ecs)\\n\\nStorage: [NFS](#/dashboard/Packetbeat-NFS-ecs)\"}, \"aggs\": [], \"title\": \"Navigation [Packetbeat] ECS\"}"
            },
            "id": "Navigation-ecs",
            "type": "visualization",
            "updated_at": "2019-01-19T00:18:59.372Z",
            "version": 11
        },
        {
            "attributes": {
                "description": "",
                "kibanaSavedObjectMeta": {
                    "searchSourceJSON": "{\"query\": {\"query\": \"\", \"language\": \"kuery\"}, \"filter\": []}"
                },
                "savedSearchId": "651fd6d0-88d0-11e7-ad9c-db80de0bf8d3-ecs",
                "title": "MongoDB errors [Packetbeat] ECS",
                "uiStateJSON": "{}",
                "version": 1,
                "visState": "{\"type\": \"line\", \"params\": {\"interpolate\": \"linear\", \"type\": \"line\", \"shareYAxis\": true, \"seriesParams\": [{\"interpolate\": \"linear\", \"show\": \"true\", \"radiusRatio\": 9, \"valueAxis\": \"ValueAxis-1\", \"drawLinesBetweenPoints\": true, \"mode\": \"normal\", \"showCircles\": true, \"type\": \"line\", \"data\": {\"id\": \"1\", \"label\": \"Count\"}}], \"radiusRatio\": 9, \"smoothLines\": false, \"addTimeMarker\": false, \"setYExtents\": false, \"legendPosition\": \"right\", \"addLegend\": true, \"scale\": \"linear\", \"yAxis\": {}, \"times\": [], \"grid\": {\"style\": {\"color\": \"#eee\"}, \"categoryLines\": false}, \"valueAxes\": [{\"show\": true, \"id\": \"ValueAxis-1\", \"position\": \"left\", \"title\": {\"text\": \"Count\"}, \"labels\": {\"show\": true, \"truncate\": 100, \"filter\": false, \"rotate\": 0}, \"style\": {}, \"scale\": {\"type\": \"linear\", \"mode\": \"normal\", \"defaultYExtents\": false, \"setYExtents\": false}, \"name\": \"LeftAxis-1\", \"type\": \"value\"}], \"spyPerPage\": 10, \"drawLinesBetweenPoints\": true, \"defaultYExtents\": false, \"addTooltip\": true, \"categoryAxes\": [{\"show\": true, \"id\": \"CategoryAxis-1\", \"position\": \"bottom\", \"title\": {}, \"labels\": {\"show\": true, \"truncate\": 100}, \"scale\": {\"type\": \"linear\"}, \"style\": {}, \"type\": \"category\"}], \"showCircles\": true}, \"aggs\": [{\"type\": \"count\", \"id\": \"1\", \"schema\": \"metric\", \"params\": {}, \"enabled\": true}, {\"type\": \"date_histogram\", \"id\": \"2\", \"schema\": \"segment\", \"params\": {\"field\": \"@timestamp\", \"interval\": \"auto\", \"useNormalizedEsInterval\": true, \"drop_partials\": false, \"customInterval\": \"2h\", \"extended_bounds\": {}, \"min_doc_count\": 1}, \"enabled\": true}, {\"type\": \"terms\", \"id\": \"3\", \"schema\": \"split\", \"params\": {\"otherBucketLabel\": \"Other\", \"order\": \"desc\", \"field\": \"resource\", \"missingBucketLabel\": \"Missing\", \"row\": true, \"size\": 3, \"orderBy\": \"1\", \"otherBucket\": false, \"missingBucket\": false}, \"enabled\": true}, {\"type\": \"terms\", \"id\": \"4\", \"schema\": \"group\", \"params\": {\"otherBucketLabel\": \"Other\", \"order\": \"desc\", \"field\": \"method\", \"missingBucketLabel\": \"Missing\", \"size\": 5, \"orderBy\": \"1\", \"otherBucket\": false, \"missingBucket\": false}, \"enabled\": true}], \"title\": \"MongoDB errors [Packetbeat] ECS\"}"
            },
            "id": "MongoDB-errors-ecs",
            "type": "visualization",
            "updated_at": "2019-01-18T23:49:27.239Z",
            "version": 1
        },
        {
            "attributes": {
                "description": "",
                "kibanaSavedObjectMeta": {
                    "searchSourceJSON": "{\"query\": {\"query\": \"\", \"language\": \"kuery\"}, \"filter\": []}"
                },
                "savedSearchId": "MongoDB-transactions-ecs",
                "title": "MongoDB Commands [Packetbeat] ECS",
                "uiStateJSON": "{}",
                "version": 1,
                "visState": "{\"type\": \"area\", \"params\": {\"interpolate\": \"linear\", \"defaultYExtents\": false, \"seriesParams\": [{\"interpolate\": \"cardinal\", \"show\": \"true\", \"mode\": \"stacked\", \"valueAxis\": \"ValueAxis-1\", \"type\": \"area\", \"data\": {\"id\": \"1\", \"label\": \"Count\"}}], \"smoothLines\": true, \"addTimeMarker\": false, \"setYExtents\": false, \"legendPosition\": \"right\", \"shareYAxis\": true, \"addLegend\": true, \"type\": \"area\", \"yAxis\": {}, \"times\": [], \"grid\": {\"style\": {\"color\": \"#eee\"}, \"categoryLines\": false}, \"valueAxes\": [{\"show\": true, \"id\": \"ValueAxis-1\", \"position\": \"left\", \"title\": {\"text\": \"Count\"}, \"labels\": {\"show\": true, \"truncate\": 100, \"filter\": false, \"rotate\": 0}, \"style\": {}, \"scale\": {\"type\": \"linear\", \"mode\": \"silhouette\", \"defaultYExtents\": false, \"setYExtents\": false}, \"name\": \"LeftAxis-1\", \"type\": \"value\"}], \"scale\": \"linear\", \"mode\": \"silhouette\", \"addTooltip\": true, \"categoryAxes\": [{\"show\": true, \"id\": \"CategoryAxis-1\", \"position\": \"bottom\", \"title\": {}, \"labels\": {\"show\": true, \"truncate\": 100}, \"scale\": {\"type\": \"linear\"}, \"style\": {}, \"type\": \"category\"}]}, \"aggs\": [{\"type\": \"count\", \"id\": \"1\", \"schema\": \"metric\", \"params\": {}, \"enabled\": true}, {\"type\": \"date_histogram\", \"id\": \"2\", \"schema\": \"segment\", \"params\": {\"field\": \"@timestamp\", \"interval\": \"auto\", \"useNormalizedEsInterval\": true, \"drop_partials\": false, \"customInterval\": \"2h\", \"extended_bounds\": {}, \"min_doc_count\": 1}, \"enabled\": true}, {\"type\": \"terms\", \"id\": \"3\", \"schema\": \"group\", \"params\": {\"otherBucketLabel\": \"Other\", \"order\": \"desc\", \"field\": \"method\", \"missingBucketLabel\": \"Missing\", \"size\": 5, \"orderBy\": \"1\", \"otherBucket\": false, \"missingBucket\": false}, \"enabled\": true}], \"title\": \"MongoDB Commands [Packetbeat] ECS\"}"
            },
            "id": "MongoDB-commands-ecs",
            "type": "visualization",
            "updated_at": "2019-01-18T23:49:27.239Z",
            "version": 1
        },
        {
            "attributes": {
                "description": "",
                "kibanaSavedObjectMeta": {
                    "searchSourceJSON": "{\"query\": {\"query\": \"\", \"language\": \"kuery\"}, \"filter\": []}"
                },
                "savedSearchId": "651fd6d0-88d0-11e7-ad9c-db80de0bf8d3-ecs",
                "title": "MongoDB errors per collection [Packetbeat] ECS",
                "uiStateJSON": "{}",
                "version": 1,
                "visState": "{\"type\": \"line\", \"params\": {\"interpolate\": \"linear\", \"type\": \"line\", \"shareYAxis\": true, \"seriesParams\": [{\"interpolate\": \"linear\", \"show\": \"true\", \"radiusRatio\": 9, \"valueAxis\": \"ValueAxis-1\", \"drawLinesBetweenPoints\": true, \"mode\": \"normal\", \"showCircles\": true, \"type\": \"line\", \"data\": {\"id\": \"1\", \"label\": \"Count\"}}], \"radiusRatio\": 9, \"smoothLines\": false, \"addTimeMarker\": false, \"setYExtents\": false, \"legendPosition\": \"right\", \"addLegend\": true, \"scale\": \"linear\", \"yAxis\": {}, \"times\": [], \"grid\": {\"style\": {\"color\": \"#eee\"}, \"categoryLines\": false}, \"valueAxes\": [{\"show\": true, \"id\": \"ValueAxis-1\", \"position\": \"left\", \"title\": {\"text\": \"Count\"}, \"labels\": {\"show\": true, \"truncate\": 100, \"filter\": false, \"rotate\": 0}, \"style\": {}, \"scale\": {\"type\": \"linear\", \"mode\": \"normal\", \"defaultYExtents\": false, \"setYExtents\": false}, \"name\": \"LeftAxis-1\", \"type\": \"value\"}], \"spyPerPage\": 10, \"drawLinesBetweenPoints\": true, \"defaultYExtents\": false, \"addTooltip\": true, \"categoryAxes\": [{\"show\": true, \"id\": \"CategoryAxis-1\", \"position\": \"bottom\", \"title\": {}, \"labels\": {\"show\": true, \"truncate\": 100}, \"scale\": {\"type\": \"linear\"}, \"style\": {}, \"type\": \"category\"}], \"showCircles\": true}, \"aggs\": [{\"type\": \"count\", \"id\": \"1\", \"schema\": \"metric\", \"params\": {}, \"enabled\": true}, {\"type\": \"date_histogram\", \"id\": \"2\", \"schema\": \"segment\", \"params\": {\"field\": \"@timestamp\", \"interval\": \"auto\", \"useNormalizedEsInterval\": true, \"drop_partials\": false, \"customInterval\": \"2h\", \"extended_bounds\": {}, \"min_doc_count\": 1}, \"enabled\": true}, {\"type\": \"terms\", \"id\": \"3\", \"schema\": \"group\", \"params\": {\"otherBucketLabel\": \"Other\", \"order\": \"desc\", \"field\": \"resource\", \"missingBucketLabel\": \"Missing\", \"size\": 5, \"orderBy\": \"1\", \"otherBucket\": false, \"missingBucket\": false}, \"enabled\": true}], \"title\": \"MongoDB errors per collection [Packetbeat] ECS\"}"
            },
            "id": "MongoDB-errors-per-collection-ecs",
            "type": "visualization",
            "updated_at": "2019-01-18T23:49:27.239Z",
            "version": 1
        },
        {
            "attributes": {
                "description": "",
                "kibanaSavedObjectMeta": {
                    "searchSourceJSON": "{\"query\": {\"query\": \"\", \"language\": \"kuery\"}, \"filter\": []}"
                },
                "savedSearchId": "MongoDB-transactions-ecs",
                "title": "MongoDB in/out throughput [Packetbeat] ECS",
                "uiStateJSON": "{}",
                "version": 1,
                "visState": "{\"type\": \"line\", \"params\": {\"interpolate\": \"linear\", \"type\": \"line\", \"shareYAxis\": true, \"seriesParams\": [{\"interpolate\": \"linear\", \"show\": \"true\", \"radiusRatio\": 9, \"valueAxis\": \"ValueAxis-1\", \"drawLinesBetweenPoints\": true, \"mode\": \"normal\", \"showCircles\": true, \"type\": \"line\", \"data\": {\"id\": \"1\", \"label\": \"Sum of source.bytes\"}}, {\"interpolate\": \"linear\", \"show\": true, \"valueAxis\": \"ValueAxis-1\", \"drawLinesBetweenPoints\": true, \"mode\": \"normal\", \"showCircles\": true, \"type\": \"line\", \"data\": {\"id\": \"4\", \"label\": \"Sum of destination.bytes\"}}], \"radiusRatio\": 9, \"smoothLines\": false, \"addTimeMarker\": false, \"setYExtents\": false, \"legendPosition\": \"right\", \"addLegend\": true, \"scale\": \"linear\", \"yAxis\": {}, \"times\": [], \"grid\": {\"style\": {\"color\": \"#eee\"}, \"categoryLines\": false}, \"valueAxes\": [{\"show\": true, \"id\": \"ValueAxis-1\", \"position\": \"left\", \"title\": {\"text\": \"Count\"}, \"labels\": {\"show\": true, \"truncate\": 100, \"filter\": false, \"rotate\": 0}, \"style\": {}, \"scale\": {\"type\": \"linear\", \"mode\": \"normal\", \"defaultYExtents\": false, \"setYExtents\": false}, \"name\": \"LeftAxis-1\", \"type\": \"value\"}], \"drawLinesBetweenPoints\": true, \"defaultYExtents\": false, \"addTooltip\": true, \"categoryAxes\": [{\"show\": true, \"id\": \"CategoryAxis-1\", \"position\": \"bottom\", \"title\": {}, \"labels\": {\"show\": true, \"truncate\": 100}, \"scale\": {\"type\": \"linear\"}, \"style\": {}, \"type\": \"category\"}], \"showCircles\": true}, \"aggs\": [{\"type\": \"sum\", \"id\": \"1\", \"schema\": \"metric\", \"params\": {\"field\": \"source.bytes\"}, \"enabled\": true}, {\"type\": \"date_histogram\", \"id\": \"2\", \"schema\": \"segment\", \"params\": {\"field\": \"@timestamp\", \"interval\": \"auto\", \"useNormalizedEsInterval\": true, \"drop_partials\": false, \"customInterval\": \"2h\", \"extended_bounds\": {}, \"min_doc_count\": 1}, \"enabled\": true}, {\"type\": \"sum\", \"id\": \"4\", \"schema\": \"metric\", \"params\": {\"field\": \"destination.bytes\"}, \"enabled\": true}], \"title\": \"MongoDB in/out throughput [Packetbeat] ECS\"}"
            },
            "id": "MongoDB-in-slash-out-throughput-ecs",
            "type": "visualization",
            "updated_at": "2019-01-18T23:49:27.239Z",
            "version": 1
        },
        {
            "attributes": {
                "description": "",
                "kibanaSavedObjectMeta": {
                    "searchSourceJSON": "{\"query\": {\"query\": \"\", \"language\": \"kuery\"}, \"filter\": []}"
                },
                "savedSearchId": "MongoDB-transactions-ecs",
                "title": "MongoDB response times by collection [Packetbeat] ECS",
                "uiStateJSON": "{}",
                "version": 1,
                "visState": "{\"type\": \"line\", \"params\": {\"interpolate\": \"linear\", \"type\": \"line\", \"shareYAxis\": true, \"seriesParams\": [{\"interpolate\": \"linear\", \"show\": \"true\", \"radiusRatio\": \"9\", \"valueAxis\": \"ValueAxis-1\", \"drawLinesBetweenPoints\": false, \"mode\": \"normal\", \"showCircles\": true, \"type\": \"line\", \"data\": {\"id\": \"1\", \"label\": \"Percentiles of event.duration\"}}], \"radiusRatio\": \"9\", \"smoothLines\": false, \"addTimeMarker\": false, \"setYExtents\": false, \"legendPosition\": \"right\", \"addLegend\": true, \"scale\": \"linear\", \"yAxis\": {}, \"times\": [], \"grid\": {\"style\": {\"color\": \"#eee\"}, \"categoryLines\": false}, \"valueAxes\": [{\"show\": true, \"id\": \"ValueAxis-1\", \"position\": \"left\", \"title\": {\"text\": \"Percentiles of event.duration\"}, \"labels\": {\"show\": true, \"truncate\": 100, \"filter\": false, \"rotate\": 0}, \"style\": {}, \"scale\": {\"type\": \"linear\", \"mode\": \"normal\", \"defaultYExtents\": false, \"setYExtents\": false}, \"name\": \"LeftAxis-1\", \"type\": \"value\"}], \"drawLinesBetweenPoints\": false, \"defaultYExtents\": false, \"addTooltip\": true, \"categoryAxes\": [{\"show\": true, \"id\": \"CategoryAxis-1\", \"position\": \"bottom\", \"title\": {}, \"labels\": {\"show\": true, \"truncate\": 100}, \"scale\": {\"type\": \"linear\"}, \"style\": {}, \"type\": \"category\"}], \"showCircles\": true}, \"aggs\": [{\"type\": \"percentiles\", \"id\": \"1\", \"schema\": \"metric\", \"params\": {\"field\": \"event.duration\", \"percents\": [99]}, \"enabled\": true}, {\"type\": \"date_histogram\", \"id\": \"2\", \"schema\": \"segment\", \"params\": {\"field\": \"@timestamp\", \"interval\": \"auto\", \"useNormalizedEsInterval\": true, \"drop_partials\": false, \"customInterval\": \"2h\", \"extended_bounds\": {}, \"min_doc_count\": 1}, \"enabled\": true}, {\"type\": \"terms\", \"id\": \"3\", \"schema\": \"group\", \"params\": {\"otherBucketLabel\": \"Other\", \"order\": \"desc\", \"field\": \"resource\", \"missingBucketLabel\": \"Missing\", \"size\": 5, \"orderBy\": \"_key\", \"otherBucket\": false, \"missingBucket\": false}, \"enabled\": true}, {\"type\": \"count\", \"id\": \"4\", \"schema\": \"radius\", \"params\": {}, \"enabled\": true}], \"title\": \"MongoDB response times by collection [Packetbeat] ECS\"}"
            },
            "id": "MongoDB-response-times-by-collection-ecs",
            "type": "visualization",
            "updated_at": "2019-01-18T23:49:27.239Z",
            "version": 1
        },
        {
            "attributes": {
                "description": "",
                "kibanaSavedObjectMeta": {
                    "searchSourceJSON": "{\"query\": {\"query\": \"\", \"language\": \"kuery\"}, \"filter\": []}"
                },
                "savedSearchId": "MongoDB-transactions-ecs",
                "title": "Top slowest MongoDB queries [Packetbeat] ECS",
                "uiStateJSON": "{\"vis\": {\"params\": {\"sort\": {\"columnIndex\": null, \"direction\": null}}}}",
                "version": 1,
                "visState": "{\"type\": \"table\", \"params\": {\"showTotal\": false, \"showMetricsAtAllLevels\": false, \"showPartialRows\": false, \"perPage\": 10, \"totalFunc\": \"sum\", \"sort\": {\"columnIndex\": null, \"direction\": null}}, \"aggs\": [{\"type\": \"percentiles\", \"id\": \"1\", \"schema\": \"metric\", \"params\": {\"field\": \"event.duration\", \"percents\": [99]}, \"enabled\": true}, {\"type\": \"terms\", \"id\": \"2\", \"schema\": \"bucket\", \"params\": {\"otherBucketLabel\": \"Other\", \"order\": \"desc\", \"field\": \"query\", \"missingBucketLabel\": \"Missing\", \"size\": 10, \"orderBy\": \"_key\", \"otherBucket\": false, \"missingBucket\": false}, \"enabled\": true}], \"title\": \"Top slowest MongoDB queries [Packetbeat] ECS\"}"
            },
            "id": "Top-slowest-MongoDB-queries-ecs",
            "type": "visualization",
            "updated_at": "2019-01-18T23:49:27.239Z",
            "version": 1
        },
        {
            "attributes": {
                "description": "",
                "kibanaSavedObjectMeta": {
                    "searchSourceJSON": "{\"query\": {\"query\": \"\", \"language\": \"kuery\"}, \"filter\": []}"
                },
                "savedSearchId": "MongoDB-transactions-with-write-concern-0-ecs",
                "title": "Number of MongoDB transactions with writeConcern w=0 [Packetbeat] ECS",
                "uiStateJSON": "{}",
                "version": 1,
                "visState": "{\"type\": \"line\", \"params\": {\"interpolate\": \"linear\", \"type\": \"line\", \"shareYAxis\": true, \"seriesParams\": [{\"interpolate\": \"linear\", \"show\": \"true\", \"radiusRatio\": 9, \"valueAxis\": \"ValueAxis-1\", \"drawLinesBetweenPoints\": true, \"mode\": \"normal\", \"showCircles\": true, \"type\": \"line\", \"data\": {\"id\": \"1\", \"label\": \"Count\"}}], \"radiusRatio\": 9, \"smoothLines\": false, \"addTimeMarker\": false, \"setYExtents\": false, \"legendPosition\": \"right\", \"addLegend\": true, \"scale\": \"linear\", \"yAxis\": {}, \"times\": [], \"grid\": {\"style\": {\"color\": \"#eee\"}, \"categoryLines\": false}, \"valueAxes\": [{\"show\": true, \"id\": \"ValueAxis-1\", \"position\": \"left\", \"title\": {\"text\": \"Count\"}, \"labels\": {\"show\": true, \"truncate\": 100, \"filter\": false, \"rotate\": 0}, \"style\": {}, \"scale\": {\"type\": \"linear\", \"mode\": \"normal\", \"defaultYExtents\": false, \"setYExtents\": false}, \"name\": \"LeftAxis-1\", \"type\": \"value\"}], \"drawLinesBetweenPoints\": true, \"defaultYExtents\": false, \"addTooltip\": true, \"categoryAxes\": [{\"show\": true, \"id\": \"CategoryAxis-1\", \"position\": \"bottom\", \"title\": {}, \"labels\": {\"show\": true, \"truncate\": 100}, \"scale\": {\"type\": \"linear\"}, \"style\": {}, \"type\": \"category\"}], \"showCircles\": true}, \"aggs\": [{\"type\": \"count\", \"id\": \"1\", \"schema\": \"metric\", \"params\": {}, \"enabled\": true}, {\"type\": \"date_histogram\", \"id\": \"2\", \"schema\": \"segment\", \"params\": {\"field\": \"@timestamp\", \"interval\": \"auto\", \"useNormalizedEsInterval\": true, \"drop_partials\": false, \"customInterval\": \"2h\", \"extended_bounds\": {}, \"min_doc_count\": 1}, \"enabled\": true}, {\"type\": \"count\", \"id\": \"3\", \"schema\": \"radius\", \"params\": {}, \"enabled\": true}], \"title\": \"Number of MongoDB transactions with writeConcern w=0 [Packetbeat] ECS\"}"
            },
            "id": "Number-of-MongoDB-transactions-with-writeConcern-w-equal-0-ecs",
            "type": "visualization",
            "updated_at": "2019-01-18T23:49:27.239Z",
            "version": 1
        },
        {
            "attributes": {
                "columns": [
                    "_source"
                ],
                "description": "",
                "hits": 0,
                "kibanaSavedObjectMeta": {
                    "searchSourceJSON": "{\"query\": {\"query\": \"\", \"language\": \"kuery\"}, \"highlightAll\": true, \"filter\": [{\"query\": {\"match\": {\"type\": {\"type\": \"phrase\", \"query\": \"mongodb\"}}}, \"meta\": {\"negate\": false, \"key\": \"type\", \"value\": \"mongodb\", \"params\": {\"type\": \"phrase\", \"query\": \"mongodb\"}, \"index\": \"packetbeat-*\", \"alias\": null, \"type\": \"phrase\", \"disabled\": false}, \"$state\": {\"store\": \"appState\"}}, {\"query\": {\"match\": {\"status\": {\"type\": \"phrase\", \"query\": \"OK\"}}}, \"meta\": {\"negate\": true, \"key\": \"status\", \"value\": \"OK\", \"params\": {\"type\": \"phrase\", \"query\": \"OK\"}, \"index\": \"packetbeat-*\", \"alias\": null, \"type\": \"phrase\", \"disabled\": false}, \"$state\": {\"store\": \"appState\"}}], \"index\": \"packetbeat-*\", \"version\": true}"
                },
                "sort": [
                    "@timestamp",
                    "desc"
                ],
                "title": "MongoDB errors [Packetbeat] ECS",
                "version": 1
            },
            "id": "651fd6d0-88d0-11e7-ad9c-db80de0bf8d3-ecs",
            "type": "search",
            "updated_at": "2019-01-18T23:49:27.239Z",
            "version": 1
        },
        {
            "attributes": {
                "columns": [
                    "method",
                    "type",
                    "path",
                    "event.duration",
                    "status",
                    "query"
                ],
                "description": "",
                "hits": 0,
                "kibanaSavedObjectMeta": {
                    "searchSourceJSON": "{\"query\": {\"query\": \"\", \"language\": \"kuery\"}, \"filter\": [{\"query\": {\"match\": {\"event.dataset\": {\"type\": \"phrase\", \"query\": \"mongodb\"}}}, \"meta\": {\"negate\": false, \"key\": \"event.dataset\", \"value\": \"mongodb\", \"params\": {\"type\": \"phrase\", \"query\": \"mongodb\"}, \"index\": \"packetbeat-*\", \"alias\": null, \"type\": \"phrase\", \"disabled\": false}, \"$state\": {\"store\": \"appState\"}}], \"version\": true, \"highlightAll\": true, \"highlight\": {\"post_tags\": [\"@/kibana-highlighted-field@\"], \"pre_tags\": [\"@kibana-highlighted-field@\"], \"fields\": {\"*\": {}}, \"fragment_size\": 2147483647}, \"index\": \"packetbeat-*\"}"
                },
                "sort": [
                    "@timestamp",
                    "desc"
                ],
                "title": "MongoDB Transaction Search [Packetbeat] ECS",
                "version": 1
            },
            "id": "MongoDB-transactions-ecs",
            "type": "search",
            "updated_at": "2019-01-18T23:49:27.239Z",
            "version": 1
        },
        {
            "attributes": {
                "columns": [
                    "method",
                    "type",
                    "path",
                    "event.duration",
                    "status",
                    "query"
                ],
                "description": "",
                "hits": 0,
                "kibanaSavedObjectMeta": {
                    "searchSourceJSON": "{\"query\": {\"query\": \"request: \\\"writeConcern w 0\\\"\", \"language\": \"kuery\"}, \"filter\": [{\"query\": {\"match\": {\"event.dataset\": {\"type\": \"phrase\", \"query\": \"mongodb\"}}}, \"meta\": {\"negate\": false, \"key\": \"event.dataset\", \"value\": \"mongodb\", \"params\": {\"type\": \"phrase\", \"query\": \"mongodb\"}, \"index\": \"packetbeat-*\", \"alias\": null, \"type\": \"phrase\", \"disabled\": false}, \"$state\": {\"store\": \"appState\"}}], \"version\": true, \"highlightAll\": true, \"highlight\": {\"post_tags\": [\"@/kibana-highlighted-field@\"], \"pre_tags\": [\"@kibana-highlighted-field@\"], \"fields\": {\"*\": {}}, \"fragment_size\": 2147483647}, \"index\": \"packetbeat-*\"}"
                },
                "sort": [
                    "@timestamp",
                    "desc"
                ],
                "title": "MongoDB transactions with write concern 0 [Packetbeat] ECS",
                "version": 1
            },
            "id": "MongoDB-transactions-with-write-concern-0-ecs",
            "type": "search",
            "updated_at": "2019-01-18T23:49:27.239Z",
            "version": 1
        },
        {
            "attributes": {
                "description": "",
                "hits": 0,
                "kibanaSavedObjectMeta": {
                    "searchSourceJSON": "{\"query\": {\"query\": \"\", \"language\": \"kuery\"}, \"highlightAll\": true, \"filter\": [], \"version\": true}"
                },
                "optionsJSON": "{\"darkTheme\": false}",
                "panelsJSON": "[{\"type\": \"visualization\", \"id\": \"Navigation-ecs\", \"panelIndex\": \"1\", \"version\": \"7.0.0-SNAPSHOT\", \"gridData\": {\"i\": \"1\", \"y\": 0, \"w\": 12, \"h\": 20, \"x\": 0}}, {\"type\": \"visualization\", \"id\": \"MongoDB-errors-ecs\", \"panelIndex\": \"2\", \"version\": \"7.0.0-SNAPSHOT\", \"gridData\": {\"i\": \"2\", \"y\": 0, \"w\": 20, \"h\": 20, \"x\": 12}}, {\"type\": \"visualization\", \"id\": \"MongoDB-commands-ecs\", \"panelIndex\": \"3\", \"version\": \"7.0.0-SNAPSHOT\", \"gridData\": {\"i\": \"3\", \"y\": 0, \"w\": 16, \"h\": 20, \"x\": 32}}, {\"type\": \"visualization\", \"id\": \"MongoDB-errors-per-collection-ecs\", \"panelIndex\": \"4\", \"version\": \"7.0.0-SNAPSHOT\", \"gridData\": {\"i\": \"4\", \"y\": 20, \"w\": 16, \"h\": 15, \"x\": 0}}, {\"type\": \"visualization\", \"id\": \"MongoDB-in-slash-out-throughput-ecs\", \"panelIndex\": \"5\", \"version\": \"7.0.0-SNAPSHOT\", \"gridData\": {\"i\": \"5\", \"y\": 20, \"w\": 16, \"h\": 15, \"x\": 16}}, {\"type\": \"visualization\", \"id\": \"MongoDB-response-times-by-collection-ecs\", \"panelIndex\": \"6\", \"version\": \"7.0.0-SNAPSHOT\", \"gridData\": {\"i\": \"6\", \"y\": 35, \"w\": 32, \"h\": 25, \"x\": 0}}, {\"type\": \"visualization\", \"id\": \"Top-slowest-MongoDB-queries-ecs\", \"version\": \"7.0.0-SNAPSHOT\", \"embeddableConfig\": {\"vis\": {\"params\": {\"sort\": {\"columnIndex\": null, \"direction\": null}}}}, \"panelIndex\": \"7\", \"gridData\": {\"i\": \"7\", \"y\": 35, \"w\": 16, \"h\": 25, \"x\": 32}}, {\"type\": \"visualization\", \"id\": \"Number-of-MongoDB-transactions-with-writeConcern-w-equal-0-ecs\", \"panelIndex\": \"8\", \"version\": \"7.0.0-SNAPSHOT\", \"gridData\": {\"i\": \"8\", \"y\": 20, \"w\": 16, \"h\": 15, \"x\": 32}}]",
                "timeRestore": false,
                "title": "[Packetbeat] MongoDB ECS",
                "version": 1
            },
            "id": "Packetbeat-MongoDB-performance-ecs",
            "type": "dashboard",
            "updated_at": "2019-01-18T23:49:27.239Z",
            "version": 1
        }
    ],
    "version": "7.0.0-SNAPSHOT"
}