{
    "objects": [
        {
            "attributes": {
                "description": "",
                "kibanaSavedObjectMeta": {
                    "searchSourceJSON": "{\"query\": {\"query\": \"\", \"language\": \"kuery\"}, \"filter\": []}"
                },
                "savedSearchId": "nfs-ecs",
                "title": "NFS clients pie chart [Packetbeat] ECS",
                "uiStateJSON": "{}",
                "version": 1,
                "visState": "{\"type\": \"pie\", \"params\": {\"type\": \"pie\", \"labels\": {\"show\": false, \"truncate\": 100, \"values\": true, \"last_level\": true}, \"legendPosition\": \"right\", \"isDonut\": true, \"shareYAxis\": true, \"addTooltip\": true, \"addLegend\": true}, \"aggs\": [{\"type\": \"count\", \"id\": \"1\", \"schema\": \"metric\", \"params\": {}, \"enabled\": true}, {\"type\": \"terms\", \"id\": \"2\", \"schema\": \"segment\", \"params\": {\"otherBucketLabel\": \"Other\", \"order\": \"desc\", \"field\": \"rpc.cred.machinename\", \"missingBucketLabel\": \"Missing\", \"size\": 16, \"orderBy\": \"1\", \"otherBucket\": false, \"missingBucket\": false}, \"enabled\": true}], \"title\": \"NFS clients pie chart [Packetbeat] ECS\"}"
            },
            "id": "NFS-clients-pie-chart-ecs",
            "type": "visualization",
            "updated_at": "2019-01-18T23:49:29.316Z",
            "version": 1
        },
        {
            "attributes": {
                "description": "",
                "kibanaSavedObjectMeta": {
                    "searchSourceJSON": "{\"filter\": []}"
                },
                "savedSearchId": "nfs-ecs",
                "title": "NFS operations area chart ECS",
                "uiStateJSON": "{}",
                "version": 1,
                "visState": "{\"type\": \"area\", \"params\": {\"interpolate\": \"linear\", \"defaultYExtents\": false, \"addTooltip\": true, \"addTimeMarker\": false, \"setYExtents\": false, \"shareYAxis\": true, \"addLegend\": true, \"yAxis\": {}, \"times\": [], \"scale\": \"linear\", \"mode\": \"stacked\", \"smoothLines\": true}, \"aggs\": [{\"type\": \"count\", \"id\": \"1\", \"schema\": \"metric\", \"params\": {}}, {\"type\": \"terms\", \"id\": \"2\", \"schema\": \"group\", \"params\": {\"order\": \"desc\", \"field\": \"nfs.opcode\", \"orderBy\": \"1\", \"size\": 16}}, {\"type\": \"date_histogram\", \"id\": \"3\", \"schema\": \"segment\", \"params\": {\"min_doc_count\": 1, \"field\": \"@timestamp\", \"customInterval\": \"2h\", \"extended_bounds\": {}, \"interval\": \"auto\"}}], \"title\": \"NFS operations area chart ECS\", \"listeners\": {}}"
            },
            "id": "NFS-operations-area-chart-ecs",
            "type": "visualization",
            "updated_at": "2019-01-18T23:49:29.316Z",
            "version": 1
        },
        {
            "attributes": {
                "description": "",
                "kibanaSavedObjectMeta": {
                    "searchSourceJSON": "{\"query\": {\"query\": \"\", \"language\": \"kuery\"}, \"filter\": []}"
                },
                "savedSearchId": "nfs-ecs",
                "title": "NFS top group pie chart [Packetbeat] ECS",
                "uiStateJSON": "{}",
                "version": 1,
                "visState": "{\"type\": \"pie\", \"params\": {\"type\": \"pie\", \"labels\": {\"show\": false, \"truncate\": 100, \"values\": true, \"last_level\": true}, \"legendPosition\": \"right\", \"isDonut\": false, \"shareYAxis\": true, \"addTooltip\": true, \"addLegend\": true}, \"aggs\": [{\"type\": \"count\", \"id\": \"1\", \"schema\": \"metric\", \"params\": {}, \"enabled\": true}, {\"type\": \"terms\", \"id\": \"2\", \"schema\": \"segment\", \"params\": {\"otherBucketLabel\": \"Other\", \"order\": \"desc\", \"field\": \"rpc.cred.gid\", \"missingBucketLabel\": \"Missing\", \"size\": 16, \"orderBy\": \"1\", \"otherBucket\": false, \"missingBucket\": false}, \"enabled\": true}], \"title\": \"NFS top group pie chart [Packetbeat] ECS\"}"
            },
            "id": "NFS-top-group-pie-chart-ecs",
            "type": "visualization",
            "updated_at": "2019-01-18T23:49:29.316Z",
            "version": 1
        },
        {
            "attributes": {
                "description": "",
                "kibanaSavedObjectMeta": {
                    "searchSourceJSON": "{\"query\": {\"query\": \"\", \"language\": \"kuery\"}, \"filter\": []}"
                },
                "savedSearchId": "nfs-ecs",
                "title": "NFS top users pie chart [Packetbeat] ECS",
                "uiStateJSON": "{}",
                "version": 1,
                "visState": "{\"type\": \"pie\", \"params\": {\"type\": \"pie\", \"labels\": {\"show\": false, \"truncate\": 100, \"values\": true, \"last_level\": true}, \"legendPosition\": \"right\", \"isDonut\": false, \"shareYAxis\": true, \"addTooltip\": true, \"addLegend\": true}, \"aggs\": [{\"type\": \"count\", \"id\": \"1\", \"schema\": \"metric\", \"params\": {}, \"enabled\": true}, {\"type\": \"terms\", \"id\": \"2\", \"schema\": \"segment\", \"params\": {\"otherBucketLabel\": \"Other\", \"order\": \"desc\", \"field\": \"rpc.cred.uid\", \"missingBucketLabel\": \"Missing\", \"size\": 16, \"orderBy\": \"1\", \"otherBucket\": false, \"missingBucket\": false}, \"enabled\": true}], \"title\": \"NFS top users pie chart [Packetbeat] ECS\"}"
            },
            "id": "NFS-top-users-pie-chart-ecs",
            "type": "visualization",
            "updated_at": "2019-01-18T23:49:29.316Z",
            "version": 1
        },
        {
            "attributes": {
                "description": "",
                "kibanaSavedObjectMeta": {
                    "searchSourceJSON": "{\"query\": {\"query\": \"\", \"language\": \"kuery\"}, \"filter\": []}"
                },
                "savedSearchId": "nfs-ecs",
                "title": "NFS response times [Packetbeat] ECS",
                "uiStateJSON": "{}",
                "version": 1,
                "visState": "{\"type\": \"line\", \"params\": {\"interpolate\": \"linear\", \"type\": \"line\", \"shareYAxis\": true, \"seriesParams\": [{\"interpolate\": \"cardinal\", \"show\": \"true\", \"radiusRatio\": \"9\", \"valueAxis\": \"ValueAxis-1\", \"drawLinesBetweenPoints\": true, \"mode\": \"normal\", \"showCircles\": true, \"type\": \"line\", \"data\": {\"id\": \"1\", \"label\": \"Median event.duration\"}}], \"radiusRatio\": \"9\", \"smoothLines\": true, \"addTimeMarker\": false, \"setYExtents\": false, \"legendPosition\": \"right\", \"addLegend\": true, \"scale\": \"linear\", \"yAxis\": {}, \"times\": [], \"grid\": {\"style\": {\"color\": \"#eee\"}, \"categoryLines\": false}, \"valueAxes\": [{\"show\": true, \"id\": \"ValueAxis-1\", \"position\": \"left\", \"title\": {\"text\": \"Median event.duration\"}, \"labels\": {\"show\": true, \"truncate\": 100, \"filter\": false, \"rotate\": 0}, \"style\": {}, \"scale\": {\"type\": \"linear\", \"mode\": \"normal\", \"defaultYExtents\": true, \"setYExtents\": false}, \"name\": \"LeftAxis-1\", \"type\": \"value\"}], \"drawLinesBetweenPoints\": true, \"defaultYExtents\": true, \"addTooltip\": true, \"categoryAxes\": [{\"show\": true, \"id\": \"CategoryAxis-1\", \"position\": \"bottom\", \"title\": {}, \"labels\": {\"show\": true, \"truncate\": 100}, \"scale\": {\"type\": \"linear\"}, \"style\": {}, \"type\": \"category\"}], \"showCircles\": true}, \"aggs\": [{\"type\": \"median\", \"id\": \"1\", \"schema\": \"metric\", \"params\": {\"field\": \"event.duration\", \"percents\": [50]}, \"enabled\": true}, {\"type\": \"date_histogram\", \"id\": \"2\", \"schema\": \"segment\", \"params\": {\"field\": \"@timestamp\", \"interval\": \"auto\", \"useNormalizedEsInterval\": true, \"drop_partials\": false, \"customInterval\": \"2h\", \"extended_bounds\": {}, \"min_doc_count\": 1}, \"enabled\": true}], \"title\": \"NFS response times [Packetbeat] ECS\"}"
            },
            "id": "NFS-response-times-ecs",
            "type": "visualization",
            "updated_at": "2019-01-18T23:49:29.316Z",
            "version": 1
        },
        {
            "attributes": {
                "description": "",
                "kibanaSavedObjectMeta": {
                    "searchSourceJSON": "{\"query\": {\"query\": \"\", \"language\": \"kuery\"}, \"filter\": []}"
                },
                "savedSearchId": "NFS-errors-search-ecs",
                "title": "NFS errors [Packetbeat] ECS",
                "uiStateJSON": "{}",
                "version": 1,
                "visState": "{\"type\": \"area\", \"params\": {\"interpolate\": \"linear\", \"defaultYExtents\": false, \"seriesParams\": [{\"interpolate\": \"linear\", \"show\": \"true\", \"mode\": \"stacked\", \"valueAxis\": \"ValueAxis-1\", \"type\": \"area\", \"data\": {\"id\": \"1\", \"label\": \"Count\"}}], \"smoothLines\": false, \"addTimeMarker\": false, \"setYExtents\": false, \"legendPosition\": \"right\", \"shareYAxis\": true, \"addLegend\": true, \"type\": \"area\", \"yAxis\": {}, \"times\": [], \"grid\": {\"style\": {\"color\": \"#eee\"}, \"categoryLines\": false}, \"valueAxes\": [{\"show\": true, \"id\": \"ValueAxis-1\", \"position\": \"left\", \"title\": {\"text\": \"Count\"}, \"labels\": {\"show\": true, \"truncate\": 100, \"filter\": false, \"rotate\": 0}, \"style\": {}, \"scale\": {\"type\": \"linear\", \"mode\": \"normal\", \"defaultYExtents\": false, \"setYExtents\": false}, \"name\": \"LeftAxis-1\", \"type\": \"value\"}], \"scale\": \"linear\", \"mode\": \"stacked\", \"addTooltip\": true, \"categoryAxes\": [{\"show\": true, \"id\": \"CategoryAxis-1\", \"position\": \"bottom\", \"title\": {}, \"labels\": {\"show\": true, \"truncate\": 100}, \"scale\": {\"type\": \"linear\"}, \"style\": {}, \"type\": \"category\"}]}, \"aggs\": [{\"type\": \"count\", \"id\": \"1\", \"schema\": \"metric\", \"params\": {}, \"enabled\": true}, {\"type\": \"date_histogram\", \"id\": \"2\", \"schema\": \"segment\", \"params\": {\"field\": \"@timestamp\", \"interval\": \"auto\", \"useNormalizedEsInterval\": true, \"drop_partials\": false, \"customInterval\": \"2h\", \"extended_bounds\": {}, \"min_doc_count\": 1}, \"enabled\": true}, {\"type\": \"terms\", \"id\": \"3\", \"schema\": \"group\", \"params\": {\"otherBucketLabel\": \"Other\", \"order\": \"desc\", \"field\": \"nfs.status\", \"missingBucketLabel\": \"Missing\", \"size\": 12, \"orderBy\": \"1\", \"otherBucket\": false, \"missingBucket\": false}, \"enabled\": true}], \"title\": \"NFS errors [Packetbeat] ECS\"}"
            },
            "id": "NFS-errors-ecs",
            "type": "visualization",
            "updated_at": "2019-01-18T23:49:29.316Z",
            "version": 1
        },
        {
            "attributes": {
                "description": "",
                "kibanaSavedObjectMeta": {
                    "searchSourceJSON": "{\"query\": {\"query\": \"\", \"language\": \"kuery\"}, \"filter\": []}"
                },
                "savedSearchId": "nfs-ecs",
                "title": "NFS operation table [Packetbeat] ECS",
                "uiStateJSON": "{\"vis\": {\"params\": {\"sort\": {\"columnIndex\": null, \"direction\": null}}}}",
                "version": 1,
                "visState": "{\"type\": \"table\", \"params\": {\"showTotal\": false, \"showMetricsAtAllLevels\": false, \"showPartialRows\": false, \"perPage\": 10, \"totalFunc\": \"sum\", \"sort\": {\"columnIndex\": null, \"direction\": null}}, \"aggs\": [{\"type\": \"avg\", \"id\": \"1\", \"schema\": \"metric\", \"params\": {\"field\": \"event.duration\", \"customLabel\": \"Avg Response Time\"}, \"enabled\": true}, {\"type\": \"terms\", \"id\": \"2\", \"schema\": \"bucket\", \"params\": {\"otherBucketLabel\": \"Other\", \"order\": \"desc\", \"field\": \"nfs.opcode\", \"missingBucketLabel\": \"Missing\", \"orderBy\": \"1\", \"size\": 16, \"customLabel\": \"Opcode\", \"otherBucket\": false, \"missingBucket\": false}, \"enabled\": true}, {\"type\": \"count\", \"id\": \"3\", \"schema\": \"metric\", \"params\": {}, \"enabled\": true}], \"title\": \"NFS operation table [Packetbeat] ECS\"}"
            },
            "id": "NFS-operation-table-ecs",
            "type": "visualization",
            "updated_at": "2019-01-18T23:49:29.316Z",
            "version": 1
        },
        {
            "attributes": {
                "description": "",
                "kibanaSavedObjectMeta": {
                    "searchSourceJSON": "{\"query\": {\"query\": \"\", \"language\": \"kuery\"}, \"filter\": []}"
                },
                "savedSearchId": "nfs-ecs",
                "title": "NFS Request / Response Sizes [Packetbeat] ECS",
                "uiStateJSON": "{\"vis\": {\"colors\": {\"Sum of rpc.reply_size\": \"#7EB26D\"}}}",
                "version": 1,
                "visState": "{\"type\": \"line\", \"params\": {\"interpolate\": \"linear\", \"type\": \"line\", \"shareYAxis\": true, \"seriesParams\": [{\"interpolate\": \"linear\", \"show\": \"true\", \"radiusRatio\": 9, \"valueAxis\": \"ValueAxis-1\", \"drawLinesBetweenPoints\": true, \"mode\": \"normal\", \"showCircles\": true, \"type\": \"line\", \"data\": {\"id\": \"1\", \"label\": \"Request Size\"}}, {\"interpolate\": \"linear\", \"show\": true, \"valueAxis\": \"ValueAxis-1\", \"drawLinesBetweenPoints\": true, \"mode\": \"normal\", \"showCircles\": true, \"type\": \"line\", \"data\": {\"id\": \"2\", \"label\": \"Response Size\"}}], \"radiusRatio\": 9, \"smoothLines\": false, \"addTimeMarker\": false, \"setYExtents\": false, \"legendPosition\": \"right\", \"addLegend\": true, \"scale\": \"linear\", \"yAxis\": {}, \"times\": [], \"grid\": {\"style\": {\"color\": \"#eee\"}, \"categoryLines\": false}, \"valueAxes\": [{\"show\": true, \"id\": \"ValueAxis-1\", \"position\": \"left\", \"title\": {\"text\": \"Count\"}, \"labels\": {\"show\": true, \"truncate\": 100, \"filter\": false, \"rotate\": 0}, \"style\": {}, \"scale\": {\"type\": \"linear\", \"mode\": \"normal\", \"defaultYExtents\": false, \"setYExtents\": false}, \"name\": \"LeftAxis-1\", \"type\": \"value\"}], \"drawLinesBetweenPoints\": true, \"defaultYExtents\": false, \"addTooltip\": true, \"categoryAxes\": [{\"show\": true, \"id\": \"CategoryAxis-1\", \"position\": \"bottom\", \"title\": {}, \"labels\": {\"show\": true, \"truncate\": 100}, \"scale\": {\"type\": \"linear\"}, \"style\": {}, \"type\": \"category\"}], \"showCircles\": true}, \"aggs\": [{\"type\": \"sum\", \"id\": \"1\", \"schema\": \"metric\", \"params\": {\"field\": \"source.bytes\", \"customLabel\": \"Request Size\"}, \"enabled\": true}, {\"type\": \"sum\", \"id\": \"2\", \"schema\": \"metric\", \"params\": {\"field\": \"destination.bytes\", \"customLabel\": \"Response Size\"}, \"enabled\": true}, {\"type\": \"date_histogram\", \"id\": \"3\", \"schema\": \"segment\", \"params\": {\"field\": \"@timestamp\", \"interval\": \"auto\", \"useNormalizedEsInterval\": true, \"drop_partials\": false, \"customInterval\": \"2h\", \"extended_bounds\": {}, \"min_doc_count\": 1}, \"enabled\": true}], \"title\": \"NFS Request / Response Sizes [Packetbeat] ECS\"}"
            },
            "id": "NFS-bytes-in-slash-out-ecs",
            "type": "visualization",
            "updated_at": "2019-01-18T23:49:29.316Z",
            "version": 1
        },
        {
            "attributes": {
                "description": "",
                "kibanaSavedObjectMeta": {
                    "searchSourceJSON": "{\"query\": {\"query\": \"\", \"language\": \"kuery\"}, \"filter\": []}"
                },
                "title": "Navigation [Packetbeat] ECS",
                "uiStateJSON": "{}",
                "version": 1,
                "visState": "{\"type\": \"markdown\", \"params\": {\"fontSize\": 10, \"openLinksInNewTab\": false, \"markdown\": \"### Packetbeat:\\n\\n[Overview](#/dashboard/Packetbeat-Dashboard-ecs)\\n\\n[Network Flows](#/dashboard/Packetbeat-Flows-ecs)\\n\\n[DNS Overview](#/dashboard/65120940-1454-11e9-9de0-f98d1808db8e-ecs) | [Tunneling](#/dashboard/DNS-Unique-Domains-ecs)\\n\\n[DHCPv4 Transactions](#/dashboard/a7b35890-8baa-11e8-9676-ef67484126fb-ecs)\\n\\n[TLS Overview](#/dashboard/tls-sessions-ecs)\\n\\n[HTTP transactions](#/dashboard/Packetbeat-HTTP-ecs)\\n\\nDatabases: [MySQL](#/dashboard/Packetbeat-MySQL-performance-ecs) | [PostgreSQL](#/dashboard/Packetbeat-PgSQL-performance-ecs) | [MongoDB](#/dashboard/Packetbeat-MongoDB-performance-ecs) | [Cassandra](#/dashboard/Packetbeat-Cassandra-ecs)\\n\\nRPC: [Thrift](#/dashboard/Packetbeat-Thrift-performance-ecs)\\n\\nStorage: [NFS](#/dashboard/Packetbeat-NFS-ecs)\"}, \"aggs\": [], \"title\": \"Navigation [Packetbeat] ECS\"}"
            },
            "id": "Navigation-ecs",
            "type": "visualization",
            "updated_at": "2019-01-19T00:18:59.372Z",
            "version": 11
        },
        {
            "attributes": {
                "columns": [
                    "_source"
                ],
                "description": "",
                "hits": 0,
                "kibanaSavedObjectMeta": {
                    "searchSourceJSON": "{\"query\": {\"query\": \"\", \"language\": \"kuery\"}, \"filter\": [{\"query\": {\"match\": {\"event.dataset\": {\"type\": \"phrase\", \"query\": \"nfs-ecs\"}}}, \"meta\": {\"negate\": false, \"key\": \"event.dataset\", \"value\": \"nfs-ecs\", \"params\": {\"type\": \"phrase\", \"query\": \"nfs-ecs\"}, \"index\": \"packetbeat-*\", \"alias\": null, \"type\": \"phrase\", \"disabled\": false}, \"$state\": {\"store\": \"appState\"}}], \"version\": true, \"highlightAll\": true, \"highlight\": {\"post_tags\": [\"@/kibana-highlighted-field@\"], \"pre_tags\": [\"@kibana-highlighted-field@\"], \"require_field_match\": false, \"fields\": {\"*\": {}}, \"fragment_size\": 2147483647}, \"index\": \"packetbeat-*\"}"
                },
                "sort": [
                    "@timestamp",
                    "desc"
                ],
                "title": "NFS Search [Packetbeat] ECS",
                "version": 1
            },
            "id": "nfs-ecs",
            "type": "search",
            "updated_at": "2019-01-18T23:49:29.316Z",
            "version": 1
        },
        {
            "attributes": {
                "columns": [
                    "_source"
                ],
                "description": "",
                "hits": 0,
                "kibanaSavedObjectMeta": {
                    "searchSourceJSON": "{\"query\": {\"query\": \"\", \"language\": \"kuery\"}, \"filter\": [{\"query\": {\"match\": {\"nfs.status\": {\"type\": \"phrase\", \"query\": \"NFSERR_NOENT\"}}}, \"meta\": {\"negate\": true, \"key\": \"nfs.status\", \"value\": \"NFSERR_NOENT\", \"params\": {\"type\": \"phrase\", \"query\": \"NFSERR_NOENT\"}, \"index\": \"packetbeat-*\", \"alias\": null, \"type\": \"phrase\", \"disabled\": false}, \"$state\": {\"store\": \"appState\"}}, {\"query\": {\"match\": {\"nfs.status\": {\"type\": \"phrase\", \"query\": \"NFS_OK\"}}}, \"meta\": {\"negate\": true, \"key\": \"nfs.status\", \"value\": \"NFS_OK\", \"params\": {\"type\": \"phrase\", \"query\": \"NFS_OK\"}, \"index\": \"packetbeat-*\", \"alias\": null, \"type\": \"phrase\", \"disabled\": false}, \"$state\": {\"store\": \"appState\"}}, {\"query\": {\"match\": {\"event.dataset\": {\"type\": \"phrase\", \"query\": \"nfs-ecs\"}}}, \"meta\": {\"negate\": false, \"key\": \"event.dataset\", \"value\": \"nfs-ecs\", \"params\": {\"type\": \"phrase\", \"query\": \"nfs-ecs\"}, \"index\": \"packetbeat-*\", \"alias\": null, \"type\": \"phrase\", \"disabled\": false}, \"$state\": {\"store\": \"appState\"}}], \"version\": true, \"highlightAll\": true, \"highlight\": {\"post_tags\": [\"@/kibana-highlighted-field@\"], \"pre_tags\": [\"@kibana-highlighted-field@\"], \"require_field_match\": false, \"fields\": {\"*\": {}}, \"fragment_size\": 2147483647}, \"index\": \"packetbeat-*\"}"
                },
                "sort": [
                    "@timestamp",
                    "desc"
                ],
                "title": "NFS Error Search [Packetbeat] ECS",
                "version": 1
            },
            "id": "NFS-errors-search-ecs",
            "type": "search",
            "updated_at": "2019-01-18T23:49:29.316Z",
            "version": 1
        },
        {
            "attributes": {
                "description": "NFSv3 and NFSv4 transactions over TCP.",
                "hits": 0,
                "kibanaSavedObjectMeta": {
                    "searchSourceJSON": "{\"query\": {\"query\": \"\", \"language\": \"kuery\"}, \"highlightAll\": true, \"filter\": [], \"version\": true}"
                },
                "optionsJSON": "{\"darkTheme\": false}",
                "panelsJSON": "[{\"type\": \"visualization\", \"id\": \"NFS-clients-pie-chart-ecs\", \"version\": \"7.0.0-SNAPSHOT\", \"embeddableConfig\": {\"vis\": {\"legendOpen\": true}}, \"panelIndex\": \"1\", \"gridData\": {\"i\": \"1\", \"y\": 0, \"w\": 16, \"h\": 25, \"x\": 16}}, {\"type\": \"visualization\", \"id\": \"NFS-operations-area-chart-ecs\", \"panelIndex\": \"3\", \"version\": \"7.0.0-SNAPSHOT\", \"gridData\": {\"i\": \"3\", \"y\": 55, \"w\": 24, \"h\": 20, \"x\": 0}}, {\"type\": \"visualization\", \"id\": \"NFS-top-group-pie-chart-ecs\", \"version\": \"7.0.0-SNAPSHOT\", \"embeddableConfig\": {\"vis\": {\"legendOpen\": true}, \"spy\": {\"mode\": {\"name\": null, \"fill\": false}}}, \"panelIndex\": \"4\", \"gridData\": {\"i\": \"4\", \"y\": 0, \"w\": 16, \"h\": 10, \"x\": 32}}, {\"type\": \"visualization\", \"id\": \"NFS-top-users-pie-chart-ecs\", \"version\": \"7.0.0-SNAPSHOT\", \"embeddableConfig\": {\"vis\": {\"legendOpen\": true}}, \"panelIndex\": \"5\", \"gridData\": {\"i\": \"5\", \"y\": 10, \"w\": 16, \"h\": 15, \"x\": 32}}, {\"type\": \"visualization\", \"id\": \"NFS-response-times-ecs\", \"version\": \"7.0.0-SNAPSHOT\", \"embeddableConfig\": {\"vis\": {\"legendOpen\": false}}, \"panelIndex\": \"6\", \"gridData\": {\"i\": \"6\", \"y\": 25, \"w\": 24, \"h\": 15, \"x\": 24}}, {\"type\": \"visualization\", \"id\": \"NFS-errors-ecs\", \"panelIndex\": \"7\", \"version\": \"7.0.0-SNAPSHOT\", \"gridData\": {\"i\": \"7\", \"y\": 40, \"w\": 24, \"h\": 15, \"x\": 24}}, {\"type\": \"visualization\", \"id\": \"NFS-operation-table-ecs\", \"version\": \"7.0.0-SNAPSHOT\", \"embeddableConfig\": {\"vis\": {\"params\": {\"sort\": {\"columnIndex\": null, \"direction\": null}}}}, \"panelIndex\": \"8\", \"gridData\": {\"i\": \"8\", \"y\": 55, \"w\": 24, \"h\": 20, \"x\": 24}}, {\"type\": \"visualization\", \"id\": \"NFS-bytes-in-slash-out-ecs\", \"version\": \"7.0.0-SNAPSHOT\", \"embeddableConfig\": {\"vis\": {\"legendOpen\": true}}, \"panelIndex\": \"9\", \"gridData\": {\"i\": \"9\", \"y\": 25, \"w\": 24, \"h\": 30, \"x\": 0}}, {\"type\": \"visualization\", \"id\": \"Navigation-ecs\", \"panelIndex\": \"10\", \"version\": \"7.0.0-SNAPSHOT\", \"gridData\": {\"i\": \"10\", \"y\": 0, \"w\": 16, \"h\": 25, \"x\": 0}}]",
                "timeRestore": false,
                "title": "[Packetbeat] NFS ECS",
                "version": 1
            },
            "id": "Packetbeat-NFS-ecs",
            "type": "dashboard",
            "updated_at": "2019-01-18T23:49:29.316Z",
            "version": 1
        }
    ],
    "version": "7.0.0-SNAPSHOT"
}