{
    "objects": [
        {
            "attributes": {
                "description": "",
                "kibanaSavedObjectMeta": {
                    "searchSourceJSON": "{\"query\": {\"query\": \"\", \"language\": \"kuery\"}, \"filter\": []}"
                },
                "title": "Navigation [Packetbeat] ECS",
                "uiStateJSON": "{}",
                "version": 1,
                "visState": "{\"type\": \"markdown\", \"params\": {\"fontSize\": 10, \"openLinksInNewTab\": false, \"markdown\": \"### Packetbeat:\\n\\n[Overview](#/dashboard/Packetbeat-Dashboard-ecs)\\n\\n[Network Flows](#/dashboard/Packetbeat-Flows-ecs)\\n\\n[DNS Overview](#/dashboard/65120940-1454-11e9-9de0-f98d1808db8e-ecs) | [Tunneling](#/dashboard/DNS-Unique-Domains-ecs)\\n\\n[DHCPv4 Transactions](#/dashboard/a7b35890-8baa-11e8-9676-ef67484126fb-ecs)\\n\\n[TLS Overview](#/dashboard/tls-sessions-ecs)\\n\\n[HTTP transactions](#/dashboard/Packetbeat-HTTP-ecs)\\n\\nDatabases: [MySQL](#/dashboard/Packetbeat-MySQL-performance-ecs) | [PostgreSQL](#/dashboard/Packetbeat-PgSQL-performance-ecs) | [MongoDB](#/dashboard/Packetbeat-MongoDB-performance-ecs) | [Cassandra](#/dashboard/Packetbeat-Cassandra-ecs)\\n\\nRPC: [Thrift](#/dashboard/Packetbeat-Thrift-performance-ecs)\\n\\nStorage: [NFS](#/dashboard/Packetbeat-NFS-ecs)\"}, \"aggs\": [], \"title\": \"Navigation [Packetbeat] ECS\"}"
            },
            "id": "Navigation-ecs",
            "type": "visualization",
            "updated_at": "2019-01-19T00:18:59.372Z",
            "version": 11
        },
        {
            "attributes": {
                "description": "",
                "kibanaSavedObjectMeta": {
                    "searchSourceJSON": "{\"query\": {\"query\": \"\", \"language\": \"kuery\"}, \"filter\": []}"
                },
                "savedSearchId": "ffc3c0b0-d2d7-11e7-9914-4982455b3063-ecs",
                "title": "TLS Sessions [Packetbeat] ECS",
                "uiStateJSON": "{\"vis\": {\"colors\": {\"false\": \"#E24D42\", \"true\": \"#7EB26D\"}, \"legendOpen\": false}}",
                "version": 1,
                "visState": "{\"type\": \"histogram\", \"params\": {\"type\": \"histogram\", \"times\": [], \"grid\": {\"style\": {\"color\": \"#eee\"}, \"categoryLines\": false, \"valueAxis\": \"ValueAxis-1\"}, \"seriesParams\": [{\"show\": \"true\", \"type\": \"histogram\", \"drawLinesBetweenPoints\": true, \"mode\": \"stacked\", \"showCircles\": true, \"valueAxis\": \"ValueAxis-1\", \"data\": {\"id\": \"1\", \"label\": \"Count\"}}], \"legendPosition\": \"right\", \"addTimeMarker\": false, \"valueAxes\": [{\"show\": true, \"id\": \"ValueAxis-1\", \"position\": \"left\", \"title\": {\"text\": \"Count\"}, \"labels\": {\"show\": true, \"truncate\": 100, \"filter\": false, \"rotate\": 0}, \"style\": {}, \"scale\": {\"type\": \"linear\", \"mode\": \"normal\"}, \"name\": \"LeftAxis-1\", \"type\": \"value\"}], \"addTooltip\": true, \"categoryAxes\": [{\"show\": true, \"id\": \"CategoryAxis-1\", \"position\": \"bottom\", \"title\": {}, \"labels\": {\"show\": true, \"truncate\": 100}, \"scale\": {\"type\": \"linear\"}, \"style\": {}, \"type\": \"category\"}], \"addLegend\": true}, \"aggs\": [{\"type\": \"count\", \"id\": \"1\", \"schema\": \"metric\", \"params\": {}, \"enabled\": true}, {\"type\": \"date_histogram\", \"id\": \"2\", \"schema\": \"segment\", \"params\": {\"field\": \"@timestamp\", \"interval\": \"auto\", \"customInterval\": \"2h\", \"customLabel\": \"Sessions per minute\", \"extended_bounds\": {}, \"min_doc_count\": 1}, \"enabled\": true}, {\"type\": \"terms\", \"id\": \"3\", \"schema\": \"group\", \"params\": {\"order\": \"desc\", \"field\": \"tls.established\", \"customLabel\": \"Handshake completed\", \"size\": 5, \"orderBy\": \"1\", \"json\": \"\"}, \"enabled\": true}], \"title\": \"TLS Sessions ECS\"}"
            },
            "id": "059fe5e0-d2dd-11e7-9914-4982455b3063-ecs",
            "type": "visualization",
            "updated_at": "2019-01-18T23:49:33.441Z",
            "version": 1
        },
        {
            "attributes": {
                "description": "",
                "kibanaSavedObjectMeta": {
                    "searchSourceJSON": "{\"query\": {\"query\": \"\", \"language\": \"kuery\"}, \"index\": \"packetbeat-*\", \"filter\": [{\"query\": {\"exists\": {\"field\": \"tls\"}}, \"meta\": {\"negate\": false, \"key\": \"query\", \"value\": \"{\\\"exists\\\":{\\\"field\\\":\\\"tls\\\"}}\", \"index\": \"packetbeat-*\", \"alias\": null, \"type\": \"custom\", \"disabled\": false}, \"$state\": {\"store\": \"appState\"}}]}"
                },
                "title": "TLS Alerts [Packetbeat] ECS",
                "uiStateJSON": "{\"vis\": {\"colors\": {\"None\": \"#7EB26D\", \"handshake_failure\": \"#E24D42\"}}}",
                "version": 1,
                "visState": "{\"type\": \"pie\", \"params\": {\"type\": \"pie\", \"isDonut\": true, \"addTooltip\": true, \"legendPosition\": \"right\", \"addLegend\": true}, \"aggs\": [{\"type\": \"count\", \"id\": \"1\", \"schema\": \"metric\", \"params\": {}, \"enabled\": true}, {\"type\": \"terms\", \"id\": \"2\", \"schema\": \"segment\", \"params\": {\"order\": \"desc\", \"field\": \"tls.detailed.alert_types\", \"size\": 5, \"orderBy\": \"1\", \"json\": \"{\\\"missing\\\": \\\"None\\\"}\", \"include\": \".*\"}, \"enabled\": true}], \"title\": \"TLS Alerts ECS\"}"
            },
            "id": "c14377a0-d353-11e7-9914-4982455b3063-ecs",
            "type": "visualization",
            "updated_at": "2019-01-18T23:49:33.441Z",
            "version": 1
        },
        {
            "attributes": {
                "description": "",
                "kibanaSavedObjectMeta": {
                    "searchSourceJSON": "{\"query\": {\"query\": \"\", \"language\": \"kuery\"}, \"index\": \"packetbeat-*\", \"filter\": [{\"meta\": {\"negate\": false, \"key\": \"tls.established\", \"value\": \"exists\", \"index\": \"packetbeat-*\", \"alias\": null, \"type\": \"exists\", \"disabled\": false}, \"exists\": {\"field\": \"tls.established\"}, \"$state\": {\"store\": \"appState\"}}]}"
                },
                "title": "Total Number of TLS Sessions [Packetbeat] ECS",
                "uiStateJSON": "{\"P-5\": {\"vis\": {\"defaultColors\": {\"0 - 100\": \"rgb(0,104,55)\"}}}, \"P-7\": {\"vis\": {\"params\": {\"sort\": {\"columnIndex\": null, \"direction\": null}}}}}",
                "version": 1,
                "visState": "{\"type\": \"metric\", \"params\": {\"type\": \"metric\", \"metric\": {\"style\": {\"fontSize\": 60, \"labelColor\": false, \"subText\": \"\", \"bgColor\": false, \"bgFill\": \"#000\"}, \"colorSchema\": \"Green to Red\", \"invertColors\": false, \"colorsRange\": [{\"from\": 0, \"to\": 10000}], \"labels\": {\"show\": true}, \"percentageMode\": false, \"metricColorMode\": \"None\", \"useRanges\": false}, \"addTooltip\": true, \"addLegend\": false}, \"aggs\": [{\"type\": \"count\", \"id\": \"1\", \"schema\": \"metric\", \"params\": {}, \"enabled\": true}], \"title\": \"Total Number of TLS Sessions ECS\"}"
            },
            "id": "061de380-d361-11e7-9914-4982455b3063-ecs",
            "type": "visualization",
            "updated_at": "2019-01-18T23:49:33.441Z",
            "version": 1
        },
        {
            "attributes": {
                "description": "",
                "kibanaSavedObjectMeta": {
                    "searchSourceJSON": "{\"query\": {\"query\": \"\", \"language\": \"kuery\"}, \"filter\": []}"
                },
                "savedSearchId": "94908e80-d2d8-11e7-9914-4982455b3063-ecs",
                "title": "TLS Server Name Indication [Packetbeat] ECS",
                "uiStateJSON": "{}",
                "version": 1,
                "visState": "{\"type\": \"tagcloud\", \"params\": {\"maxFontSize\": 64, \"orientation\": \"single\", \"minFontSize\": 14, \"hideLabel\": false, \"scale\": \"linear\"}, \"aggs\": [{\"type\": \"count\", \"id\": \"1\", \"schema\": \"metric\", \"params\": {}, \"enabled\": true}, {\"type\": \"terms\", \"id\": \"2\", \"schema\": \"segment\", \"params\": {\"orderBy\": \"1\", \"order\": \"desc\", \"field\": \"tls.client.server_name\", \"customLabel\": \"Server Name Indication\", \"size\": 5}, \"enabled\": true}], \"title\": \"TLS Server Name Indication ECS\"}"
            },
            "id": "a28d09d0-d361-11e7-9914-4982455b3063-ecs",
            "type": "visualization",
            "updated_at": "2019-01-18T23:49:33.441Z",
            "version": 1
        },
        {
            "attributes": {
                "description": "",
                "kibanaSavedObjectMeta": {
                    "searchSourceJSON": "{\"query\": {\"query\": \"\", \"language\": \"kuery\"}, \"filter\": []}"
                },
                "savedSearchId": "bf3d23b0-d37c-11e7-9914-4982455b3063-ecs",
                "title": "TLS Versions [Packetbeat] ECS",
                "uiStateJSON": "{}",
                "version": 1,
                "visState": "{\"type\": \"pie\", \"params\": {\"type\": \"pie\", \"isDonut\": true, \"addTooltip\": true, \"legendPosition\": \"right\", \"addLegend\": true}, \"aggs\": [{\"type\": \"count\", \"id\": \"1\", \"schema\": \"metric\", \"params\": {}, \"enabled\": true}, {\"type\": \"terms\", \"id\": \"2\", \"schema\": \"segment\", \"params\": {\"orderBy\": \"1\", \"order\": \"desc\", \"field\": \"tls.detailed.version\", \"customLabel\": \"TLS version\", \"size\": 5}, \"enabled\": true}], \"title\": \"TLS Versions ECS\"}"
            },
            "id": "0af0b790-d37d-11e7-9914-4982455b3063-ecs",
            "type": "visualization",
            "updated_at": "2019-01-18T23:49:33.441Z",
            "version": 1
        },
        {
            "attributes": {
                "description": "",
                "kibanaSavedObjectMeta": {
                    "searchSourceJSON": "{\"query\": {\"query\": \"\", \"language\": \"kuery\"}, \"filter\": []}"
                },
                "savedSearchId": "8f0ff590-d37d-11e7-9914-4982455b3063-ecs",
                "title": "TLS Server Public Key Size [Packetbeat] ECS",
                "uiStateJSON": "{}",
                "version": 1,
                "visState": "{\"type\": \"pie\", \"params\": {\"type\": \"pie\", \"isDonut\": true, \"addTooltip\": true, \"legendPosition\": \"right\", \"addLegend\": true}, \"aggs\": [{\"type\": \"count\", \"id\": \"1\", \"schema\": \"metric\", \"params\": {}, \"enabled\": true}, {\"type\": \"terms\", \"id\": \"2\", \"schema\": \"segment\", \"params\": {\"orderBy\": \"1\", \"order\": \"desc\", \"field\": \"tls.detailed.server_certificate.public_key_size\", \"customLabel\": \"Public Key Size\", \"size\": 5}, \"enabled\": true}], \"title\": \"Server Public Key Size ECS\"}"
            },
            "id": "ae6e33c0-d37d-11e7-9914-4982455b3063-ecs",
            "type": "visualization",
            "updated_at": "2019-01-18T23:49:33.441Z",
            "version": 1
        },
        {
            "attributes": {
                "description": "",
                "kibanaSavedObjectMeta": {
                    "searchSourceJSON": "{\"query\": {\"query\": \"\", \"language\": \"kuery\"}, \"filter\": []}"
                },
                "savedSearchId": "ffc3c0b0-d2d7-11e7-9914-4982455b3063-ecs",
                "title": "TLS Session Resume [Packetbeat] ECS",
                "uiStateJSON": "{}",
                "version": 1,
                "visState": "{\"type\": \"pie\", \"params\": {\"type\": \"pie\", \"labels\": {\"show\": false, \"truncate\": 100, \"values\": true, \"last_level\": true}, \"legendPosition\": \"right\", \"isDonut\": true, \"addTooltip\": true, \"addLegend\": true}, \"aggs\": [{\"type\": \"count\", \"id\": \"1\", \"schema\": \"metric\", \"params\": {}, \"enabled\": true}, {\"type\": \"terms\", \"id\": \"2\", \"schema\": \"segment\", \"params\": {\"otherBucketLabel\": \"Other\", \"exclude\": \"\", \"field\": \"tls.detailed.resumption_method\", \"missingBucketLabel\": \"Missing\", \"size\": 5, \"otherBucket\": false, \"orderBy\": \"1\", \"json\": \"{\\n\\\"missing\\\": \\\"none\\\"\\n}\", \"order\": \"desc\", \"missingBucket\": false}, \"enabled\": true}], \"title\": \"TLS Session Resume [Packetbeat] ECS\"}"
            },
            "id": "2c467370-d392-11e7-8fa0-232aa9259081-ecs",
            "type": "visualization",
            "updated_at": "2019-01-18T23:49:33.441Z",
            "version": 1
        },
        {
            "attributes": {
                "description": "",
                "kibanaSavedObjectMeta": {
                    "searchSourceJSON": "{\"query\": {\"query\": \"\", \"language\": \"kuery\"}, \"filter\": []}"
                },
                "savedSearchId": "ffc3c0b0-d2d7-11e7-9914-4982455b3063-ecs",
                "title": "TLS Server Certificates [Packetbeat] ECS",
                "uiStateJSON": "{\"vis\": {\"params\": {\"sort\": {\"columnIndex\": null, \"direction\": null}}}}",
                "version": 1,
                "visState": "{\"type\": \"table\", \"params\": {\"showTotal\": false, \"sort\": {\"columnIndex\": null, \"direction\": null}, \"showPartialRows\": false, \"totalFunc\": \"sum\", \"showMeticsAtAllLevels\": false, \"perPage\": 10}, \"aggs\": [{\"type\": \"count\", \"id\": \"1\", \"schema\": \"metric\", \"params\": {\"customLabel\": \"\"}, \"enabled\": true}, {\"type\": \"terms\", \"id\": \"4\", \"schema\": \"bucket\", \"params\": {\"orderBy\": \"1\", \"order\": \"desc\", \"field\": \"tls.detailed.server_certificate.subject.common_name\", \"customLabel\": \"Subject Common Name\", \"size\": 10}, \"enabled\": true}, {\"type\": \"terms\", \"id\": \"3\", \"schema\": \"bucket\", \"params\": {\"orderBy\": \"1\", \"order\": \"desc\", \"field\": \"tls.detailed.server_certificate.subject.organization\", \"customLabel\": \"Organization\", \"size\": 5}, \"enabled\": true}], \"title\": \"TLS Server Certificates ECS\"}"
            },
            "id": "0958a910-d396-11e7-8fa0-232aa9259081-ecs",
            "type": "visualization",
            "updated_at": "2019-01-18T23:49:33.441Z",
            "version": 1
        },
        {
            "attributes": {
                "description": "",
                "kibanaSavedObjectMeta": {
                    "searchSourceJSON": "{\"query\": {\"query\": \"\", \"language\": \"kuery\"}, \"filter\": []}"
                },
                "savedSearchId": "ffc3c0b0-d2d7-11e7-9914-4982455b3063-ecs",
                "title": "TLS Client Certificates [Packetbeat] ECS",
                "uiStateJSON": "{\"vis\": {\"params\": {\"sort\": {\"columnIndex\": null, \"direction\": null}}}}",
                "version": 1,
                "visState": "{\"type\": \"table\", \"params\": {\"showTotal\": false, \"sort\": {\"columnIndex\": null, \"direction\": null}, \"showPartialRows\": false, \"totalFunc\": \"sum\", \"showMeticsAtAllLevels\": false, \"perPage\": 10}, \"aggs\": [{\"type\": \"count\", \"id\": \"1\", \"schema\": \"metric\", \"params\": {}, \"enabled\": true}, {\"type\": \"terms\", \"id\": \"2\", \"schema\": \"bucket\", \"params\": {\"orderBy\": \"1\", \"order\": \"desc\", \"field\": \"tls.detailed.client_certificate.subject.common_name\", \"customLabel\": \"Subject Common Name\", \"size\": 5}, \"enabled\": true}, {\"type\": \"terms\", \"id\": \"3\", \"schema\": \"bucket\", \"params\": {\"order\": \"desc\", \"field\": \"tls.detailed.client_certificate.signature_algorithm\", \"customLabel\": \"Signature Algorithm\", \"size\": 5, \"orderBy\": \"1\", \"json\": \"{ \\\"missing\\\": \\\"N/A\\\" }\"}, \"enabled\": true}], \"title\": \"TLS Client Certificates ECS\"}"
            },
            "id": "86743f90-d396-11e7-8fa0-232aa9259081-ecs",
            "type": "visualization",
            "updated_at": "2019-01-18T23:49:33.441Z",
            "version": 1
        },
        {
            "attributes": {
                "description": "",
                "kibanaSavedObjectMeta": {
                    "searchSourceJSON": "{\"query\": {\"query\": \"\", \"language\": \"kuery\"}, \"filter\": []}"
                },
                "savedSearchId": "ffc3c0b0-d2d7-11e7-9914-4982455b3063-ecs",
                "title": "TLS Cipher [Packetbeat] ECS",
                "uiStateJSON": "{\"vis\": {\"params\": {\"sort\": {\"columnIndex\": null, \"direction\": null}}}}",
                "version": 1,
                "visState": "{\"type\": \"table\", \"params\": {\"showTotal\": false, \"sort\": {\"columnIndex\": null, \"direction\": null}, \"showPartialRows\": false, \"totalFunc\": \"sum\", \"showMeticsAtAllLevels\": false, \"perPage\": 10}, \"aggs\": [{\"type\": \"count\", \"id\": \"1\", \"schema\": \"metric\", \"params\": {}, \"enabled\": true}, {\"type\": \"terms\", \"id\": \"2\", \"schema\": \"bucket\", \"params\": {\"orderBy\": \"1\", \"order\": \"desc\", \"field\": \"tls.cipher\", \"customLabel\": \"Cipher\", \"size\": 5}, \"enabled\": true}], \"title\": \"TLS Cipher ECS\"}"
            },
            "id": "463d2bf0-d3a8-11e7-9081-ab2af08e9961-ecs",
            "type": "visualization",
            "updated_at": "2019-01-18T23:49:33.441Z",
            "version": 1
        },
        {
            "attributes": {
                "description": "",
                "kibanaSavedObjectMeta": {
                    "searchSourceJSON": "{\"query\": {\"query\": \"\", \"language\": \"kuery\"}, \"filter\": []}"
                },
                "savedSearchId": "6b1b1360-d49d-11e7-996f-bd7c1ca4591b-ecs",
                "title": "TLS Fingerprint [Packetbeat] ECS",
                "uiStateJSON": "{\"vis\": {\"params\": {\"sort\": {\"columnIndex\": null, \"direction\": null}}}}",
                "version": 1,
                "visState": "{\"type\": \"table\", \"params\": {\"showTotal\": false, \"sort\": {\"columnIndex\": null, \"direction\": null}, \"showPartialRows\": false, \"totalFunc\": \"sum\", \"showMeticsAtAllLevels\": false, \"perPage\": 10}, \"aggs\": [{\"type\": \"count\", \"id\": \"1\", \"schema\": \"metric\", \"params\": {}, \"enabled\": true}, {\"type\": \"terms\", \"id\": \"2\", \"schema\": \"bucket\", \"params\": {\"orderBy\": \"1\", \"order\": \"desc\", \"field\": \"tls.client.ja3\", \"customLabel\": \"JA3 Fingerprint\", \"size\": 5}, \"enabled\": true}], \"title\": \"TLS Fingerprint ECS\"}"
            },
            "id": "ad2a8b50-d49d-11e7-996f-bd7c1ca4591b-ecs",
            "type": "visualization",
            "updated_at": "2019-01-18T23:49:33.441Z",
            "version": 1
        },
        {
            "attributes": {
                "description": "",
                "kibanaSavedObjectMeta": {
                    "searchSourceJSON": "{\"query\": {\"query\": \"\", \"language\": \"kuery\"}, \"filter\": [{\"meta\": {\"negate\": false, \"key\": \"event.duration\", \"value\": \"0 to 1,000,000,000\", \"params\": {\"lt\": 1000000000, \"gte\": 0}, \"index\": \"packetbeat-*\", \"alias\": null, \"type\": \"range\", \"disabled\": false}, \"$state\": {\"store\": \"appState\"}, \"range\": {\"event.duration\": {\"lt\": 1000000000, \"gte\": 0}}}]}"
                },
                "savedSearchId": "8e2af860-d520-11e7-9fff-7b1ebf397ba9-ecs",
                "title": "TLS Handshake Latency [Packetbeat] ECS",
                "uiStateJSON": "{\"vis\": {\"legendOpen\": false}}",
                "version": 1,
                "visState": "{\"type\": \"area\", \"params\": {\"type\": \"area\", \"times\": [], \"grid\": {\"style\": {\"color\": \"#eee\"}, \"categoryLines\": false}, \"seriesParams\": [{\"interpolate\": \"linear\", \"show\": \"true\", \"valueAxis\": \"ValueAxis-1\", \"drawLinesBetweenPoints\": true, \"mode\": \"stacked\", \"showCircles\": true, \"type\": \"area\", \"data\": {\"id\": \"1\", \"label\": \"Count\"}}], \"legendPosition\": \"right\", \"addTimeMarker\": false, \"valueAxes\": [{\"show\": true, \"id\": \"ValueAxis-1\", \"position\": \"left\", \"title\": {\"text\": \"Count\"}, \"labels\": {\"show\": true, \"truncate\": 100, \"filter\": false, \"rotate\": 0}, \"style\": {}, \"scale\": {\"type\": \"linear\", \"mode\": \"normal\"}, \"name\": \"LeftAxis-1\", \"type\": \"value\"}], \"addTooltip\": true, \"categoryAxes\": [{\"show\": true, \"id\": \"CategoryAxis-1\", \"position\": \"bottom\", \"title\": {}, \"labels\": {\"show\": true, \"truncate\": 100, \"filter\": true}, \"scale\": {\"type\": \"linear\"}, \"style\": {}, \"type\": \"category\"}], \"addLegend\": true}, \"aggs\": [{\"type\": \"count\", \"id\": \"1\", \"schema\": \"metric\", \"params\": {}, \"enabled\": true}, {\"type\": \"histogram\", \"id\": \"2\", \"schema\": \"segment\", \"params\": {\"field\": \"event.duration\", \"customLabel\": \"Handshake Latency (ns)\", \"extended_bounds\": {}, \"interval\": 2000000}, \"enabled\": true}], \"title\": \"TLS Handshake Latency ECS\"}"
            },
            "id": "d2e15950-d560-11e7-9fff-7b1ebf397ba9-ecs",
            "type": "visualization",
            "updated_at": "2019-01-18T23:49:33.441Z",
            "version": 1
        },
        {
            "attributes": {
                "columns": [
                    "_source"
                ],
                "description": "",
                "hits": 0,
                "kibanaSavedObjectMeta": {
                    "searchSourceJSON": "{\"query\": {\"query\": \"\", \"language\": \"kuery\"}, \"highlightAll\": true, \"filter\": [{\"meta\": {\"negate\": false, \"key\": \"tls.established\", \"value\": \"exists\", \"index\": \"packetbeat-*\", \"alias\": \"TLS sessions\", \"type\": \"exists\", \"disabled\": false}, \"exists\": {\"field\": \"tls.established\"}, \"$state\": {\"store\": \"appState\"}}], \"index\": \"packetbeat-*\", \"version\": true}"
                },
                "sort": [
                    "@timestamp",
                    "desc"
                ],
                "title": "TLS Sessions [Packetbeat] ECS",
                "version": 1
            },
            "id": "ffc3c0b0-d2d7-11e7-9914-4982455b3063-ecs",
            "type": "search",
            "updated_at": "2019-01-18T23:49:33.441Z",
            "version": 1
        },
        {
            "attributes": {
                "columns": [
                    "_source"
                ],
                "description": "",
                "hits": 0,
                "kibanaSavedObjectMeta": {
                    "searchSourceJSON": "{\"query\": {\"query\": \"\", \"language\": \"kuery\"}, \"highlightAll\": true, \"filter\": [{\"meta\": {\"negate\": false, \"key\": \"tls.client.server_name\", \"value\": \"exists\", \"index\": \"packetbeat-*\", \"alias\": null, \"type\": \"exists\", \"disabled\": false}, \"exists\": {\"field\": \"tls.client.server_name\"}, \"$state\": {\"store\": \"appState\"}}], \"index\": \"packetbeat-*\", \"version\": true}"
                },
                "sort": [
                    "@timestamp",
                    "desc"
                ],
                "title": "TLS Server Name Indication [Packetbeat] ECS",
                "version": 1
            },
            "id": "94908e80-d2d8-11e7-9914-4982455b3063-ecs",
            "type": "search",
            "updated_at": "2019-01-18T23:49:33.441Z",
            "version": 1
        },
        {
            "attributes": {
                "columns": [
                    "_source"
                ],
                "description": "",
                "hits": 0,
                "kibanaSavedObjectMeta": {
                    "searchSourceJSON": "{\"query\": {\"query\": \"\", \"language\": \"kuery\"}, \"highlightAll\": true, \"filter\": [{\"meta\": {\"negate\": false, \"key\": \"tls.detailed.version\", \"value\": \"exists\", \"index\": \"packetbeat-*\", \"alias\": null, \"type\": \"exists\", \"disabled\": false}, \"exists\": {\"field\": \"tls.detailed.version\"}, \"$state\": {\"store\": \"appState\"}}], \"index\": \"packetbeat-*\", \"version\": true}"
                },
                "sort": [
                    "@timestamp",
                    "desc"
                ],
                "title": "TLS Version [Packetbeat] ECS",
                "version": 1
            },
            "id": "bf3d23b0-d37c-11e7-9914-4982455b3063-ecs",
            "type": "search",
            "updated_at": "2019-01-18T23:49:33.441Z",
            "version": 1
        },
        {
            "attributes": {
                "columns": [
                    "_source"
                ],
                "description": "",
                "hits": 0,
                "kibanaSavedObjectMeta": {
                    "searchSourceJSON": "{\"query\": {\"query\": \"\", \"language\": \"kuery\"}, \"highlightAll\": true, \"filter\": [{\"meta\": {\"negate\": false, \"key\": \"tls.detailed.server_certificate.public_key_size\", \"value\": \"exists\", \"index\": \"packetbeat-*\", \"alias\": null, \"type\": \"exists\", \"disabled\": false}, \"exists\": {\"field\": \"tls.detailed.server_certificate.public_key_size\"}, \"$state\": {\"store\": \"appState\"}}], \"index\": \"packetbeat-*\", \"version\": true}"
                },
                "sort": [
                    "@timestamp",
                    "desc"
                ],
                "title": "Server Public Key Size ECS",
                "version": 1
            },
            "id": "8f0ff590-d37d-11e7-9914-4982455b3063-ecs",
            "type": "search",
            "updated_at": "2019-01-18T23:49:33.441Z",
            "version": 1
        },
        {
            "attributes": {
                "columns": [
                    "_source"
                ],
                "description": "",
                "hits": 0,
                "kibanaSavedObjectMeta": {
                    "searchSourceJSON": "{\"query\": {\"query\": \"\", \"language\": \"kuery\"}, \"highlightAll\": true, \"filter\": [{\"meta\": {\"negate\": false, \"key\": \"tls.client.ja3\", \"value\": \"exists\", \"index\": \"packetbeat-*\", \"alias\": null, \"type\": \"exists\", \"disabled\": false}, \"exists\": {\"field\": \"tls.client.ja3\"}, \"$state\": {\"store\": \"appState\"}}], \"index\": \"packetbeat-*\", \"version\": true}"
                },
                "sort": [
                    "@timestamp",
                    "desc"
                ],
                "title": "TLS Fingerprint [Packetbeat] ECS",
                "version": 1
            },
            "id": "6b1b1360-d49d-11e7-996f-bd7c1ca4591b-ecs",
            "type": "search",
            "updated_at": "2019-01-18T23:49:33.441Z",
            "version": 1
        },
        {
            "attributes": {
                "columns": [
                    "_source"
                ],
                "description": "",
                "hits": 0,
                "kibanaSavedObjectMeta": {
                    "searchSourceJSON": "{\"query\": {\"query\": \"\", \"language\": \"kuery\"}, \"highlightAll\": true, \"filter\": [{\"meta\": {\"negate\": false, \"key\": \"tls.established\", \"value\": \"exists\", \"index\": \"packetbeat-*\", \"alias\": null, \"type\": \"exists\", \"disabled\": false}, \"exists\": {\"field\": \"tls.established\"}, \"$state\": {\"store\": \"appState\"}}, {\"meta\": {\"negate\": false, \"key\": \"event.duration\", \"value\": \"exists\", \"index\": \"packetbeat-*\", \"alias\": null, \"type\": \"exists\", \"disabled\": false}, \"exists\": {\"field\": \"event.duration\"}, \"$state\": {\"store\": \"appState\"}}], \"index\": \"packetbeat-*\", \"version\": true}"
                },
                "sort": [
                    "@timestamp",
                    "desc"
                ],
                "title": "TLS Handshake Latency [Packetbeat] ECS",
                "version": 1
            },
            "id": "8e2af860-d520-11e7-9fff-7b1ebf397ba9-ecs",
            "type": "search",
            "updated_at": "2019-01-18T23:49:33.441Z",
            "version": 1
        },
        {
            "attributes": {
                "description": "TLS Sessions ECS",
                "hits": 0,
                "kibanaSavedObjectMeta": {
                    "searchSourceJSON": "{\"query\": {\"query\": \"\", \"language\": \"kuery\"}, \"highlightAll\": true, \"filter\": [], \"version\": true}"
                },
                "optionsJSON": "{\"useMargins\": false, \"darkTheme\": false}",
                "panelsJSON": "[{\"type\": \"visualization\", \"id\": \"Navigation-ecs\", \"panelIndex\": \"4\", \"version\": \"6.2.4\", \"gridData\": {\"i\": \"4\", \"y\": 0, \"w\": 3, \"h\": 4, \"x\": 0}}, {\"type\": \"visualization\", \"id\": \"059fe5e0-d2dd-11e7-9914-4982455b3063-ecs\", \"panelIndex\": \"8\", \"version\": \"6.2.4\", \"gridData\": {\"i\": \"8\", \"y\": 0, \"w\": 9, \"h\": 4, \"x\": 3}}, {\"type\": \"visualization\", \"id\": \"c14377a0-d353-11e7-9914-4982455b3063-ecs\", \"panelIndex\": \"9\", \"version\": \"6.2.4\", \"gridData\": {\"i\": \"9\", \"y\": 7, \"w\": 3, \"h\": 3, \"x\": 3}}, {\"type\": \"visualization\", \"id\": \"061de380-d361-11e7-9914-4982455b3063-ecs\", \"panelIndex\": \"10\", \"version\": \"6.2.4\", \"gridData\": {\"i\": \"10\", \"y\": 4, \"w\": 3, \"h\": 3, \"x\": 0}}, {\"type\": \"visualization\", \"id\": \"a28d09d0-d361-11e7-9914-4982455b3063-ecs\", \"panelIndex\": \"11\", \"version\": \"6.2.4\", \"gridData\": {\"i\": \"11\", \"y\": 10, \"w\": 12, \"h\": 3, \"x\": 0}}, {\"type\": \"visualization\", \"id\": \"0af0b790-d37d-11e7-9914-4982455b3063-ecs\", \"panelIndex\": \"12\", \"version\": \"6.2.4\", \"gridData\": {\"i\": \"12\", \"y\": 7, \"w\": 3, \"h\": 3, \"x\": 6}}, {\"type\": \"visualization\", \"id\": \"ae6e33c0-d37d-11e7-9914-4982455b3063-ecs\", \"panelIndex\": \"13\", \"version\": \"6.2.4\", \"gridData\": {\"i\": \"13\", \"y\": 7, \"w\": 3, \"h\": 3, \"x\": 9}}, {\"type\": \"visualization\", \"id\": \"2c467370-d392-11e7-8fa0-232aa9259081-ecs\", \"panelIndex\": \"14\", \"version\": \"6.2.4\", \"gridData\": {\"i\": \"14\", \"y\": 7, \"w\": 3, \"h\": 3, \"x\": 0}}, {\"type\": \"visualization\", \"id\": \"0958a910-d396-11e7-8fa0-232aa9259081-ecs\", \"panelIndex\": \"15\", \"version\": \"6.2.4\", \"gridData\": {\"i\": \"15\", \"y\": 13, \"w\": 6, \"h\": 3, \"x\": 0}}, {\"type\": \"visualization\", \"id\": \"86743f90-d396-11e7-8fa0-232aa9259081-ecs\", \"panelIndex\": \"16\", \"version\": \"6.2.4\", \"gridData\": {\"i\": \"16\", \"y\": 16, \"w\": 6, \"h\": 3, \"x\": 0}}, {\"type\": \"visualization\", \"id\": \"463d2bf0-d3a8-11e7-9081-ab2af08e9961-ecs\", \"panelIndex\": \"17\", \"version\": \"6.2.4\", \"gridData\": {\"i\": \"17\", \"y\": 13, \"w\": 6, \"h\": 3, \"x\": 6}}, {\"type\": \"visualization\", \"id\": \"ad2a8b50-d49d-11e7-996f-bd7c1ca4591b-ecs\", \"panelIndex\": \"18\", \"version\": \"6.2.4\", \"gridData\": {\"i\": \"18\", \"y\": 16, \"w\": 6, \"h\": 3, \"x\": 6}}, {\"type\": \"visualization\", \"id\": \"d2e15950-d560-11e7-9fff-7b1ebf397ba9-ecs\", \"panelIndex\": \"19\", \"version\": \"6.2.4\", \"gridData\": {\"i\": \"19\", \"y\": 4, \"w\": 9, \"h\": 3, \"x\": 3}}]",
                "timeRestore": false,
                "title": "[Packetbeat] TLS Sessions ECS",
                "uiStateJSON": "{\"P-17\": {\"vis\": {\"params\": {\"sort\": {\"columnIndex\": null, \"direction\": null}}}}, \"P-7\": {\"vis\": {\"params\": {\"sort\": {\"columnIndex\": null, \"direction\": null}}}}, \"P-16\": {\"vis\": {\"params\": {\"sort\": {\"columnIndex\": null, \"direction\": null}}}}, \"P-5\": {\"vis\": {\"defaultColors\": {\"0 - 100\": \"rgb(0,104,55)\"}}}, \"P-15\": {\"vis\": {\"params\": {\"sort\": {\"columnIndex\": null, \"direction\": null}}}}, \"P-18\": {\"vis\": {\"params\": {\"sort\": {\"columnIndex\": null, \"direction\": null}}}}}",
                "version": 1
            },
            "id": "tls-sessions-ecs",
            "type": "dashboard",
            "updated_at": "2019-01-18T23:49:33.441Z",
            "version": 1
        }
    ],
    "version": "7.0.0-SNAPSHOT"
}