{
    "objects": [
        {
            "attributes": {
                "description": "",
                "kibanaSavedObjectMeta": {
                    "searchSourceJSON": "{\"query\": {\"query\": \"\", \"language\": \"kuery\"}, \"index\": \"packetbeat-*\", \"filter\": []}"
                },
                "savedSearchId": "eaa83e60-190b-11e9-be0d-adde5066235e-ecs",
                "title": "Cassandra ResponseKeyspace [Packetbeat] ECS",
                "uiStateJSON": "{}",
                "version": 1,
                "visState": "{\"type\": \"pie\", \"params\": {\"isDonut\": true, \"shareYAxis\": true, \"addTooltip\": true, \"legendPosition\": \"right\", \"addLegend\": true}, \"aggs\": [{\"type\": \"count\", \"id\": \"1\", \"schema\": \"metric\", \"params\": {}, \"enabled\": true}, {\"type\": \"terms\", \"id\": \"2\", \"schema\": \"segment\", \"params\": {\"order\": \"desc\", \"field\": \"cassandra.response.result.rows.meta.keyspace\", \"orderBy\": \"1\", \"size\": 10}, \"enabled\": true}, {\"type\": \"terms\", \"id\": \"3\", \"schema\": \"segment\", \"params\": {\"order\": \"desc\", \"field\": \"cassandra.response.result.rows.meta.table\", \"orderBy\": \"1\", \"size\": 5}, \"enabled\": true}], \"title\": \"Cassandra ResponseKeyspace ECS\", \"listeners\": {}}"
            },
            "id": "Cassandra-ResponseKeyspace-ecs",
            "type": "visualization",
            "updated_at": "2019-01-18T23:49:20.964Z",
            "version": 1
        },
        {
            "attributes": {
                "description": "",
                "kibanaSavedObjectMeta": {
                    "searchSourceJSON": "{\"query\": {\"query\": \"\", \"language\": \"kuery\"}, \"index\": \"packetbeat-*\", \"filter\": []}"
                },
                "savedSearchId": "eaa83e60-190b-11e9-be0d-adde5066235e-ecs",
                "title": "Cassandra ResponseType [Packetbeat] ECS",
                "uiStateJSON": "{}",
                "version": 1,
                "visState": "{\"type\": \"pie\", \"params\": {\"isDonut\": false, \"shareYAxis\": true, \"addTooltip\": true, \"legendPosition\": \"right\", \"addLegend\": true}, \"aggs\": [{\"type\": \"count\", \"id\": \"1\", \"schema\": \"metric\", \"params\": {}, \"enabled\": true}, {\"type\": \"terms\", \"id\": \"2\", \"schema\": \"segment\", \"params\": {\"order\": \"desc\", \"field\": \"cassandra.response.result.type\", \"orderBy\": \"1\", \"size\": 10}, \"enabled\": true}], \"title\": \"Cassandra ResponseType ECS\", \"listeners\": {}}"
            },
            "id": "Cassandra-ResponseType-ecs",
            "type": "visualization",
            "updated_at": "2019-01-18T23:49:20.964Z",
            "version": 1
        },
        {
            "attributes": {
                "description": "",
                "kibanaSavedObjectMeta": {
                    "searchSourceJSON": "{\"query\": {\"query\": \"\", \"language\": \"kuery\"}, \"index\": \"packetbeat-*\", \"filter\": []}"
                },
                "savedSearchId": "eaa83e60-190b-11e9-be0d-adde5066235e-ecs",
                "title": "Cassandra ResponseTime [Packetbeat] ECS",
                "uiStateJSON": "{}",
                "version": 1,
                "visState": "{\"type\": \"line\", \"params\": {\"interpolate\": \"linear\", \"type\": \"line\", \"shareYAxis\": true, \"seriesParams\": [{\"interpolate\": \"cardinal\", \"show\": \"true\", \"radiusRatio\": 9, \"valueAxis\": \"ValueAxis-1\", \"drawLinesBetweenPoints\": true, \"mode\": \"normal\", \"showCircles\": true, \"type\": \"line\", \"data\": {\"id\": \"1\", \"label\": \"Percentiles of event.duration\"}}], \"radiusRatio\": 9, \"smoothLines\": true, \"addTimeMarker\": false, \"setYExtents\": false, \"legendPosition\": \"right\", \"addLegend\": true, \"scale\": \"square root\", \"yAxis\": {}, \"times\": [], \"grid\": {\"style\": {\"color\": \"#eee\"}, \"categoryLines\": false}, \"valueAxes\": [{\"show\": true, \"id\": \"ValueAxis-1\", \"position\": \"left\", \"title\": {\"text\": \"Percentiles of event.duration\"}, \"labels\": {\"show\": true, \"truncate\": 100, \"filter\": false, \"rotate\": 0}, \"style\": {}, \"scale\": {\"type\": \"square root\", \"mode\": \"normal\", \"defaultYExtents\": false, \"setYExtents\": false}, \"name\": \"LeftAxis-1\", \"type\": \"value\"}], \"drawLinesBetweenPoints\": true, \"defaultYExtents\": false, \"addTooltip\": true, \"categoryAxes\": [{\"show\": true, \"id\": \"CategoryAxis-1\", \"position\": \"bottom\", \"title\": {}, \"labels\": {\"show\": true, \"truncate\": 100}, \"scale\": {\"type\": \"linear\"}, \"style\": {}, \"type\": \"category\"}], \"showCircles\": true}, \"aggs\": [{\"type\": \"percentiles\", \"id\": \"1\", \"schema\": \"metric\", \"params\": {\"field\": \"event.duration\", \"percents\": [5, 25, 50, 75, 95]}, \"enabled\": true}, {\"type\": \"date_histogram\", \"id\": \"2\", \"schema\": \"segment\", \"params\": {\"field\": \"@timestamp\", \"interval\": \"auto\", \"useNormalizedEsInterval\": true, \"drop_partials\": false, \"customInterval\": \"2h\", \"extended_bounds\": {}, \"min_doc_count\": 1}, \"enabled\": true}], \"title\": \"Cassandra ResponseTime [Packetbeat] ECS\"}"
            },
            "id": "Cassandra-ResponseTime-ecs",
            "type": "visualization",
            "updated_at": "2019-01-18T23:49:20.964Z",
            "version": 1
        },
        {
            "attributes": {
                "description": "",
                "kibanaSavedObjectMeta": {
                    "searchSourceJSON": "{\"query\": {\"query\": \"\", \"language\": \"kuery\"}, \"index\": \"packetbeat-*\", \"filter\": []}"
                },
                "savedSearchId": "eaa83e60-190b-11e9-be0d-adde5066235e-ecs",
                "title": "Cassandra RequestCount [Packetbeat] ECS",
                "uiStateJSON": "{}",
                "version": 1,
                "visState": "{\"type\": \"line\", \"params\": {\"interpolate\": \"linear\", \"shareYAxis\": true, \"radiusRatio\": 9, \"smoothLines\": true, \"addTimeMarker\": false, \"setYExtents\": false, \"legendPosition\": \"right\", \"addLegend\": true, \"yAxis\": {}, \"times\": [], \"drawLinesBetweenPoints\": true, \"defaultYExtents\": false, \"addTooltip\": true, \"scale\": \"square root\", \"showCircles\": true}, \"aggs\": [{\"type\": \"count\", \"id\": \"1\", \"schema\": \"metric\", \"params\": {}, \"enabled\": true}, {\"type\": \"date_histogram\", \"id\": \"2\", \"schema\": \"segment\", \"params\": {\"min_doc_count\": 1, \"field\": \"@timestamp\", \"customInterval\": \"2h\", \"extended_bounds\": {}, \"interval\": \"auto\"}, \"enabled\": true}], \"title\": \"Cassandra RequestCount ECS\", \"listeners\": {}}"
            },
            "id": "Cassandra-RequestCount-ecs",
            "type": "visualization",
            "updated_at": "2019-01-18T23:49:20.964Z",
            "version": 1
        },
        {
            "attributes": {
                "description": "",
                "kibanaSavedObjectMeta": {
                    "searchSourceJSON": "{\"query\": {\"query\": \"\", \"language\": \"kuery\"}, \"index\": \"packetbeat-*\", \"filter\": []}"
                },
                "savedSearchId": "eaa83e60-190b-11e9-be0d-adde5066235e-ecs",
                "title": "Cassandra Ops [Packetbeat] ECS",
                "uiStateJSON": "{}",
                "version": 1,
                "visState": "{\"type\": \"pie\", \"params\": {\"isDonut\": true, \"shareYAxis\": true, \"addTooltip\": true, \"legendPosition\": \"right\", \"addLegend\": true}, \"aggs\": [{\"type\": \"count\", \"id\": \"1\", \"schema\": \"metric\", \"params\": {}, \"enabled\": true}, {\"type\": \"terms\", \"id\": \"2\", \"schema\": \"segment\", \"params\": {\"order\": \"desc\", \"field\": \"cassandra.request.headers.op\", \"orderBy\": \"1\", \"size\": 5}, \"enabled\": true}, {\"type\": \"terms\", \"id\": \"3\", \"schema\": \"segment\", \"params\": {\"order\": \"desc\", \"field\": \"cassandra.response.headers.op\", \"orderBy\": \"1\", \"size\": 5}, \"enabled\": true}], \"title\": \"Cassandra Ops ECS\", \"listeners\": {}}"
            },
            "id": "Cassandra-Ops-ecs",
            "type": "visualization",
            "updated_at": "2019-01-18T23:49:20.964Z",
            "version": 1
        },
        {
            "attributes": {
                "description": "",
                "kibanaSavedObjectMeta": {
                    "searchSourceJSON": "{\"query\": {\"query\": \"\", \"language\": \"kuery\"}, \"index\": \"packetbeat-*\", \"filter\": []}"
                },
                "savedSearchId": "eaa83e60-190b-11e9-be0d-adde5066235e-ecs",
                "title": "Cassandra RequestCountStackByType [Packetbeat] ECS",
                "uiStateJSON": "{}",
                "version": 1,
                "visState": "{\"type\": \"histogram\", \"params\": {\"times\": [], \"yAxis\": {}, \"mode\": \"stacked\", \"setYExtents\": false, \"addTooltip\": true, \"addTimeMarker\": false, \"defaultYExtents\": false, \"legendPosition\": \"right\", \"scale\": \"linear\", \"shareYAxis\": true, \"addLegend\": true}, \"aggs\": [{\"type\": \"count\", \"id\": \"1\", \"schema\": \"metric\", \"params\": {}, \"enabled\": true}, {\"type\": \"date_histogram\", \"id\": \"2\", \"schema\": \"segment\", \"params\": {\"min_doc_count\": 1, \"field\": \"@timestamp\", \"customInterval\": \"2h\", \"extended_bounds\": {}, \"interval\": \"auto\"}, \"enabled\": true}, {\"type\": \"terms\", \"id\": \"3\", \"schema\": \"group\", \"params\": {\"order\": \"desc\", \"field\": \"cassandra.request.headers.op\", \"orderBy\": \"1\", \"size\": 5}, \"enabled\": true}], \"title\": \"Cassandra RequestCountStackByType ECS\", \"listeners\": {}}"
            },
            "id": "Cassandra-RequestCountStackByType-ecs",
            "type": "visualization",
            "updated_at": "2019-01-18T23:49:20.964Z",
            "version": 1
        },
        {
            "attributes": {
                "description": "",
                "kibanaSavedObjectMeta": {
                    "searchSourceJSON": "{\"query\": {\"query\": \"\", \"language\": \"kuery\"}, \"index\": \"packetbeat-*\", \"filter\": []}"
                },
                "savedSearchId": "eaa83e60-190b-11e9-be0d-adde5066235e-ecs",
                "title": "Cassandra ResponseCountStackByType [Packetbeat] ECS",
                "uiStateJSON": "{}",
                "version": 1,
                "visState": "{\"type\": \"histogram\", \"params\": {\"times\": [], \"yAxis\": {}, \"mode\": \"stacked\", \"setYExtents\": false, \"addTooltip\": true, \"addTimeMarker\": false, \"defaultYExtents\": false, \"legendPosition\": \"right\", \"scale\": \"linear\", \"shareYAxis\": true, \"addLegend\": true}, \"aggs\": [{\"type\": \"count\", \"id\": \"1\", \"schema\": \"metric\", \"params\": {}, \"enabled\": true}, {\"type\": \"date_histogram\", \"id\": \"2\", \"schema\": \"segment\", \"params\": {\"min_doc_count\": 1, \"field\": \"@timestamp\", \"customInterval\": \"2h\", \"extended_bounds\": {}, \"interval\": \"auto\"}, \"enabled\": true}, {\"type\": \"terms\", \"id\": \"3\", \"schema\": \"group\", \"params\": {\"order\": \"desc\", \"field\": \"cassandra.response.headers.op\", \"orderBy\": \"1\", \"size\": 5}, \"enabled\": true}], \"title\": \"Cassandra ResponseCountStackByType ECS\", \"listeners\": {}}"
            },
            "id": "Cassandra-ResponseCountStackByType-ecs",
            "type": "visualization",
            "updated_at": "2019-01-18T23:49:20.964Z",
            "version": 1
        },
        {
            "attributes": {
                "description": "",
                "kibanaSavedObjectMeta": {
                    "searchSourceJSON": "{\"query\": {\"query\": \"\", \"language\": \"kuery\"}, \"index\": \"packetbeat-*\", \"filter\": []}"
                },
                "savedSearchId": "eaa83e60-190b-11e9-be0d-adde5066235e-ecs",
                "title": "Cassandra RequestCountByType [Packetbeat] ECS",
                "uiStateJSON": "{}",
                "version": 1,
                "visState": "{\"type\": \"line\", \"params\": {\"interpolate\": \"linear\", \"shareYAxis\": true, \"radiusRatio\": \"13\", \"smoothLines\": true, \"addTimeMarker\": false, \"setYExtents\": false, \"legendPosition\": \"right\", \"addLegend\": true, \"yAxis\": {}, \"times\": [], \"drawLinesBetweenPoints\": false, \"defaultYExtents\": false, \"addTooltip\": true, \"scale\": \"log\", \"showCircles\": true}, \"aggs\": [{\"type\": \"count\", \"id\": \"1\", \"schema\": \"metric\", \"params\": {}, \"enabled\": true}, {\"type\": \"date_histogram\", \"id\": \"2\", \"schema\": \"segment\", \"params\": {\"min_doc_count\": 1, \"field\": \"@timestamp\", \"customInterval\": \"2h\", \"extended_bounds\": {}, \"interval\": \"auto\"}, \"enabled\": true}, {\"type\": \"terms\", \"id\": \"3\", \"schema\": \"group\", \"params\": {\"order\": \"desc\", \"field\": \"cassandra.request.headers.op\", \"orderBy\": \"1\", \"size\": 10}, \"enabled\": true}, {\"type\": \"count\", \"id\": \"4\", \"schema\": \"radius\", \"params\": {}, \"enabled\": true}], \"title\": \"Cassandra RequestCountByType ECS\", \"listeners\": {}}"
            },
            "id": "Cassandra-RequestCountByType-ecs",
            "type": "visualization",
            "updated_at": "2019-01-18T23:49:20.964Z",
            "version": 1
        },
        {
            "attributes": {
                "description": "",
                "kibanaSavedObjectMeta": {
                    "searchSourceJSON": "{\"query\": {\"query\": \"\", \"language\": \"kuery\"}, \"index\": \"packetbeat-*\", \"filter\": []}"
                },
                "savedSearchId": "eaa83e60-190b-11e9-be0d-adde5066235e-ecs",
                "title": "Cassandra ResponseCountByType [Packetbeat] ECS",
                "uiStateJSON": "{}",
                "version": 1,
                "visState": "{\"type\": \"line\", \"params\": {\"interpolate\": \"linear\", \"shareYAxis\": true, \"radiusRatio\": \"15\", \"smoothLines\": true, \"showCircles\": true, \"setYExtents\": false, \"addLegend\": true, \"scale\": \"log\", \"yAxis\": {}, \"times\": [], \"drawLinesBetweenPoints\": false, \"defaultYExtents\": false, \"addTooltip\": true, \"addTimeMarker\": false}, \"aggs\": [{\"type\": \"count\", \"id\": \"1\", \"schema\": \"metric\", \"params\": {}}, {\"type\": \"date_histogram\", \"id\": \"2\", \"schema\": \"segment\", \"params\": {\"min_doc_count\": 1, \"field\": \"@timestamp\", \"customInterval\": \"2h\", \"extended_bounds\": {}, \"interval\": \"auto\"}}, {\"type\": \"terms\", \"id\": \"3\", \"schema\": \"group\", \"params\": {\"order\": \"desc\", \"field\": \"cassandra.response.headers.op\", \"orderBy\": \"1\", \"size\": 10}}, {\"type\": \"count\", \"id\": \"4\", \"schema\": \"radius\", \"params\": {}}], \"title\": \"Cassandra: ResponseCountByType ECS\", \"listeners\": {}}"
            },
            "id": "Cassandra-ResponseCountByType-ecs",
            "type": "visualization",
            "updated_at": "2019-01-18T23:49:20.964Z",
            "version": 1
        },
        {
            "attributes": {
                "description": "",
                "kibanaSavedObjectMeta": {
                    "searchSourceJSON": "{\"query\": {\"query\": \"\", \"language\": \"kuery\"}, \"filter\": []}"
                },
                "title": "Navigation [Packetbeat] ECS",
                "uiStateJSON": "{}",
                "version": 1,
                "visState": "{\"type\": \"markdown\", \"params\": {\"fontSize\": 10, \"openLinksInNewTab\": false, \"markdown\": \"### Packetbeat:\\n\\n[Overview](#/dashboard/Packetbeat-Dashboard-ecs)\\n\\n[Network Flows](#/dashboard/Packetbeat-Flows-ecs)\\n\\n[DNS Overview](#/dashboard/65120940-1454-11e9-9de0-f98d1808db8e-ecs) | [Tunneling](#/dashboard/DNS-Unique-Domains-ecs)\\n\\n[DHCPv4 Transactions](#/dashboard/a7b35890-8baa-11e8-9676-ef67484126fb-ecs)\\n\\n[TLS Overview](#/dashboard/tls-sessions-ecs)\\n\\n[HTTP transactions](#/dashboard/Packetbeat-HTTP-ecs)\\n\\nDatabases: [MySQL](#/dashboard/Packetbeat-MySQL-performance-ecs) | [PostgreSQL](#/dashboard/Packetbeat-PgSQL-performance-ecs) | [MongoDB](#/dashboard/Packetbeat-MongoDB-performance-ecs) | [Cassandra](#/dashboard/Packetbeat-Cassandra-ecs)\\n\\nRPC: [Thrift](#/dashboard/Packetbeat-Thrift-performance-ecs)\\n\\nStorage: [NFS](#/dashboard/Packetbeat-NFS-ecs)\"}, \"aggs\": [], \"title\": \"Navigation [Packetbeat] ECS\"}"
            },
            "id": "Navigation-ecs",
            "type": "visualization",
            "updated_at": "2019-01-19T00:18:59.372Z",
            "version": 11
        },
        {
            "attributes": {
                "columns": [
                    "cassandra.request.query",
                    "cassandra.response.result.rows.meta.keyspace",
                    "cassandra.response.result.rows.meta.table",
                    "cassandra.response.result.rows.num_rows"
                ],
                "description": "",
                "hits": 0,
                "kibanaSavedObjectMeta": {
                    "searchSourceJSON": "{\"query\": {\"query\": \"\", \"language\": \"kuery\"}, \"filter\": [{\"query\": {\"match\": {\"cassandra.request.headers.op\": {\"type\": \"phrase\", \"query\": \"QUERY\"}}}, \"meta\": {\"negate\": false, \"key\": \"cassandra.request.headers.op\", \"value\": \"QUERY\", \"params\": {\"type\": \"phrase\", \"query\": \"QUERY\"}, \"index\": \"packetbeat-*\", \"alias\": null, \"type\": \"phrase\", \"disabled\": false}, \"$state\": {\"store\": \"appState\"}}, {\"query\": {\"match\": {\"cassandra.response.headers.op\": {\"type\": \"phrase\", \"query\": \"ERROR\"}}}, \"meta\": {\"negate\": true, \"key\": \"cassandra.response.headers.op\", \"value\": \"ERROR\", \"params\": {\"type\": \"phrase\", \"query\": \"ERROR\"}, \"index\": \"packetbeat-*\", \"alias\": null, \"type\": \"phrase\", \"disabled\": false}, \"$state\": {\"store\": \"appState\"}}], \"version\": true, \"highlightAll\": true, \"highlight\": {\"post_tags\": [\"@/kibana-highlighted-field@\"], \"pre_tags\": [\"@kibana-highlighted-field@\"], \"require_field_match\": false, \"fields\": {\"*\": {}}, \"fragment_size\": 2147483647}, \"index\": \"packetbeat-*\"}"
                },
                "sort": [
                    "@timestamp",
                    "desc"
                ],
                "title": "Cassandra Query Search [Packetbeat] ECS",
                "version": 1
            },
            "id": "Cassandra-QueryView-ecs",
            "type": "search",
            "updated_at": "2019-01-18T23:49:20.964Z",
            "version": 1
        },
        {
            "attributes": {
                "columns": [
                    "_source"
                ],
                "description": "",
                "hits": 0,
                "kibanaSavedObjectMeta": {
                    "searchSourceJSON": "{\"query\": {\"query\": \"\", \"language\": \"kuery\"}, \"highlightAll\": true, \"filter\": [{\"query\": {\"match\": {\"event.dataset\": {\"type\": \"phrase\", \"query\": \"cassandra\"}}}, \"meta\": {\"negate\": false, \"key\": \"event.dataset\", \"value\": \"cassandra\", \"params\": {\"type\": \"phrase\", \"query\": \"cassandra\"}, \"index\": \"packetbeat-*\", \"alias\": null, \"type\": \"phrase\", \"disabled\": false}, \"$state\": {\"store\": \"appState\"}}], \"index\": \"packetbeat-*\", \"version\": true}"
                },
                "sort": [
                    "@timestamp",
                    "desc"
                ],
                "title": "Cassandra Search [Packetbeat] ECS",
                "version": 1
            },
            "id": "eaa83e60-190b-11e9-be0d-adde5066235e-ecs",
            "type": "search",
            "updated_at": "2019-01-18T23:49:20.964Z",
            "version": 1
        },
        {
            "attributes": {
                "description": "",
                "hits": 0,
                "kibanaSavedObjectMeta": {
                    "searchSourceJSON": "{\"query\": {\"query\": \"\", \"language\": \"kuery\"}, \"highlightAll\": true, \"filter\": [], \"version\": true}"
                },
                "optionsJSON": "{\"darkTheme\": false}",
                "panelsJSON": "[{\"type\": \"visualization\", \"id\": \"Cassandra-ResponseKeyspace-ecs\", \"size_x\": 3, \"size_y\": 2, \"row\": 3, \"panelIndex\": 3, \"col\": 10}, {\"type\": \"visualization\", \"id\": \"Cassandra-ResponseType-ecs\", \"size_x\": 3, \"size_y\": 2, \"row\": 3, \"panelIndex\": 4, \"col\": 7}, {\"type\": \"visualization\", \"id\": \"Cassandra-ResponseTime-ecs\", \"size_x\": 12, \"size_y\": 2, \"row\": 5, \"panelIndex\": 9, \"col\": 1}, {\"type\": \"visualization\", \"id\": \"Cassandra-RequestCount-ecs\", \"size_x\": 9, \"size_y\": 2, \"row\": 1, \"panelIndex\": 10, \"col\": 4}, {\"type\": \"visualization\", \"id\": \"Cassandra-Ops-ecs\", \"size_x\": 3, \"size_y\": 2, \"row\": 3, \"panelIndex\": 11, \"col\": 4}, {\"type\": \"visualization\", \"id\": \"Cassandra-RequestCountStackByType-ecs\", \"size_x\": 12, \"size_y\": 2, \"row\": 7, \"panelIndex\": 15, \"col\": 1}, {\"type\": \"visualization\", \"id\": \"Cassandra-ResponseCountStackByType-ecs\", \"size_x\": 12, \"size_y\": 2, \"row\": 9, \"panelIndex\": 16, \"col\": 1}, {\"type\": \"visualization\", \"id\": \"Cassandra-RequestCountByType-ecs\", \"size_x\": 6, \"size_y\": 3, \"row\": 11, \"panelIndex\": 17, \"col\": 1}, {\"type\": \"visualization\", \"id\": \"Cassandra-ResponseCountByType-ecs\", \"size_x\": 6, \"size_y\": 3, \"row\": 11, \"panelIndex\": 18, \"col\": 7}, {\"type\": \"visualization\", \"id\": \"Navigation-ecs\", \"size_x\": 3, \"size_y\": 4, \"row\": 1, \"panelIndex\": 19, \"col\": 1}, {\"type\": \"search\", \"id\": \"Cassandra-QueryView-ecs\", \"size_x\": 12, \"sort\": [\"@timestamp\", \"desc\"], \"size_y\": 3, \"columns\": [\"cassandra.request.query\", \"cassandra.response.result.rows.meta.keyspace\", \"cassandra.response.result.rows.meta.table\", \"cassandra.response.result.rows.num_rows\"], \"panelIndex\": 20, \"col\": 1, \"row\": 14}]",
                "timeRestore": false,
                "title": "[Packetbeat] Cassandra ECS",
                "uiStateJSON": "{\"P-17\": {\"vis\": {\"legendOpen\": false}}, \"P-10\": {\"vis\": {\"legendOpen\": false}}, \"P-18\": {\"vis\": {\"legendOpen\": false}}}",
                "version": 1
            },
            "id": "Packetbeat-Cassandra-ecs",
            "type": "dashboard",
            "updated_at": "2019-01-18T23:49:20.964Z",
            "version": 1
        }
    ],
    "version": "7.0.0-SNAPSHOT"
}