{
    "objects": [
        {
            "attributes": {
                "description": "Overview of services on an individual host.",
                "hits": 0,
                "kibanaSavedObjectMeta": {
                    "searchSourceJSON": "{\"query\": {\"query\": \"\", \"language\": \"kuery\"}, \"filter\": []}"
                },
                "optionsJSON": "{\"hidePanelTitles\": false, \"useMargins\": true}",
                "panelsJSON": "[{\"title\": \"Running Services\", \"embeddableConfig\": {\"title\": \"Running Services\"}, \"gridData\": {\"y\": 0, \"h\": 11, \"i\": \"023b7623-9610-47ee-a10c-64ee8d2ccfa1\", \"w\": 14, \"x\": 0}, \"panelRefName\": \"panel_0\", \"panelIndex\": \"023b7623-9610-47ee-a10c-64ee8d2ccfa1\", \"version\": \"7.4.0\"}, {\"title\": \"Service States\", \"embeddableConfig\": {\"title\": \"Service States\"}, \"gridData\": {\"y\": 0, \"h\": 11, \"i\": \"40ebab84-f48f-4060-a7af-3ffdf833ad3a\", \"w\": 12, \"x\": 14}, \"panelRefName\": \"panel_1\", \"panelIndex\": \"40ebab84-f48f-4060-a7af-3ffdf833ad3a\", \"version\": \"7.4.0\"}, {\"title\": \"Service Sub-State\", \"embeddableConfig\": {\"title\": \"Service Sub-State\"}, \"gridData\": {\"y\": 0, \"h\": 11, \"i\": \"0ad1caa8-2a3f-4429-9631-42d1c57a9e64\", \"w\": 12, \"x\": 26}, \"panelRefName\": \"panel_2\", \"panelIndex\": \"0ad1caa8-2a3f-4429-9631-42d1c57a9e64\", \"version\": \"7.4.0\"}, {\"title\": \"Return Codes Of Exited Services\", \"embeddableConfig\": {\"title\": \"Return Codes Of Exited Services\"}, \"gridData\": {\"y\": 0, \"h\": 11, \"i\": \"9e37921b-da6f-464d-9683-5c9bd550640b\", \"w\": 10, \"x\": 38}, \"panelRefName\": \"panel_3\", \"panelIndex\": \"9e37921b-da6f-464d-9683-5c9bd550640b\", \"version\": \"7.4.0\"}, {\"title\": \"Top Services By Memory Usage\", \"embeddableConfig\": {\"title\": \"Top Services By Memory Usage\"}, \"gridData\": {\"y\": 11, \"h\": 11, \"i\": \"e3ec1fe3-a03a-466e-8bc2-69136e3e6302\", \"w\": 24, \"x\": 0}, \"panelRefName\": \"panel_4\", \"panelIndex\": \"e3ec1fe3-a03a-466e-8bc2-69136e3e6302\", \"version\": \"7.4.0\"}, {\"title\": \"Top Services By Task Count\", \"embeddableConfig\": {\"title\": \"Top Services By Task Count\"}, \"gridData\": {\"y\": 11, \"h\": 11, \"i\": \"cc928f52-22c9-402d-a7a1-4f32720a4290\", \"w\": 24, \"x\": 24}, \"panelRefName\": \"panel_5\", \"panelIndex\": \"cc928f52-22c9-402d-a7a1-4f32720a4290\", \"version\": \"7.4.0\"}, {\"title\": \"Service Memory Use Over Time\", \"embeddableConfig\": {\"title\": \"Service Memory Use Over Time\"}, \"gridData\": {\"y\": 22, \"h\": 14, \"i\": \"c83f16cd-286f-411b-bae9-bade176a8db2\", \"w\": 48, \"x\": 0}, \"panelRefName\": \"panel_6\", \"panelIndex\": \"c83f16cd-286f-411b-bae9-bade176a8db2\", \"version\": \"7.4.0\"}]",
                "timeRestore": false,
                "title": "[Metricbeat System] Host Services Overview",
                "version": 1
            },
            "id": "c431f410-f9ac-11e9-90e8-1fb18e796788",
            "migrationVersion": {
                "dashboard": "7.3.0"
            },
            "references": [
                {
                    "id": "a30871f0-f98f-11e9-90e8-1fb18e796788",
                    "name": "panel_0",
                    "type": "visualization"
                },
                {
                    "id": "bb3a8720-f991-11e9-90e8-1fb18e796788",
                    "name": "panel_1",
                    "type": "visualization"
                },
                {
                    "id": "e6e639e0-f992-11e9-90e8-1fb18e796788",
                    "name": "panel_2",
                    "type": "visualization"
                },
                {
                    "id": "9c69cad0-f9b0-11e9-90e8-1fb18e796788",
                    "name": "panel_3",
                    "type": "visualization"
                },
                {
                    "id": "8c071e20-f999-11e9-90e8-1fb18e796788",
                    "name": "panel_4",
                    "type": "visualization"
                },
                {
                    "id": "4b254630-f998-11e9-90e8-1fb18e796788",
                    "name": "panel_5",
                    "type": "visualization"
                },
                {
                    "id": "d3f51850-f9b6-11e9-90e8-1fb18e796788",
                    "name": "panel_6",
                    "type": "visualization"
                }
            ],
            "type": "dashboard",
            "updated_at": "2019-10-31T14:21:04.680Z",
            "version": "WzE0NjksMV0="
        },
        {
            "attributes": {
                "description": "",
                "kibanaSavedObjectMeta": {
                    "searchSourceJSON": "{\"query\": {\"query\": \"\", \"language\": \"kuery\"}, \"filter\": [], \"indexRefName\": \"kibanaSavedObjectMeta.searchSourceJSON.index\"}"
                },
                "title": "Running Services [Metricbeat System]",
                "uiStateJSON": "{}",
                "version": 1,
                "visState": "{\"aggs\": [{\"params\": {\"field\": \"system.service.name\", \"customLabel\": \"Running Services [Metricbeat Services]\"}, \"schema\": \"metric\", \"enabled\": true, \"type\": \"cardinality\", \"id\": \"1\"}], \"params\": {\"addTooltip\": true, \"metric\": {\"percentageMode\": false, \"style\": {\"subText\": \"\", \"labelColor\": false, \"bgFill\": \"#000\", \"bgColor\": false, \"fontSize\": 60}, \"metricColorMode\": \"None\", \"useRanges\": false, \"colorsRange\": [{\"to\": 10000, \"type\": \"range\", \"from\": 0}], \"colorSchema\": \"Green to Red\", \"labels\": {\"show\": true}, \"invertColors\": false}, \"type\": \"metric\", \"dimensions\": {\"metrics\": [{\"accessor\": 0, \"format\": {\"params\": {}, \"id\": \"number\"}, \"type\": \"vis_dimension\"}]}, \"addLegend\": false}, \"title\": \"Running Services [Metricbeat System]\", \"type\": \"metric\"}"
            },
            "id": "a30871f0-f98f-11e9-90e8-1fb18e796788",
            "migrationVersion": {
                "visualization": "7.3.1"
            },
            "references": [
                {
                    "id": "metricbeat-*",
                    "name": "kibanaSavedObjectMeta.searchSourceJSON.index",
                    "type": "index-pattern"
                }
            ],
            "type": "visualization",
            "updated_at": "2019-10-31T13:35:51.219Z",
            "version": "WzE0NTAsMV0="
        },
        {
            "attributes": {
                "description": "",
                "kibanaSavedObjectMeta": {
                    "searchSourceJSON": "{\"query\": {\"query\": \"\", \"language\": \"kuery\"}, \"filter\": [], \"indexRefName\": \"kibanaSavedObjectMeta.searchSourceJSON.index\"}"
                },
                "title": "Service States [Metricbeat System]",
                "uiStateJSON": "{}",
                "version": 1,
                "visState": "{\"aggs\": [{\"params\": {\"customLabel\": \"Service States [Metricbeat Services]\"}, \"schema\": \"metric\", \"enabled\": true, \"type\": \"count\", \"id\": \"1\"}, {\"params\": {\"size\": 5, \"missingBucket\": false, \"otherBucketLabel\": \"Other\", \"otherBucket\": false, \"orderBy\": \"1\", \"order\": \"desc\", \"field\": \"system.service.state\", \"missingBucketLabel\": \"Missing\"}, \"schema\": \"segment\", \"enabled\": true, \"type\": \"terms\", \"id\": \"2\"}], \"params\": {\"legendPosition\": \"right\", \"type\": \"pie\", \"addTooltip\": true, \"isDonut\": true, \"labels\": {\"values\": true, \"last_level\": true, \"truncate\": 100, \"show\": false}, \"dimensions\": {\"metric\": {\"params\": {}, \"accessor\": 1, \"aggType\": \"count\", \"format\": {\"id\": \"number\"}}, \"buckets\": [{\"params\": {}, \"accessor\": 0, \"aggType\": \"terms\", \"format\": {\"params\": {\"otherBucketLabel\": \"Other\", \"missingBucketLabel\": \"Missing\", \"id\": \"string\"}, \"id\": \"terms\"}}]}, \"addLegend\": true}, \"title\": \"Service States [Metricbeat System]\", \"type\": \"pie\"}"
            },
            "id": "bb3a8720-f991-11e9-90e8-1fb18e796788",
            "migrationVersion": {
                "visualization": "7.3.1"
            },
            "references": [
                {
                    "id": "metricbeat-*",
                    "name": "kibanaSavedObjectMeta.searchSourceJSON.index",
                    "type": "index-pattern"
                }
            ],
            "type": "visualization",
            "updated_at": "2019-10-31T13:38:51.526Z",
            "version": "WzE0NTIsMV0="
        },
        {
            "attributes": {
                "description": "",
                "kibanaSavedObjectMeta": {
                    "searchSourceJSON": "{\"query\": {\"query\": \"\", \"language\": \"kuery\"}, \"filter\": [], \"indexRefName\": \"kibanaSavedObjectMeta.searchSourceJSON.index\"}"
                },
                "title": "Service Sub-State [Metricbeat System]",
                "uiStateJSON": "{}",
                "version": 1,
                "visState": "{\"aggs\": [{\"params\": {\"customLabel\": \"Service Sub-State [Metricbeat Services]\"}, \"schema\": \"metric\", \"enabled\": true, \"type\": \"count\", \"id\": \"1\"}, {\"params\": {\"size\": 5, \"missingBucket\": false, \"otherBucketLabel\": \"Other\", \"otherBucket\": false, \"orderBy\": \"1\", \"order\": \"desc\", \"field\": \"system.service.sub_state\", \"missingBucketLabel\": \"Missing\"}, \"schema\": \"segment\", \"enabled\": true, \"type\": \"terms\", \"id\": \"2\"}], \"params\": {\"legendPosition\": \"right\", \"type\": \"pie\", \"addTooltip\": true, \"isDonut\": true, \"labels\": {\"values\": true, \"last_level\": true, \"truncate\": 100, \"show\": false}, \"dimensions\": {\"metric\": {\"params\": {}, \"accessor\": 1, \"aggType\": \"count\", \"format\": {\"id\": \"number\"}}, \"buckets\": [{\"params\": {}, \"accessor\": 0, \"aggType\": \"terms\", \"format\": {\"params\": {\"otherBucketLabel\": \"Other\", \"missingBucketLabel\": \"Missing\", \"id\": \"string\"}, \"id\": \"terms\"}}]}, \"addLegend\": true}, \"title\": \"Service Sub-State [Metricbeat System]\", \"type\": \"pie\"}"
            },
            "id": "e6e639e0-f992-11e9-90e8-1fb18e796788",
            "migrationVersion": {
                "visualization": "7.3.1"
            },
            "references": [
                {
                    "id": "metricbeat-*",
                    "name": "kibanaSavedObjectMeta.searchSourceJSON.index",
                    "type": "index-pattern"
                }
            ],
            "type": "visualization",
            "updated_at": "2019-10-31T13:40:09.336Z",
            "version": "WzE0NTQsMV0="
        },
        {
            "attributes": {
                "description": "",
                "kibanaSavedObjectMeta": {
                    "searchSourceJSON": "{\"query\": {\"query\": \"\", \"language\": \"kuery\"}, \"filter\": [{\"query\": {\"match\": {\"metricset.name\": {\"query\": \"service\", \"type\": \"phrase\"}}}, \"meta\": {\"value\": \"service\", \"key\": \"metricset.name\", \"negate\": false, \"params\": {\"query\": \"service\"}, \"type\": \"phrase\", \"alias\": null, \"disabled\": false, \"indexRefName\": \"kibanaSavedObjectMeta.searchSourceJSON.filter[0].meta.index\"}, \"$state\": {\"store\": \"appState\"}}], \"indexRefName\": \"kibanaSavedObjectMeta.searchSourceJSON.index\"}"
                },
                "title": "Return Codes Of Exited Services [Metricbeat System]",
                "uiStateJSON": "{}",
                "version": 1,
                "visState": "{\"aggs\": [{\"params\": {\"customLabel\": \"Return Codes Of Exited Services [Metricbeat Services]\"}, \"schema\": \"metric\", \"enabled\": true, \"type\": \"count\", \"id\": \"1\"}, {\"params\": {\"size\": 5, \"missingBucket\": false, \"otherBucketLabel\": \"Other\", \"otherBucket\": false, \"orderBy\": \"1\", \"order\": \"desc\", \"field\": \"process.exit_code\", \"missingBucketLabel\": \"Missing\"}, \"schema\": \"segment\", \"enabled\": true, \"type\": \"terms\", \"id\": \"2\"}], \"params\": {\"legendPosition\": \"right\", \"type\": \"pie\", \"addTooltip\": true, \"isDonut\": true, \"labels\": {\"values\": true, \"last_level\": true, \"truncate\": 100, \"show\": false}, \"dimensions\": {\"metric\": {\"params\": {}, \"accessor\": 1, \"aggType\": \"count\", \"format\": {\"id\": \"number\"}}, \"buckets\": [{\"params\": {}, \"accessor\": 0, \"aggType\": \"terms\", \"format\": {\"params\": {\"otherBucketLabel\": \"Other\", \"missingBucketLabel\": \"Missing\", \"id\": \"number\"}, \"id\": \"terms\"}}]}, \"addLegend\": true}, \"title\": \"Return Codes Of Exited Services [Metricbeat System]\", \"type\": \"pie\"}"
            },
            "id": "9c69cad0-f9b0-11e9-90e8-1fb18e796788",
            "migrationVersion": {
                "visualization": "7.3.1"
            },
            "references": [
                {
                    "id": "metricbeat-*",
                    "name": "kibanaSavedObjectMeta.searchSourceJSON.index",
                    "type": "index-pattern"
                },
                {
                    "id": "metricbeat-*",
                    "name": "kibanaSavedObjectMeta.searchSourceJSON.filter[0].meta.index",
                    "type": "index-pattern"
                }
            ],
            "type": "visualization",
            "updated_at": "2019-10-31T14:03:44.126Z",
            "version": "WzE0NjEsMV0="
        },
        {
            "attributes": {
                "description": "",
                "kibanaSavedObjectMeta": {
                    "searchSourceJSON": "{\"query\": {\"query\": \"\", \"language\": \"kuery\"}, \"filter\": []}"
                },
                "title": "Top Services By Memory Usage [Metricbeat System]",
                "uiStateJSON": "{}",
                "version": 1,
                "visState": "{\"aggs\": [], \"params\": {\"default_timefield\": \"@timestamp\", \"show_grid\": 1, \"default_index_pattern\": \"metricbeat-*\", \"time_field\": \"\", \"series\": [{\"fill\": 0.5, \"line_width\": 1, \"point_size\": 1, \"formatter\": \"bytes\", \"chart_type\": \"line\", \"metrics\": [{\"field\": \"system.service.resources.memory.usage.bytes\", \"type\": \"avg\", \"id\": \"61ca57f2-469d-11e7-af02-69e470af7417\"}], \"color\": \"#68BC00\", \"terms_field\": \"system.service.name\", \"split_mode\": \"terms\", \"separate_axis\": 0, \"axis_position\": \"right\", \"terms_order_by\": \"61ca57f2-469d-11e7-af02-69e470af7417\", \"stacked\": \"none\", \"id\": \"61ca57f1-469d-11e7-af02-69e470af7417\"}], \"show_legend\": 1, \"isModelInvalid\": false, \"axis_scale\": \"normal\", \"bar_color_rules\": [{\"id\": \"5af08c50-f998-11e9-ac67-272468589910\"}], \"type\": \"top_n\", \"axis_position\": \"left\", \"interval\": \"\", \"id\": \"61ca57f0-469d-11e7-af02-69e470af7417\", \"axis_formatter\": \"number\", \"index_pattern\": \"metricbeat-*\"}, \"title\": \"Top Services By Memory Usage [Metricbeat System]\", \"type\": \"metrics\"}"
            },
            "id": "8c071e20-f999-11e9-90e8-1fb18e796788",
            "migrationVersion": {
                "visualization": "7.3.1"
            },
            "references": [],
            "type": "visualization",
            "updated_at": "2019-10-31T14:11:44.048Z",
            "version": "WzE0NjMsMV0="
        },
        {
            "attributes": {
                "description": "",
                "kibanaSavedObjectMeta": {
                    "searchSourceJSON": "{\"query\": {\"query\": \"\", \"language\": \"kuery\"}, \"filter\": []}"
                },
                "title": "Top Services By Task Count [Metricbeat System]",
                "uiStateJSON": "{}",
                "version": 1,
                "visState": "{\"aggs\": [], \"params\": {\"default_timefield\": \"@timestamp\", \"show_grid\": 1, \"default_index_pattern\": \"metricbeat-*\", \"time_field\": \"\", \"series\": [{\"fill\": 0.5, \"line_width\": 1, \"point_size\": 1, \"formatter\": \"number\", \"chart_type\": \"line\", \"separate_axis\": 0, \"metrics\": [{\"field\": \"system.service.resources.tasks.count\", \"type\": \"avg\", \"id\": \"61ca57f2-469d-11e7-af02-69e470af7417\"}], \"label\": \"\", \"terms_field\": \"system.service.name\", \"split_mode\": \"terms\", \"color\": \"#68BC00\", \"axis_position\": \"right\", \"terms_order_by\": \"61ca57f2-469d-11e7-af02-69e470af7417\", \"stacked\": \"none\", \"hidden\": false, \"id\": \"61ca57f1-469d-11e7-af02-69e470af7417\"}], \"show_legend\": 1, \"isModelInvalid\": false, \"axis_scale\": \"normal\", \"bar_color_rules\": [{\"id\": \"3aeae000-f997-11e9-ac67-272468589910\"}], \"type\": \"top_n\", \"axis_position\": \"left\", \"interval\": \"\", \"id\": \"61ca57f0-469d-11e7-af02-69e470af7417\", \"axis_formatter\": \"number\", \"index_pattern\": \"metricbeat-*\"}, \"title\": \"Top Services By Task Count [Metricbeat System]\", \"type\": \"metrics\"}"
            },
            "id": "4b254630-f998-11e9-90e8-1fb18e796788",
            "migrationVersion": {
                "visualization": "7.3.1"
            },
            "references": [],
            "type": "visualization",
            "updated_at": "2019-10-31T14:14:42.665Z",
            "version": "WzE0NjUsMV0="
        },
        {
            "attributes": {
                "description": "",
                "kibanaSavedObjectMeta": {
                    "searchSourceJSON": "{\"query\": {\"query\": \"\", \"language\": \"kuery\"}, \"filter\": []}"
                },
                "title": "Service Memory Use Over Time [Metricbeat System]",
                "uiStateJSON": "{}",
                "version": 1,
                "visState": "{\"aggs\": [], \"params\": {\"default_timefield\": \"@timestamp\", \"default_index_pattern\": \"metricbeat-*\", \"time_field\": \"\", \"series\": [{\"fill\": \"0\", \"terms_size\": \"5\", \"line_width\": 1, \"stacked\": \"none\", \"point_size\": 1, \"formatter\": \"bytes\", \"color\": \"rgba(244,78,59,1)\", \"chart_type\": \"line\", \"metrics\": [{\"field\": \"system.service.resources.memory.usage.bytes\", \"type\": \"avg\", \"id\": \"61ca57f2-469d-11e7-af02-69e470af7417\"}], \"label\": \"\", \"terms_field\": \"system.service.name\", \"split_mode\": \"terms\", \"separate_axis\": 0, \"type\": \"timeseries\", \"axis_position\": \"right\", \"terms_order_by\": \"61ca57f2-469d-11e7-af02-69e470af7417\", \"split_color_mode\": \"rainbow\", \"id\": \"61ca57f1-469d-11e7-af02-69e470af7417\"}], \"show_legend\": 1, \"isModelInvalid\": false, \"id\": \"61ca57f0-469d-11e7-af02-69e470af7417\", \"axis_scale\": \"normal\", \"type\": \"timeseries\", \"axis_position\": \"left\", \"interval\": \"\", \"show_grid\": 1, \"axis_formatter\": \"number\", \"index_pattern\": \"metricbeat-*\"}, \"title\": \"Service Memory Use Over Time [Metricbeat System]\", \"type\": \"metrics\"}"
            },
            "id": "d3f51850-f9b6-11e9-90e8-1fb18e796788",
            "migrationVersion": {
                "visualization": "7.3.1"
            },
            "references": [],
            "type": "visualization",
            "updated_at": "2019-10-31T14:18:54.802Z",
            "version": "WzE0NjcsMV0="
        }
    ],
    "version": "7.4.0"
}