{
    "objects": [
        {
            "attributes": {
                "description": "Kubernetes Controller Manager metrics",
                "hits": 0,
                "kibanaSavedObjectMeta": {
                    "searchSourceJSON": "{\"query\": {\"query\": \"\", \"language\": \"kuery\"}, \"filter\": [{\"query\": {\"match\": {\"event.dataset\": {\"query\": \"kubernetes.controllermanager\", \"type\": \"phrase\"}}}, \"meta\": {\"value\": \"kubernetes.controllermanager\", \"key\": \"event.dataset\", \"negate\": false, \"params\": {\"query\": \"kubernetes.controllermanager\"}, \"type\": \"phrase\", \"alias\": null, \"disabled\": false, \"indexRefName\": \"kibanaSavedObjectMeta.searchSourceJSON.filter[0].meta.index\"}, \"$state\": {\"store\": \"appState\"}}]}"
                },
                "optionsJSON": "{\"hidePanelTitles\": false, \"useMargins\": true}",
                "panelsJSON": "[{\"gridData\": {\"y\": 0, \"h\": 14, \"i\": \"1\", \"w\": 11, \"x\": 0}, \"panelRefName\": \"panel_0\", \"embeddableConfig\": {}, \"panelIndex\": \"1\", \"version\": \"7.1.1\"}, {\"gridData\": {\"y\": 0, \"h\": 14, \"i\": \"2\", \"w\": 11, \"x\": 11}, \"panelRefName\": \"panel_1\", \"embeddableConfig\": {}, \"panelIndex\": \"2\", \"version\": \"7.1.1\"}, {\"gridData\": {\"y\": 0, \"h\": 14, \"i\": \"3\", \"w\": 26, \"x\": 22}, \"panelRefName\": \"panel_2\", \"embeddableConfig\": {}, \"panelIndex\": \"3\", \"version\": \"7.1.1\"}, {\"gridData\": {\"y\": 39, \"h\": 12, \"i\": \"5\", \"w\": 24, \"x\": 0}, \"panelRefName\": \"panel_3\", \"embeddableConfig\": {}, \"panelIndex\": \"5\", \"version\": \"7.1.1\"}, {\"gridData\": {\"y\": 39, \"h\": 12, \"i\": \"6\", \"w\": 24, \"x\": 24}, \"panelRefName\": \"panel_4\", \"embeddableConfig\": {}, \"panelIndex\": \"6\", \"version\": \"7.1.1\"}, {\"gridData\": {\"y\": 14, \"h\": 13, \"i\": \"7\", \"w\": 24, \"x\": 24}, \"panelRefName\": \"panel_5\", \"embeddableConfig\": {}, \"panelIndex\": \"7\", \"version\": \"7.1.1\"}, {\"gridData\": {\"y\": 27, \"h\": 12, \"i\": \"8\", \"w\": 24, \"x\": 0}, \"panelRefName\": \"panel_6\", \"embeddableConfig\": {}, \"panelIndex\": \"8\", \"version\": \"7.1.1\"}, {\"gridData\": {\"y\": 27, \"h\": 12, \"i\": \"9\", \"w\": 24, \"x\": 24}, \"panelRefName\": \"panel_7\", \"embeddableConfig\": {}, \"panelIndex\": \"9\", \"version\": \"7.1.1\"}, {\"gridData\": {\"y\": 14, \"h\": 13, \"i\": \"10\", \"w\": 24, \"x\": 0}, \"panelRefName\": \"panel_8\", \"embeddableConfig\": {}, \"panelIndex\": \"10\", \"version\": \"7.2.0\"}]",
                "timeRestore": false,
                "title": "[Metricbeat Kubernetes] Controller Manager",
                "version": 1
            },
            "id": "97312060-9c1b-11e9-9dc8-fd27291d427f",
            "migrationVersion": {
                "dashboard": "7.0.0"
            },
            "references": [
                {
                    "id": "metricbeat-*",
                    "name": "kibanaSavedObjectMeta.searchSourceJSON.filter[0].meta.index",
                    "type": "index-pattern"
                },
                {
                    "id": "bcb194a0-9bf8-11e9-9dc8-fd27291d427f",
                    "name": "panel_0",
                    "type": "visualization"
                },
                {
                    "id": "3dbf6230-9c20-11e9-9dc8-fd27291d427f",
                    "name": "panel_1",
                    "type": "visualization"
                },
                {
                    "id": "d86b2da0-9c20-11e9-9dc8-fd27291d427f",
                    "name": "panel_2",
                    "type": "visualization"
                },
                {
                    "id": "0ca95350-9c24-11e9-9dc8-fd27291d427f",
                    "name": "panel_3",
                    "type": "visualization"
                },
                {
                    "id": "3e1e1fd0-9c27-11e9-9dc8-fd27291d427f",
                    "name": "panel_4",
                    "type": "visualization"
                },
                {
                    "id": "2ba628e0-9c2a-11e9-9dc8-fd27291d427f",
                    "name": "panel_5",
                    "type": "visualization"
                },
                {
                    "id": "8a95de50-9c38-11e9-9dc8-fd27291d427f",
                    "name": "panel_6",
                    "type": "visualization"
                },
                {
                    "id": "485c8550-9c3a-11e9-9dc8-fd27291d427f",
                    "name": "panel_7",
                    "type": "visualization"
                },
                {
                    "id": "7d80f790-9d96-11e9-b2ae-49acc4cbcea9",
                    "name": "panel_8",
                    "type": "visualization"
                }
            ],
            "type": "dashboard",
            "updated_at": "2019-07-03T16:33:10.995Z",
            "version": "WzI5OSwyXQ=="
        },
        {
            "attributes": {
                "description": "",
                "kibanaSavedObjectMeta": {
                    "searchSourceJSON": "{\"query\": {\"query\": \"\", \"language\": \"kuery\"}, \"filter\": []}"
                },
                "title": "Host selector [Metricbeat Kubernetes]",
                "uiStateJSON": "{}",
                "version": 1,
                "visState": "{\"aggs\": [], \"params\": {\"pinFilters\": false, \"useTimeFilter\": false, \"controls\": [{\"label\": \"Hostname\", \"indexPatternRefName\": \"control_0_index_pattern\", \"type\": \"list\", \"fieldName\": \"host.hostname\", \"options\": {\"dynamicOptions\": true, \"size\": 5, \"order\": \"desc\", \"type\": \"terms\", \"multiselect\": true}, \"parent\": \"\", \"id\": \"1561982488150\"}, {\"label\": \"Service address\", \"indexPatternRefName\": \"control_1_index_pattern\", \"type\": \"list\", \"fieldName\": \"service.address\", \"options\": {\"dynamicOptions\": true, \"size\": 5, \"order\": \"desc\", \"type\": \"terms\", \"multiselect\": false}, \"parent\": \"\", \"id\": \"1561982723711\"}], \"updateFiltersOnChange\": false}, \"title\": \"Host selector [Metricbeat Kubernetes]\", \"type\": \"input_control_vis\"}"
            },
            "id": "bcb194a0-9bf8-11e9-9dc8-fd27291d427f",
            "migrationVersion": {
                "visualization": "7.2.0"
            },
            "references": [
                {
                    "id": "metricbeat-*",
                    "name": "control_0_index_pattern",
                    "type": "index-pattern"
                },
                {
                    "id": "metricbeat-*",
                    "name": "control_1_index_pattern",
                    "type": "index-pattern"
                }
            ],
            "type": "visualization",
            "updated_at": "2019-07-03T07:20:34.226Z",
            "version": "WzEzMywxXQ=="
        },
        {
            "attributes": {
                "description": "",
                "kibanaSavedObjectMeta": {
                    "searchSourceJSON": "{\"query\": {\"query\": \"\", \"language\": \"kuery\"}, \"filter\": []}"
                },
                "title": "Controller Process [Metricbeat Kubernetes]",
                "uiStateJSON": "{}",
                "version": 1,
                "visState": "{\"aggs\": [], \"params\": {\"default_timefield\": \"@timestamp\", \"markdown_less\": \"\\ntable, tr, td, th {\\n    border: none;\\n}\\n\\n\", \"show_grid\": 1, \"markdown_css\": \"#markdown-61ca57f0-469d-11e7-af02-69e470af7417 table,#markdown-61ca57f0-469d-11e7-af02-69e470af7417 tr,#markdown-61ca57f0-469d-11e7-af02-69e470af7417 td,#markdown-61ca57f0-469d-11e7-af02-69e470af7417 th{border:none}\", \"default_index_pattern\": \"metricbeat-*\", \"time_field\": \"@timestamp\", \"drop_last_bucket\": 1, \"series\": [{\"fill\": 0.5, \"line_width\": 1, \"point_size\": 1, \"formatter\": \"number\", \"var_name\": \"started\", \"chart_type\": \"line\", \"metrics\": [{\"field\": \"kubernetes.controllermanager.process.started.sec\", \"type\": \"max\", \"id\": \"61ca57f2-469d-11e7-af02-69e470af7417\"}, {\"variables\": [{\"name\": \"started\", \"field\": \"61ca57f2-469d-11e7-af02-69e470af7417\", \"id\": \"ef30a230-9c1c-11e9-b29f-d55be9348723\"}], \"type\": \"math\", \"script\": \"round( (params._timestamp /1000 - params.started) / 86400, 2)\", \"id\": \"ebfdb1c0-9c1c-11e9-b29f-d55be9348723\"}], \"color\": \"#68BC00\", \"split_mode\": \"everything\", \"separate_axis\": 0, \"axis_position\": \"right\", \"stacked\": \"none\", \"id\": \"61ca57f1-469d-11e7-af02-69e470af7417\"}, {\"fill\": 0.5, \"line_width\": 1, \"point_size\": 1, \"formatter\": \"number\", \"var_name\": \"fds\", \"color\": \"#68BC00\", \"chart_type\": \"line\", \"metrics\": [{\"field\": \"kubernetes.controllermanager.process.fds.open.count\", \"type\": \"avg\", \"id\": \"1212ba81-9c1e-11e9-b29f-d55be9348723\"}], \"label\": \"\", \"split_mode\": \"everything\", \"separate_axis\": 0, \"axis_position\": \"right\", \"stacked\": \"none\", \"id\": \"1212ba80-9c1e-11e9-b29f-d55be9348723\"}, {\"fill\": 0.5, \"line_width\": 1, \"point_size\": 1, \"formatter\": \"bytes\", \"var_name\": \"resident_memory\", \"color\": \"#68BC00\", \"chart_type\": \"line\", \"metrics\": [{\"field\": \"kubernetes.controllermanager.process.memory.resident.bytes\", \"type\": \"avg\", \"id\": \"3f3b17a1-9c1e-11e9-b29f-d55be9348723\"}], \"label\": \"\", \"split_mode\": \"everything\", \"separate_axis\": 0, \"axis_position\": \"right\", \"stacked\": \"none\", \"id\": \"3f3b17a0-9c1e-11e9-b29f-d55be9348723\"}, {\"fill\": 0.5, \"line_width\": 1, \"point_size\": 1, \"formatter\": \"bytes\", \"var_name\": \"virtual_memory\", \"chart_type\": \"line\", \"metrics\": [{\"field\": \"kubernetes.controllermanager.process.memory.virtual.bytes\", \"type\": \"avg\", \"id\": \"b1a01b51-9c1f-11e9-b29f-d55be9348723\"}], \"color\": \"#68BC00\", \"split_mode\": \"everything\", \"separate_axis\": 0, \"axis_position\": \"right\", \"stacked\": \"none\", \"id\": \"b1a01b50-9c1f-11e9-b29f-d55be9348723\"}], \"show_legend\": 1, \"axis_scale\": \"normal\", \"type\": \"markdown\", \"axis_position\": \"left\", \"interval\": \"30s\", \"id\": \"61ca57f0-469d-11e7-af02-69e470af7417\", \"axis_formatter\": \"number\", \"markdown\": \"|  |   |\\n|---|---|\\n|**Days running**|{{ math.started.last.raw }}|\\n|**File descriptors open**|{{ average_of_kubernetes_controllermanager_process_fds_open_count.fds.last.raw }}|\\n|**Resident Memory**|{{ average_of_kubernetes_controllermanager_process_memory_resident_bytes.resident_memory.last.formatted }}|\\n|**Virtual Memory**|{{ average_of_kubernetes_controllermanager_process_memory_virtual_bytes.virtual_memory.last.formatted }}|\\n\", \"index_pattern\": \"metricbeat-*\"}, \"title\": \"Controller Process [Metricbeat Kubernetes]\", \"type\": \"metrics\"}"
            },
            "id": "3dbf6230-9c20-11e9-9dc8-fd27291d427f",
            "migrationVersion": {
                "visualization": "7.2.0"
            },
            "references": [],
            "type": "visualization",
            "updated_at": "2019-07-03T14:46:23.136Z",
            "version": "WzI5MSwyXQ=="
        },
        {
            "attributes": {
                "description": "",
                "kibanaSavedObjectMeta": {
                    "searchSourceJSON": "{\"query\": {\"query\": \"\", \"language\": \"kuery\"}, \"filter\": []}"
                },
                "title": "Controller HTTP request duration [Metricbeat Kubernetes]",
                "uiStateJSON": "{}",
                "version": 1,
                "visState": "{\"aggs\": [], \"params\": {\"id\": \"61ca57f0-469d-11e7-af02-69e470af7417\", \"default_index_pattern\": \"metricbeat-*\", \"axis_position\": \"left\", \"series\": [{\"fill\": 0.5, \"line_width\": 1, \"point_size\": 1, \"formatter\": \"us,ms,2\", \"color\": \"rgba(165,228,85,1)\", \"chart_type\": \"line\", \"metrics\": [{\"field\": \"kubernetes.controllermanager.http.request.duration.us.percentile.99\", \"type\": \"avg\", \"id\": \"61ca57f2-469d-11e7-af02-69e470af7417\"}], \"label\": \"P99\", \"split_mode\": \"everything\", \"separate_axis\": 0, \"axis_position\": \"right\", \"stacked\": \"none\", \"id\": \"61ca57f1-469d-11e7-af02-69e470af7417\"}, {\"fill\": 0.5, \"line_width\": 1, \"point_size\": 1, \"formatter\": \"us,ms,2\", \"color\": \"#68BC00\", \"chart_type\": \"line\", \"metrics\": [{\"field\": \"kubernetes.controllermanager.http.request.duration.us.percentile.90\", \"type\": \"avg\", \"id\": \"24fb4961-9c22-11e9-b29f-d55be9348723\"}], \"label\": \"P90\", \"split_mode\": \"everything\", \"separate_axis\": 0, \"axis_position\": \"right\", \"stacked\": \"none\", \"id\": \"24fb4960-9c22-11e9-b29f-d55be9348723\"}, {\"fill\": 0.5, \"line_width\": 1, \"point_size\": 1, \"formatter\": \"us,ms,2\", \"color\": \"rgba(65,117,0,1)\", \"chart_type\": \"line\", \"metrics\": [{\"field\": \"kubernetes.controllermanager.http.request.duration.us.percentile.50\", \"type\": \"avg\", \"id\": \"2e397791-9c22-11e9-b29f-d55be9348723\"}], \"label\": \"P50\", \"split_mode\": \"everything\", \"separate_axis\": 0, \"axis_position\": \"right\", \"stacked\": \"none\", \"id\": \"2e397790-9c22-11e9-b29f-d55be9348723\"}], \"show_legend\": 1, \"axis_scale\": \"normal\", \"type\": \"timeseries\", \"time_field\": \"@timestamp\", \"interval\": \"auto\", \"show_grid\": 1, \"axis_formatter\": \"number\", \"index_pattern\": \"metricbeat-*\"}, \"title\": \"Controller HTTP request duration [Metricbeat Kubernetes]\", \"type\": \"metrics\"}"
            },
            "id": "d86b2da0-9c20-11e9-9dc8-fd27291d427f",
            "migrationVersion": {
                "visualization": "7.2.0"
            },
            "references": [],
            "type": "visualization",
            "updated_at": "2019-07-03T13:31:57.207Z",
            "version": "WzI2MywyXQ=="
        },
        {
            "attributes": {
                "description": "",
                "kibanaSavedObjectMeta": {
                    "searchSourceJSON": "{\"query\": {\"query\": \"\", \"language\": \"kuery\"}, \"filter\": []}"
                },
                "title": "Controller Longest running processor [Metricbeat Kubernetes]",
                "uiStateJSON": "{}",
                "version": 1,
                "visState": "{\"aggs\": [], \"params\": {\"default_timefield\": \"@timestamp\", \"default_index_pattern\": \"metricbeat-*\", \"time_field\": \"@timestamp\", \"series\": [{\"fill\": 0.5, \"terms_size\": \"5\", \"line_width\": 1, \"stacked\": \"none\", \"point_size\": 1, \"formatter\": \"number\", \"color\": \"#68BC00\", \"terms_direction\": \"desc\", \"chart_type\": \"line\", \"metrics\": [{\"field\": \"kubernetes.controllermanager.workqueue.longestrunning.sec\", \"type\": \"avg\", \"id\": \"61ca57f2-469d-11e7-af02-69e470af7417\"}], \"label\": \"\", \"terms_field\": \"kubernetes.controllermanager.name\", \"split_mode\": \"terms\", \"separate_axis\": 0, \"axis_position\": \"right\", \"terms_order_by\": \"61ca57f2-469d-11e7-af02-69e470af7417\", \"split_color_mode\": \"rainbow\", \"id\": \"61ca57f1-469d-11e7-af02-69e470af7417\"}], \"show_legend\": 1, \"id\": \"61ca57f0-469d-11e7-af02-69e470af7417\", \"axis_scale\": \"normal\", \"type\": \"timeseries\", \"axis_position\": \"left\", \"interval\": \"auto\", \"show_grid\": 1, \"axis_formatter\": \"number\", \"axis_min\": \"0\", \"index_pattern\": \"metricbeat-*\"}, \"title\": \"Controller Longest running processor [Metricbeat Kubernetes]\", \"type\": \"metrics\"}"
            },
            "id": "0ca95350-9c24-11e9-9dc8-fd27291d427f",
            "migrationVersion": {
                "visualization": "7.2.0"
            },
            "references": [],
            "type": "visualization",
            "updated_at": "2019-07-03T16:31:08.744Z",
            "version": "WzI5OCwyXQ=="
        },
        {
            "attributes": {
                "description": "",
                "kibanaSavedObjectMeta": {
                    "searchSourceJSON": "{\"query\": {\"query\": \"\", \"language\": \"kuery\"}, \"filter\": []}"
                },
                "title": "Controller Unfinished jobs sec [Metricbeat Kubernetes]",
                "uiStateJSON": "{}",
                "version": 1,
                "visState": "{\"aggs\": [], \"params\": {\"default_timefield\": \"@timestamp\", \"default_index_pattern\": \"metricbeat-*\", \"time_field\": \"@timestamp\", \"series\": [{\"fill\": 0.5, \"terms_size\": \"5\", \"line_width\": 1, \"stacked\": \"none\", \"point_size\": 1, \"formatter\": \"number\", \"chart_type\": \"line\", \"metrics\": [{\"field\": \"kubernetes.controllermanager.workqueue.unfinished.sec\", \"type\": \"avg\", \"id\": \"61ca57f2-469d-11e7-af02-69e470af7417\"}], \"color\": \"#68BC00\", \"terms_field\": \"kubernetes.controllermanager.name\", \"split_mode\": \"terms\", \"separate_axis\": 0, \"axis_position\": \"right\", \"terms_order_by\": \"61ca57f2-469d-11e7-af02-69e470af7417\", \"id\": \"61ca57f1-469d-11e7-af02-69e470af7417\", \"split_color_mode\": \"rainbow\"}], \"show_legend\": 1, \"id\": \"61ca57f0-469d-11e7-af02-69e470af7417\", \"axis_scale\": \"normal\", \"type\": \"timeseries\", \"axis_position\": \"left\", \"interval\": \"auto\", \"show_grid\": 1, \"axis_formatter\": \"number\", \"axis_min\": \"0\", \"index_pattern\": \"metricbeat-*\"}, \"title\": \"Controller Unfinished jobs sec [Metricbeat Kubernetes]\", \"type\": \"metrics\"}"
            },
            "id": "3e1e1fd0-9c27-11e9-9dc8-fd27291d427f",
            "migrationVersion": {
                "visualization": "7.2.0"
            },
            "references": [],
            "type": "visualization",
            "updated_at": "2019-07-03T16:30:46.554Z",
            "version": "WzI5NywyXQ=="
        },
        {
            "attributes": {
                "description": "",
                "kibanaSavedObjectMeta": {
                    "searchSourceJSON": "{\"query\": {\"query\": \"\", \"language\": \"kuery\"}, \"filter\": []}"
                },
                "title": "Controller Memory [Metricbeat Kubernetes]",
                "uiStateJSON": "{}",
                "version": 1,
                "visState": "{\"aggs\": [], \"params\": {\"default_timefield\": \"@timestamp\", \"default_index_pattern\": \"metricbeat-*\", \"time_field\": \"@timestamp\", \"series\": [{\"fill\": 0.5, \"line_width\": 1, \"point_size\": 1, \"formatter\": \"bytes\", \"color\": \"rgba(251,158,0,1)\", \"chart_type\": \"line\", \"metrics\": [{\"field\": \"kubernetes.controllermanager.process.memory.resident.bytes\", \"type\": \"avg\", \"id\": \"61ca57f2-469d-11e7-af02-69e470af7417\"}], \"label\": \"Resident\", \"split_mode\": \"everything\", \"separate_axis\": 0, \"axis_position\": \"right\", \"stacked\": \"none\", \"id\": \"61ca57f1-469d-11e7-af02-69e470af7417\"}, {\"fill\": 0.5, \"line_width\": 1, \"point_size\": 1, \"formatter\": \"bytes\", \"color\": \"rgba(164,221,0,1)\", \"chart_type\": \"line\", \"metrics\": [{\"field\": \"kubernetes.controllermanager.process.memory.virtual.bytes\", \"type\": \"avg\", \"id\": \"ac896b31-9c29-11e9-92c1-f7d03186c592\"}], \"label\": \"Virtual\", \"split_mode\": \"everything\", \"separate_axis\": 0, \"axis_position\": \"right\", \"stacked\": \"none\", \"id\": \"ac896b30-9c29-11e9-92c1-f7d03186c592\"}], \"show_legend\": 1, \"id\": \"61ca57f0-469d-11e7-af02-69e470af7417\", \"axis_scale\": \"normal\", \"type\": \"timeseries\", \"axis_position\": \"left\", \"interval\": \"auto\", \"show_grid\": 1, \"axis_formatter\": \"number\", \"index_pattern\": \"metricbeat-*\"}, \"title\": \"Controller Memory [Metricset Kubernetes]\", \"type\": \"metrics\"}"
            },
            "id": "2ba628e0-9c2a-11e9-9dc8-fd27291d427f",
            "migrationVersion": {
                "visualization": "7.2.0"
            },
            "references": [],
            "type": "visualization",
            "updated_at": "2019-07-03T14:04:36.575Z",
            "version": "WzI3NSwyXQ=="
        },
        {
            "attributes": {
                "description": "",
                "kibanaSavedObjectMeta": {
                    "searchSourceJSON": "{\"query\": {\"query\": \"\", \"language\": \"kuery\"}, \"filter\": []}"
                },
                "title": "Controller Workqueue adds [Metricbeat Kubernetes]",
                "uiStateJSON": "{}",
                "version": 1,
                "visState": "{\"aggs\": [], \"params\": {\"default_timefield\": \"@timestamp\", \"default_index_pattern\": \"metricbeat-*\", \"time_field\": \"@timestamp\", \"series\": [{\"fill\": 0.5, \"terms_size\": \"5\", \"line_width\": 1, \"stacked\": \"none\", \"point_size\": 1, \"formatter\": \"number\", \"chart_type\": \"line\", \"metrics\": [{\"field\": \"kubernetes.controllermanager.workqueue.adds.count\", \"type\": \"avg\", \"id\": \"61ca57f2-469d-11e7-af02-69e470af7417\"}, {\"unit\": \"\", \"field\": \"61ca57f2-469d-11e7-af02-69e470af7417\", \"type\": \"derivative\", \"id\": \"9b5d85d0-9c38-11e9-92c1-f7d03186c592\"}], \"color\": \"#68BC00\", \"terms_field\": \"kubernetes.controllermanager.name\", \"split_mode\": \"terms\", \"separate_axis\": 0, \"axis_position\": \"right\", \"terms_order_by\": \"61ca57f2-469d-11e7-af02-69e470af7417\", \"id\": \"61ca57f1-469d-11e7-af02-69e470af7417\", \"split_color_mode\": \"rainbow\"}], \"show_legend\": 1, \"id\": \"61ca57f0-469d-11e7-af02-69e470af7417\", \"axis_scale\": \"normal\", \"type\": \"timeseries\", \"axis_position\": \"left\", \"interval\": \"auto\", \"show_grid\": 1, \"axis_formatter\": \"number\", \"index_pattern\": \"metricbeat-*\"}, \"title\": \"Controller Workqueue adds [Metricbeat Kubernetes]\", \"type\": \"metrics\"}"
            },
            "id": "8a95de50-9c38-11e9-9dc8-fd27291d427f",
            "migrationVersion": {
                "visualization": "7.2.0"
            },
            "references": [],
            "type": "visualization",
            "updated_at": "2019-07-03T16:30:20.439Z",
            "version": "WzI5NiwyXQ=="
        },
        {
            "attributes": {
                "description": "",
                "kibanaSavedObjectMeta": {
                    "searchSourceJSON": "{\"query\": {\"query\": \"\", \"language\": \"kuery\"}, \"filter\": []}"
                },
                "title": "Controller Workqueue retries [Metricbeat Kubernetes]",
                "uiStateJSON": "{}",
                "version": 1,
                "visState": "{\"aggs\": [], \"params\": {\"default_timefield\": \"@timestamp\", \"default_index_pattern\": \"metricbeat-*\", \"time_field\": \"@timestamp\", \"series\": [{\"fill\": 0.5, \"terms_size\": \"5\", \"line_width\": 1, \"stacked\": \"none\", \"point_size\": 1, \"formatter\": \"number\", \"color\": \"#68BC00\", \"terms_direction\": \"desc\", \"chart_type\": \"line\", \"metrics\": [{\"field\": \"kubernetes.controllermanager.workqueue.retries.count\", \"type\": \"avg\", \"id\": \"61ca57f2-469d-11e7-af02-69e470af7417\"}, {\"unit\": \"\", \"field\": \"61ca57f2-469d-11e7-af02-69e470af7417\", \"type\": \"derivative\", \"id\": \"b3107560-9c39-11e9-92c1-f7d03186c592\"}], \"label\": \"\", \"terms_field\": \"kubernetes.controllermanager.name\", \"split_mode\": \"terms\", \"separate_axis\": 0, \"axis_position\": \"right\", \"terms_order_by\": \"61ca57f2-469d-11e7-af02-69e470af7417\", \"split_color_mode\": \"rainbow\", \"id\": \"61ca57f1-469d-11e7-af02-69e470af7417\"}], \"show_legend\": 1, \"id\": \"61ca57f0-469d-11e7-af02-69e470af7417\", \"axis_scale\": \"normal\", \"type\": \"timeseries\", \"axis_position\": \"left\", \"interval\": \"auto\", \"show_grid\": 1, \"axis_formatter\": \"number\", \"axis_min\": \"0\", \"index_pattern\": \"metricbeat-*\"}, \"title\": \"Controller Workqueue retries [Metricbeat Kubernetes]\", \"type\": \"metrics\"}"
            },
            "id": "485c8550-9c3a-11e9-9dc8-fd27291d427f",
            "migrationVersion": {
                "visualization": "7.2.0"
            },
            "references": [],
            "type": "visualization",
            "updated_at": "2019-07-03T16:29:29.303Z",
            "version": "WzI5NSwyXQ=="
        },
        {
            "attributes": {
                "description": "",
                "kibanaSavedObjectMeta": {
                    "searchSourceJSON": "{\"query\": {\"query\": \"\", \"language\": \"kuery\"}, \"filter\": []}"
                },
                "title": "Controller CPU [Metricbeat Kubernetes]",
                "uiStateJSON": "{}",
                "version": 1,
                "visState": "{\"aggs\": [], \"params\": {\"default_timefield\": \"@timestamp\", \"default_index_pattern\": \"metricbeat-*\", \"time_field\": \"\", \"series\": [{\"fill\": 0.5, \"line_width\": 1, \"point_size\": 1, \"formatter\": \"number\", \"color\": \"#68BC00\", \"chart_type\": \"line\", \"metrics\": [{\"field\": \"kubernetes.controllermanager.process.cpu.sec\", \"type\": \"avg\", \"id\": \"61ca57f2-469d-11e7-af02-69e470af7417\"}, {\"unit\": \"\", \"field\": \"61ca57f2-469d-11e7-af02-69e470af7417\", \"type\": \"derivative\", \"id\": \"47731390-9d96-11e9-9e81-115d18bcfeaa\"}], \"label\": \"CPU time\", \"split_mode\": \"everything\", \"separate_axis\": 0, \"axis_position\": \"right\", \"stacked\": \"none\", \"value_template\": \"{{value}} s\", \"id\": \"61ca57f1-469d-11e7-af02-69e470af7417\"}], \"show_legend\": 1, \"id\": \"61ca57f0-469d-11e7-af02-69e470af7417\", \"axis_scale\": \"normal\", \"type\": \"timeseries\", \"axis_position\": \"left\", \"interval\": \"\", \"show_grid\": 1, \"axis_formatter\": \"number\", \"axis_min\": \"0\", \"index_pattern\": \"metricbeat-*\"}, \"title\": \"Controller CPU [Metricbeat Kubernetes]\", \"type\": \"metrics\"}"
            },
            "id": "7d80f790-9d96-11e9-b2ae-49acc4cbcea9",
            "migrationVersion": {
                "visualization": "7.2.0"
            },
            "references": [],
            "type": "visualization",
            "updated_at": "2019-07-03T14:12:01.291Z",
            "version": "WzI3OCwyXQ=="
        }
    ],
    "version": "7.2.0"
}