{
    "objects": [
        {
            "attributes": {
                "description": "This Ceph dashboard that shows the most important cluster metrics.",
                "hits": 0,
                "kibanaSavedObjectMeta": {
                    "searchSourceJSON": "{\"query\": {\"query\": \"\", \"language\": \"kuery\"}, \"filter\": []}"
                },
                "optionsJSON": "{\"hidePanelTitles\": false, \"useMargins\": true}",
                "panelsJSON": "[{\"title\": \"Cluster Disk Stats\", \"embeddableConfig\": {}, \"gridData\": {\"y\": 0, \"h\": 12, \"i\": \"1\", \"w\": 18, \"x\": 30}, \"panelRefName\": \"panel_0\", \"panelIndex\": \"1\", \"version\": \"7.3.0\"}, {\"title\": \"Throughput\", \"embeddableConfig\": {}, \"gridData\": {\"y\": 12, \"h\": 13, \"i\": \"2\", \"w\": 24, \"x\": 24}, \"panelRefName\": \"panel_1\", \"panelIndex\": \"2\", \"version\": \"7.3.0\"}, {\"title\": \"IOPS\", \"embeddableConfig\": {}, \"gridData\": {\"y\": 12, \"h\": 13, \"i\": \"3\", \"w\": 24, \"x\": 0}, \"panelRefName\": \"panel_2\", \"panelIndex\": \"3\", \"version\": \"7.3.0\"}, {\"title\": \"OSD Disk Usage\", \"embeddableConfig\": {}, \"gridData\": {\"y\": 0, \"h\": 12, \"i\": \"4\", \"w\": 6, \"x\": 24}, \"panelRefName\": \"panel_3\", \"panelIndex\": \"4\", \"version\": \"7.3.0\"}, {\"title\": \"Pools\", \"embeddableConfig\": {}, \"gridData\": {\"y\": 0, \"h\": 12, \"i\": \"5\", \"w\": 5, \"x\": 0}, \"panelRefName\": \"panel_4\", \"panelIndex\": \"5\", \"version\": \"7.3.0\"}, {\"title\": \"Pool Objects\", \"embeddableConfig\": {}, \"gridData\": {\"y\": 0, \"h\": 12, \"i\": \"6\", \"w\": 19, \"x\": 5}, \"panelRefName\": \"panel_5\", \"panelIndex\": \"6\", \"version\": \"7.3.0\"}]",
                "timeRestore": false,
                "title": "[Metricbeat Ceph] Cluster Overview",
                "version": 1
            },
            "id": "c93f2c30-b473-11e9-a579-f5c0a5d81340",
            "migrationVersion": {
                "dashboard": "7.3.0"
            },
            "references": [
                {
                    "id": "054a0900-b467-11e9-a579-f5c0a5d81340",
                    "name": "panel_0",
                    "type": "visualization"
                },
                {
                    "id": "88d48440-b46b-11e9-a579-f5c0a5d81340",
                    "name": "panel_1",
                    "type": "visualization"
                },
                {
                    "id": "346d00d0-b46b-11e9-a579-f5c0a5d81340",
                    "name": "panel_2",
                    "type": "visualization"
                },
                {
                    "id": "13efa190-b46c-11e9-a579-f5c0a5d81340",
                    "name": "panel_3",
                    "type": "visualization"
                },
                {
                    "id": "393df790-b470-11e9-a579-f5c0a5d81340",
                    "name": "panel_4",
                    "type": "visualization"
                },
                {
                    "id": "aa9c2f10-b470-11e9-a579-f5c0a5d81340",
                    "name": "panel_5",
                    "type": "visualization"
                }
            ],
            "type": "dashboard",
            "updated_at": "2019-08-19T15:00:55.571Z",
            "version": "WzE1NzEsMV0="
        },
        {
            "attributes": {
                "description": "",
                "kibanaSavedObjectMeta": {
                    "searchSourceJSON": "{\"query\": {\"query\": \"\", \"language\": \"kuery\"}, \"filter\": []}"
                },
                "title": "Cluster Disk Stats [Metricbeat Ceph] ECS",
                "uiStateJSON": "{}",
                "version": 1,
                "visState": "{\"aggs\": [], \"params\": {\"show_grid\": 1, \"default_timefield\": \"@timestamp\", \"filter\": {\"query\": \"\", \"language\": \"kuery\"}, \"default_index_pattern\": \"metricbeat-*\", \"time_field\": \"@timestamp\", \"series\": [{\"fill\": \"0\", \"line_width\": \"1\", \"hide_in_legend\": 0, \"point_size\": 0, \"formatter\": \"bytes\", \"chart_type\": \"line\", \"separate_axis\": 0, \"metrics\": [{\"field\": \"ceph.cluster_disk.total.bytes\", \"type\": \"max\", \"id\": \"7b71f302-b466-11e9-841e-0ddf9a697c96\"}], \"label\": \"total\", \"split_mode\": \"everything\", \"color\": \"rgba(159,5,0,1)\", \"axis_position\": \"right\", \"stacked\": \"none\", \"value_template\": \"{{value}}\", \"id\": \"7b71f301-b466-11e9-841e-0ddf9a697c96\"}, {\"fill\": \"0.2\", \"line_width\": \"1\", \"point_size\": 0, \"formatter\": \"bytes\", \"color\": \"rgba(104,188,0,1)\", \"chart_type\": \"line\", \"metrics\": [{\"field\": \"ceph.cluster_disk.available.bytes\", \"type\": \"max\", \"id\": \"7b71f304-b466-11e9-841e-0ddf9a697c96\"}], \"label\": \"available\", \"split_mode\": \"everything\", \"separate_axis\": 0, \"axis_position\": \"right\", \"stacked\": \"none\", \"value_template\": \"{{value}}\", \"id\": \"7b71f303-b466-11e9-841e-0ddf9a697c96\"}, {\"fill\": 0.5, \"line_width\": 1, \"point_size\": \"0\", \"formatter\": \"bytes\", \"color\": \"rgba(252,196,0,1)\", \"chart_type\": \"line\", \"metrics\": [{\"field\": \"ceph.cluster_disk.used.bytes\", \"type\": \"max\", \"id\": \"64f99361-b472-11e9-ba7f-f52449624592\"}], \"label\": \"used\", \"split_mode\": \"everything\", \"separate_axis\": 0, \"axis_position\": \"right\", \"stacked\": \"none\", \"id\": \"64f99360-b472-11e9-ba7f-f52449624592\"}], \"show_legend\": 1, \"axis_scale\": \"normal\", \"bar_color_rules\": [{\"id\": \"bd70f9c0-b472-11e9-ba7f-f52449624592\"}], \"type\": \"timeseries\", \"axis_position\": \"left\", \"interval\": \"auto\", \"id\": \"7b71f300-b466-11e9-841e-0ddf9a697c96\", \"axis_formatter\": \"number\", \"index_pattern\": \"metricbeat-*\"}, \"title\": \"Cluster Disk Stats [Metricbeat Ceph] ECS\", \"type\": \"metrics\"}"
            },
            "id": "054a0900-b467-11e9-a579-f5c0a5d81340",
            "migrationVersion": {
                "visualization": "7.3.0"
            },
            "references": [],
            "type": "visualization",
            "updated_at": "2019-08-02T10:56:16.795Z",
            "version": "WzYwMCwxXQ=="
        },
        {
            "attributes": {
                "description": "",
                "kibanaSavedObjectMeta": {
                    "searchSourceJSON": "{\"query\": {\"query\": \"\", \"language\": \"kuery\"}, \"filter\": []}"
                },
                "title": "Throughput [Metricbeat Ceph] ECS",
                "uiStateJSON": "{}",
                "version": 1,
                "visState": "{\"aggs\": [], \"params\": {\"default_timefield\": \"@timestamp\", \"filter\": {\"query\": \"\", \"language\": \"kuery\"}, \"default_index_pattern\": \"metricbeat-*\", \"time_field\": \"@timestamp\", \"series\": [{\"fill\": 0, \"line_width\": 2, \"point_size\": 0, \"formatter\": \"number\", \"color\": \"rgba(104,204,202,1)\", \"chart_type\": \"line\", \"metrics\": [{\"field\": \"ceph.cluster_status.traffic.read_bytes\", \"type\": \"max\", \"id\": \"57f11af1-b46b-11e9-88d3-b1e3cace09ae\"}], \"label\": \"read\", \"split_mode\": \"everything\", \"separate_axis\": 0, \"axis_position\": \"right\", \"stacked\": \"none\", \"value_template\": \"{{value}}\", \"id\": \"57f11af0-b46b-11e9-88d3-b1e3cace09ae\"}, {\"fill\": 0, \"line_width\": 2, \"point_size\": 0, \"formatter\": \"number\", \"color\": \"rgba(176,188,0,1)\", \"chart_type\": \"line\", \"metrics\": [{\"field\": \"ceph.cluster_status.traffic.write_bytes\", \"type\": \"max\", \"id\": \"57f11af3-b46b-11e9-88d3-b1e3cace09ae\"}], \"label\": \"write\", \"split_mode\": \"everything\", \"separate_axis\": 0, \"axis_position\": \"right\", \"stacked\": \"none\", \"value_template\": \"{{value}}\", \"id\": \"57f11af2-b46b-11e9-88d3-b1e3cace09ae\"}], \"show_legend\": 1, \"id\": \"57f0f3e0-b46b-11e9-88d3-b1e3cace09ae\", \"axis_scale\": \"normal\", \"type\": \"timeseries\", \"axis_position\": \"left\", \"interval\": \"auto\", \"show_grid\": 1, \"axis_formatter\": \"number\", \"index_pattern\": \"metricbeat-*\"}, \"title\": \"Throughput [Metricbeat Ceph] ECS\", \"type\": \"metrics\"}"
            },
            "id": "88d48440-b46b-11e9-a579-f5c0a5d81340",
            "migrationVersion": {
                "visualization": "7.3.0"
            },
            "references": [],
            "type": "visualization",
            "updated_at": "2019-08-02T10:54:20.715Z",
            "version": "WzU5NiwxXQ=="
        },
        {
            "attributes": {
                "description": "",
                "kibanaSavedObjectMeta": {
                    "searchSourceJSON": "{\"query\": {\"query\": \"\", \"language\": \"kuery\"}, \"filter\": []}"
                },
                "title": "IOPS [Metricbeat Ceph] ECS",
                "uiStateJSON": "{}",
                "version": 1,
                "visState": "{\"aggs\": [], \"params\": {\"default_timefield\": \"@timestamp\", \"filter\": {\"query\": \"\", \"language\": \"kuery\"}, \"default_index_pattern\": \"metricbeat-*\", \"time_field\": \"@timestamp\", \"series\": [{\"fill\": 0, \"line_width\": 2, \"point_size\": 0, \"formatter\": \"number\", \"color\": \"#3185FC\", \"chart_type\": \"line\", \"metrics\": [{\"field\": \"ceph.cluster_status.traffic.read_op_per_sec\", \"type\": \"max\", \"id\": \"0fc1f2e2-b46b-11e9-9488-8bde5ab143f4\"}], \"label\": \"read\", \"split_mode\": \"everything\", \"separate_axis\": 0, \"axis_position\": \"right\", \"stacked\": \"none\", \"value_template\": \"{{value}}\", \"id\": \"0fc1f2e1-b46b-11e9-9488-8bde5ab143f4\"}, {\"fill\": 0, \"line_width\": 2, \"point_size\": 0, \"formatter\": \"number\", \"color\": \"#DB1374\", \"chart_type\": \"line\", \"metrics\": [{\"field\": \"ceph.cluster_status.traffic.write_op_per_sec\", \"type\": \"max\", \"id\": \"0fc1f2e4-b46b-11e9-9488-8bde5ab143f4\"}], \"label\": \"write\", \"split_mode\": \"everything\", \"separate_axis\": 0, \"axis_position\": \"right\", \"stacked\": \"none\", \"value_template\": \"{{value}}\", \"id\": \"0fc1f2e3-b46b-11e9-9488-8bde5ab143f4\"}], \"show_legend\": 1, \"id\": \"0fc1f2e0-b46b-11e9-9488-8bde5ab143f4\", \"axis_scale\": \"normal\", \"type\": \"timeseries\", \"axis_position\": \"left\", \"interval\": \"auto\", \"show_grid\": 1, \"axis_formatter\": \"number\", \"index_pattern\": \"metricbeat-*\"}, \"title\": \"IOPS [Metricbeat Ceph] ECS\", \"type\": \"metrics\"}"
            },
            "id": "346d00d0-b46b-11e9-a579-f5c0a5d81340",
            "migrationVersion": {
                "visualization": "7.3.0"
            },
            "references": [],
            "type": "visualization",
            "updated_at": "2019-08-02T10:54:00.152Z",
            "version": "WzU5MiwxXQ=="
        },
        {
            "attributes": {
                "description": "",
                "kibanaSavedObjectMeta": {
                    "searchSourceJSON": "{\"query\": {\"query\": \"\", \"language\": \"kuery\"}, \"filter\": []}"
                },
                "title": "OSD Disk Usage [Metricbeat Ceph] ECS",
                "uiStateJSON": "{}",
                "version": 1,
                "visState": "{\"aggs\": [], \"params\": {\"show_grid\": 1, \"default_timefield\": \"@timestamp\", \"filter\": {\"query\": \"\", \"language\": \"kuery\"}, \"gauge_width\": 10, \"gauge_color_rules\": [{\"operator\": \"gte\", \"gauge\": \"rgba(226,115,0,1)\", \"value\": 70, \"id\": \"e681d700-b46b-11e9-9bdc-15c69a730d82\"}, {\"gauge\": \"rgba(247,58,26,1)\", \"value\": 90, \"id\": \"61b552b0-b513-11e9-81ce-0379c4621e40\"}], \"gauge_inner_width\": 10, \"gauge_max\": \"\", \"default_index_pattern\": \"metricbeat-*\", \"time_field\": \"@timestamp\", \"series\": [{\"fill\": 0, \"line_width\": 2, \"point_size\": 0, \"formatter\": \"percent\", \"color\": \"rgba(164,221,0,1)\", \"chart_type\": \"line\", \"metrics\": [{\"field\": \"ceph.osd_df.used.pct\", \"type\": \"max\", \"id\": \"e17a9bc2-b46b-11e9-9a02-5de45d117640\"}], \"label\": \"OSD disk usage\", \"split_mode\": \"everything\", \"separate_axis\": 0, \"axis_position\": \"right\", \"stacked\": \"none\", \"value_template\": \"{{value}}\", \"id\": \"e17a9bc1-b46b-11e9-9a02-5de45d117640\"}], \"show_legend\": 1, \"axis_scale\": \"normal\", \"type\": \"gauge\", \"axis_position\": \"left\", \"interval\": \"auto\", \"index_pattern\": \"metricbeat-*\", \"gauge_style\": \"half\", \"axis_formatter\": \"number\", \"id\": \"e17a9bc0-b46b-11e9-9a02-5de45d117640\"}, \"title\": \"OSD Disk Usage [Metricbeat Ceph] ECS\", \"type\": \"metrics\"}"
            },
            "id": "13efa190-b46c-11e9-a579-f5c0a5d81340",
            "migrationVersion": {
                "visualization": "7.3.0"
            },
            "references": [],
            "type": "visualization",
            "updated_at": "2019-08-02T10:52:20.880Z",
            "version": "WzU3NCwxXQ=="
        },
        {
            "attributes": {
                "description": "",
                "kibanaSavedObjectMeta": {
                    "searchSourceJSON": "{\"query\": {\"query\": \"\", \"language\": \"kuery\"}, \"filter\": []}"
                },
                "title": "Pools [Metricbeat Ceph] ECS",
                "uiStateJSON": "{}",
                "version": 1,
                "visState": "{\"aggs\": [], \"params\": {\"show_grid\": 1, \"default_timefield\": \"@timestamp\", \"filter\": {\"query\": \"\", \"language\": \"kuery\"}, \"background_color_rules\": [{\"id\": \"e96942b0-b46f-11e9-aefa-c791377b99c3\"}], \"gauge_width\": 10, \"gauge_color_rules\": [{\"id\": \"20eadaf0-b470-11e9-aefa-c791377b99c3\"}], \"gauge_inner_width\": 10, \"time_field\": \"@timestamp\", \"default_index_pattern\": \"metricbeat-*\", \"interval\": \"auto\", \"series\": [{\"fill\": 0, \"line_width\": 2, \"point_size\": 0, \"formatter\": \"number\", \"color\": \"#3185FC\", \"chart_type\": \"line\", \"metrics\": [{\"field\": \"ceph.pool_disk.id\", \"type\": \"max\", \"id\": \"b859e761-b46f-11e9-9f8f-97f5e69abdab\"}], \"label\": \"Pools\", \"split_mode\": \"everything\", \"separate_axis\": 0, \"axis_position\": \"right\", \"stacked\": \"none\", \"value_template\": \"{{value}}\", \"id\": \"b859e760-b46f-11e9-9f8f-97f5e69abdab\"}], \"show_legend\": 1, \"bar_color_rules\": [{\"id\": \"21aaa880-b470-11e9-aefa-c791377b99c3\"}], \"type\": \"metric\", \"axis_position\": \"left\", \"index_pattern\": \"metricbeat-*\", \"id\": \"b859c050-b46f-11e9-9f8f-97f5e69abdab\", \"gauge_style\": \"half\", \"axis_formatter\": \"number\", \"axis_scale\": \"normal\"}, \"title\": \"Pools [Metricbeat Ceph] ECS\", \"type\": \"metrics\"}"
            },
            "id": "393df790-b470-11e9-a579-f5c0a5d81340",
            "migrationVersion": {
                "visualization": "7.3.0"
            },
            "references": [],
            "type": "visualization",
            "updated_at": "2019-08-02T10:53:11.179Z",
            "version": "WzU4MSwxXQ=="
        },
        {
            "attributes": {
                "description": "",
                "kibanaSavedObjectMeta": {
                    "searchSourceJSON": "{\"query\": {\"query\": \"\", \"language\": \"kuery\"}, \"filter\": []}"
                },
                "title": "Pool Objects [Metricbeat Ceph] ECS",
                "uiStateJSON": "{}",
                "version": 1,
                "visState": "{\"aggs\": [], \"params\": {\"show_grid\": 1, \"default_timefield\": \"@timestamp\", \"filter\": {\"query\": \"\", \"language\": \"kuery\"}, \"background_color_rules\": [{\"id\": \"6ac91290-b470-11e9-a4bb-473d6710f872\"}], \"series\": [{\"fill\": 0, \"line_width\": 2, \"point_size\": 0, \"formatter\": \"number\", \"color\": \"rgba(104,188,0,1)\", \"chart_type\": \"line\", \"metrics\": [{\"field\": \"ceph.pool_disk.stats.objects\", \"type\": \"max\", \"id\": \"4ce78952-b470-11e9-87e8-53bd102d292b\"}], \"label\": \"Objects\", \"terms_field\": \"ceph.pool_disk.name\", \"split_mode\": \"terms\", \"separate_axis\": 0, \"axis_position\": \"right\", \"stacked\": \"none\", \"value_template\": \"{{value}}\", \"id\": \"4ce78951-b470-11e9-87e8-53bd102d292b\"}], \"time_field\": \"@timestamp\", \"default_index_pattern\": \"metricbeat-*\", \"show_legend\": 1, \"axis_scale\": \"normal\", \"bar_color_rules\": [{\"id\": \"6b864810-b470-11e9-a4bb-473d6710f872\"}], \"type\": \"timeseries\", \"axis_position\": \"left\", \"interval\": \"auto\", \"id\": \"4ce78950-b470-11e9-87e8-53bd102d292b\", \"axis_formatter\": \"number\", \"index_pattern\": \"metricbeat-*\"}, \"title\": \"Pool Objects [Metricbeat Ceph] ECS\", \"type\": \"metrics\"}"
            },
            "id": "aa9c2f10-b470-11e9-a579-f5c0a5d81340",
            "migrationVersion": {
                "visualization": "7.3.0"
            },
            "references": [],
            "type": "visualization",
            "updated_at": "2019-08-02T10:53:35.220Z",
            "version": "WzU4NiwxXQ=="
        }
    ],
    "version": "7.3.0"
}