{
    "objects": [
        {
            "attributes": {
                "description": "Kubernetes Scheduler metrics",
                "hits": 0,
                "kibanaSavedObjectMeta": {
                    "searchSourceJSON": "{\"query\": {\"query\": \"\", \"language\": \"kuery\"}, \"filter\": [{\"query\": {\"match\": {\"event.dataset\": {\"query\": \"kubernetes.scheduler\", \"type\": \"phrase\"}}}, \"meta\": {\"value\": \"kubernetes.scheduler\", \"key\": \"event.dataset\", \"negate\": false, \"params\": {\"query\": \"kubernetes.scheduler\"}, \"type\": \"phrase\", \"alias\": null, \"disabled\": false, \"indexRefName\": \"kibanaSavedObjectMeta.searchSourceJSON.filter[0].meta.index\"}, \"$state\": {\"store\": \"appState\"}}]}"
                },
                "optionsJSON": "{\"hidePanelTitles\": false, \"useMargins\": true}",
                "panelsJSON": "[{\"gridData\": {\"y\": 0, \"h\": 14, \"i\": \"1\", \"w\": 14, \"x\": 0}, \"panelRefName\": \"panel_0\", \"embeddableConfig\": {}, \"panelIndex\": \"1\", \"version\": \"7.2.0\"}, {\"gridData\": {\"y\": 0, \"h\": 14, \"i\": \"2\", \"w\": 11, \"x\": 14}, \"panelRefName\": \"panel_1\", \"embeddableConfig\": {}, \"panelIndex\": \"2\", \"version\": \"7.2.0\"}, {\"gridData\": {\"y\": 0, \"h\": 14, \"i\": \"3\", \"w\": 23, \"x\": 25}, \"panelRefName\": \"panel_2\", \"embeddableConfig\": {}, \"panelIndex\": \"3\", \"version\": \"7.2.0\"}, {\"gridData\": {\"y\": 29, \"h\": 11, \"i\": \"4\", \"w\": 24, \"x\": 0}, \"panelRefName\": \"panel_3\", \"embeddableConfig\": {}, \"panelIndex\": \"4\", \"version\": \"7.2.0\"}, {\"gridData\": {\"y\": 29, \"h\": 11, \"i\": \"5\", \"w\": 24, \"x\": 24}, \"panelRefName\": \"panel_4\", \"embeddableConfig\": {}, \"panelIndex\": \"5\", \"version\": \"7.2.0\"}, {\"gridData\": {\"y\": 14, \"h\": 15, \"i\": \"6\", \"w\": 24, \"x\": 0}, \"panelRefName\": \"panel_5\", \"embeddableConfig\": {}, \"panelIndex\": \"6\", \"version\": \"7.2.0\"}, {\"gridData\": {\"y\": 14, \"h\": 15, \"i\": \"7\", \"w\": 24, \"x\": 24}, \"panelRefName\": \"panel_6\", \"embeddableConfig\": {}, \"panelIndex\": \"7\", \"version\": \"7.2.0\"}]",
                "timeRestore": false,
                "title": "[Metricbeat Kubernetes] Scheduler",
                "version": 1
            },
            "id": "f5ab5510-9c94-11e9-94fd-c91206cd5249",
            "migrationVersion": {
                "dashboard": "7.0.0"
            },
            "references": [
                {
                    "id": "metricbeat-*",
                    "name": "kibanaSavedObjectMeta.searchSourceJSON.filter[0].meta.index",
                    "type": "index-pattern"
                },
                {
                    "id": "bcb194a0-9bf8-11e9-9dc8-fd27291d427f",
                    "name": "panel_0",
                    "type": "visualization"
                },
                {
                    "id": "826d80c0-9c97-11e9-94fd-c91206cd5249",
                    "name": "panel_1",
                    "type": "visualization"
                },
                {
                    "id": "15bd4420-9c9b-11e9-94fd-c91206cd5249",
                    "name": "panel_2",
                    "type": "visualization"
                },
                {
                    "id": "d9fc1b80-9c9c-11e9-94fd-c91206cd5249",
                    "name": "panel_3",
                    "type": "visualization"
                },
                {
                    "id": "95595810-9ca8-11e9-94fd-c91206cd5249",
                    "name": "panel_4",
                    "type": "visualization"
                },
                {
                    "id": "382ace30-9d98-11e9-b2ae-49acc4cbcea9",
                    "name": "panel_5",
                    "type": "visualization"
                },
                {
                    "id": "84d9b200-9d98-11e9-b2ae-49acc4cbcea9",
                    "name": "panel_6",
                    "type": "visualization"
                }
            ],
            "type": "dashboard",
            "updated_at": "2019-07-03T14:42:40.028Z",
            "version": "WzI4OSwyXQ=="
        },
        {
            "attributes": {
                "description": "",
                "kibanaSavedObjectMeta": {
                    "searchSourceJSON": "{\"query\": {\"query\": \"\", \"language\": \"kuery\"}, \"filter\": []}"
                },
                "title": "Host selector [Metricbeat Kubernetes]",
                "uiStateJSON": "{}",
                "version": 1,
                "visState": "{\"aggs\": [], \"params\": {\"pinFilters\": false, \"useTimeFilter\": false, \"controls\": [{\"label\": \"Hostname\", \"indexPatternRefName\": \"control_0_index_pattern\", \"type\": \"list\", \"fieldName\": \"host.hostname\", \"options\": {\"dynamicOptions\": true, \"size\": 5, \"order\": \"desc\", \"type\": \"terms\", \"multiselect\": true}, \"parent\": \"\", \"id\": \"1561982488150\"}, {\"label\": \"Service address\", \"indexPatternRefName\": \"control_1_index_pattern\", \"type\": \"list\", \"fieldName\": \"service.address\", \"options\": {\"dynamicOptions\": true, \"size\": 5, \"order\": \"desc\", \"type\": \"terms\", \"multiselect\": false}, \"parent\": \"\", \"id\": \"1561982723711\"}], \"updateFiltersOnChange\": false}, \"title\": \"Host selector [Metricbeat Kubernetes]\", \"type\": \"input_control_vis\"}"
            },
            "id": "bcb194a0-9bf8-11e9-9dc8-fd27291d427f",
            "migrationVersion": {
                "visualization": "7.2.0"
            },
            "references": [
                {
                    "id": "metricbeat-*",
                    "name": "control_0_index_pattern",
                    "type": "index-pattern"
                },
                {
                    "id": "metricbeat-*",
                    "name": "control_1_index_pattern",
                    "type": "index-pattern"
                }
            ],
            "type": "visualization",
            "updated_at": "2019-07-03T07:20:34.226Z",
            "version": "WzEzMywxXQ=="
        },
        {
            "attributes": {
                "description": "",
                "kibanaSavedObjectMeta": {
                    "searchSourceJSON": "{\"query\": {\"query\": \"\", \"language\": \"kuery\"}, \"filter\": []}"
                },
                "title": "Process summary [Metricbeat Kubernetes]",
                "uiStateJSON": "{}",
                "version": 1,
                "visState": "{\"aggs\": [], \"params\": {\"show_grid\": 1, \"default_timefield\": \"@timestamp\", \"markdown_less\": \"\\ntable, tr, td, th {\\n    border: none;\\n}\\n\\n\", \"filter\": \"_exists_:\\\"kubernetes.scheduler.process.started.sec\\\"\", \"markdown_css\": \"#markdown-61ca57f0-469d-11e7-af02-69e470af7417 table,#markdown-61ca57f0-469d-11e7-af02-69e470af7417 tr,#markdown-61ca57f0-469d-11e7-af02-69e470af7417 td,#markdown-61ca57f0-469d-11e7-af02-69e470af7417 th{border:none}\", \"default_index_pattern\": \"metricbeat-*\", \"time_field\": \"\", \"drop_last_bucket\": 1, \"series\": [{\"fill\": 0.5, \"line_width\": 1, \"point_size\": 1, \"formatter\": \"number\", \"var_name\": \"started\", \"color\": \"#68BC00\", \"chart_type\": \"line\", \"metrics\": [{\"field\": \"kubernetes.scheduler.process.started.sec\", \"type\": \"max\", \"id\": \"61ca57f2-469d-11e7-af02-69e470af7417\"}, {\"variables\": [{\"name\": \"started\", \"field\": \"61ca57f2-469d-11e7-af02-69e470af7417\", \"id\": \"97cc0060-9c95-11e9-87bc-455cc45f013a\"}], \"type\": \"math\", \"script\": \"round( (params._timestamp /1000 - params.started) / 86400, 2)\", \"id\": \"94b52370-9c95-11e9-87bc-455cc45f013a\"}], \"label\": \"\", \"split_mode\": \"everything\", \"separate_axis\": 0, \"axis_position\": \"right\", \"stacked\": \"none\", \"id\": \"61ca57f1-469d-11e7-af02-69e470af7417\"}, {\"fill\": 0.5, \"line_width\": 1, \"point_size\": 1, \"formatter\": \"number\", \"var_name\": \"fds\", \"color\": \"#68BC00\", \"chart_type\": \"line\", \"metrics\": [{\"field\": \"kubernetes.scheduler.process.fds.open.count\", \"type\": \"max\", \"id\": \"a8475ca1-9c95-11e9-87bc-455cc45f013a\"}], \"label\": \"\", \"split_mode\": \"everything\", \"separate_axis\": 0, \"axis_position\": \"right\", \"stacked\": \"none\", \"id\": \"a8475ca0-9c95-11e9-87bc-455cc45f013a\"}, {\"fill\": 0.5, \"line_width\": 1, \"point_size\": 1, \"formatter\": \"bytes\", \"var_name\": \"resident_memory\", \"color\": \"#68BC00\", \"chart_type\": \"line\", \"metrics\": [{\"field\": \"kubernetes.scheduler.process.memory.resident.bytes\", \"type\": \"max\", \"id\": \"cdc6d191-9c95-11e9-87bc-455cc45f013a\"}], \"label\": \"\", \"split_mode\": \"everything\", \"separate_axis\": 0, \"axis_position\": \"right\", \"stacked\": \"none\", \"id\": \"cdc6d190-9c95-11e9-87bc-455cc45f013a\"}, {\"fill\": 0.5, \"line_width\": 1, \"point_size\": 1, \"formatter\": \"bytes\", \"var_name\": \"virtual_memory\", \"color\": \"#68BC00\", \"chart_type\": \"line\", \"metrics\": [{\"field\": \"kubernetes.scheduler.process.memory.virtual.bytes\", \"type\": \"max\", \"id\": \"dfa0fa81-9c95-11e9-87bc-455cc45f013a\"}], \"label\": \"\", \"split_mode\": \"everything\", \"separate_axis\": 0, \"axis_position\": \"right\", \"stacked\": \"none\", \"id\": \"dfa0fa80-9c95-11e9-87bc-455cc45f013a\"}], \"show_legend\": 1, \"axis_scale\": \"normal\", \"type\": \"markdown\", \"axis_position\": \"left\", \"interval\": \"30s\", \"id\": \"61ca57f0-469d-11e7-af02-69e470af7417\", \"axis_formatter\": \"number\", \"markdown\": \"|  |   |\\n|---|---|\\n|**Days running**|{{ math.started.last.raw }}|\\n|**File descriptors open**|{{ max_of_kubernetes_scheduler_process_fds_open_count.fds.last.raw }}|\\n|**Resident Memory**|{{ max_of_kubernetes_scheduler_process_memory_resident_bytes.resident_memory.last.formatted }}|\\n|**Virtual Memory**|{{ max_of_kubernetes_scheduler_process_memory_virtual_bytes.virtual_memory.last.formatted }}|\\n\", \"index_pattern\": \"metricbeat-*\"}, \"title\": \"Process summary [Metricbeat Kubernetes]\", \"type\": \"metrics\"}"
            },
            "id": "826d80c0-9c97-11e9-94fd-c91206cd5249",
            "migrationVersion": {
                "visualization": "7.2.0"
            },
            "references": [],
            "type": "visualization",
            "updated_at": "2019-07-03T14:45:05.521Z",
            "version": "WzI5MCwyXQ=="
        },
        {
            "attributes": {
                "description": "",
                "kibanaSavedObjectMeta": {
                    "searchSourceJSON": "{\"query\": {\"query\": \"\", \"language\": \"kuery\"}, \"filter\": []}"
                },
                "title": "Scheduler HTTP request duration [Metricbeat Kubernetes]",
                "uiStateJSON": "{}",
                "version": 1,
                "visState": "{\"aggs\": [], \"params\": {\"default_timefield\": \"@timestamp\", \"default_index_pattern\": \"metricbeat-*\", \"time_field\": \"\", \"series\": [{\"fill\": 0.5, \"line_width\": 1, \"point_size\": 1, \"formatter\": \"us,ms,2\", \"color\": \"rgba(165,228,85,1)\", \"chart_type\": \"line\", \"metrics\": [{\"field\": \"kubernetes.scheduler.http.request.duration.us.percentile.99\", \"type\": \"avg\", \"id\": \"61ca57f2-469d-11e7-af02-69e470af7417\"}], \"label\": \"P99\", \"split_mode\": \"everything\", \"separate_axis\": 0, \"axis_position\": \"right\", \"stacked\": \"none\", \"id\": \"61ca57f1-469d-11e7-af02-69e470af7417\"}, {\"fill\": 0.5, \"line_width\": 1, \"point_size\": 1, \"formatter\": \"us,ms,2\", \"color\": \"#68BC00\", \"chart_type\": \"line\", \"metrics\": [{\"field\": \"kubernetes.scheduler.http.request.duration.us.percentile.90\", \"type\": \"avg\", \"id\": \"708a8160-9c9b-11e9-b248-53caaa33a2c5\"}], \"label\": \"P90\", \"split_mode\": \"everything\", \"separate_axis\": 0, \"axis_position\": \"right\", \"stacked\": \"none\", \"id\": \"708a5a50-9c9b-11e9-b248-53caaa33a2c5\"}, {\"fill\": 0.5, \"line_width\": 1, \"point_size\": 1, \"formatter\": \"us,ms,2\", \"color\": \"rgba(65,117,0,1)\", \"chart_type\": \"line\", \"metrics\": [{\"field\": \"kubernetes.scheduler.http.request.duration.us.percentile.50\", \"type\": \"avg\", \"id\": \"9ba449d1-9c9b-11e9-b248-53caaa33a2c5\"}], \"label\": \"P50\", \"split_mode\": \"everything\", \"separate_axis\": 0, \"axis_position\": \"right\", \"stacked\": \"none\", \"id\": \"9ba449d0-9c9b-11e9-b248-53caaa33a2c5\"}], \"show_legend\": 1, \"id\": \"61ca57f0-469d-11e7-af02-69e470af7417\", \"axis_scale\": \"normal\", \"type\": \"timeseries\", \"axis_position\": \"left\", \"interval\": \"\", \"show_grid\": 1, \"axis_formatter\": \"number\", \"index_pattern\": \"metricbeat-*\"}, \"title\": \"Scheduler HTTP request duration [Metricbeat Kubernetes]\", \"type\": \"metrics\"}"
            },
            "id": "15bd4420-9c9b-11e9-94fd-c91206cd5249",
            "migrationVersion": {
                "visualization": "7.2.0"
            },
            "references": [],
            "type": "visualization",
            "updated_at": "2019-07-03T07:20:34.226Z",
            "version": "WzEzNSwxXQ=="
        },
        {
            "attributes": {
                "description": "",
                "kibanaSavedObjectMeta": {
                    "searchSourceJSON": "{\"query\": {\"query\": \"\", \"language\": \"kuery\"}, \"filter\": []}"
                },
                "title": "Scheduler end to end scheduling duration [Metricbeat Kubernetes]",
                "uiStateJSON": "{}",
                "version": 1,
                "visState": "{\"aggs\": [], \"params\": {\"default_timefield\": \"@timestamp\", \"default_index_pattern\": \"metricbeat-*\", \"time_field\": \"\", \"series\": [{\"fill\": 0.5, \"line_width\": 1, \"point_size\": 1, \"formatter\": \"number\", \"chart_type\": \"line\", \"separate_axis\": 0, \"metrics\": [{\"field\": \"kubernetes.scheduler.scheduling.e2e.duration.us.bucket.16000\", \"type\": \"avg\", \"id\": \"61ca57f2-469d-11e7-af02-69e470af7417\"}, {\"unit\": \"\", \"field\": \"61ca57f2-469d-11e7-af02-69e470af7417\", \"type\": \"derivative\", \"id\": \"2a21d690-9c9d-11e9-8174-4589c2c40897\"}], \"label\": \"Under 16ms\", \"split_mode\": \"everything\", \"color\": \"rgba(63,112,2,1)\", \"axis_position\": \"right\", \"stacked\": \"none\", \"hidden\": false, \"id\": \"61ca57f1-469d-11e7-af02-69e470af7417\"}, {\"fill\": \"0.4\", \"line_width\": 1, \"point_size\": 1, \"formatter\": \"number\", \"chart_type\": \"line\", \"separate_axis\": 0, \"metrics\": [{\"field\": \"kubernetes.scheduler.scheduling.e2e.duration.us.bucket.512000\", \"type\": \"avg\", \"id\": \"a0347190-9ca1-11e9-9b2f-4dae0cc2bdf1\"}, {\"unit\": \"\", \"field\": \"a0347190-9ca1-11e9-9b2f-4dae0cc2bdf1\", \"type\": \"derivative\", \"id\": \"9a865d10-9ca3-11e9-9b2f-4dae0cc2bdf1\"}], \"label\": \"Under 512ms\", \"split_mode\": \"everything\", \"color\": \"rgba(138,223,24,1)\", \"axis_position\": \"right\", \"stacked\": \"none\", \"hidden\": false, \"id\": \"a0344a80-9ca1-11e9-9b2f-4dae0cc2bdf1\"}, {\"fill\": \"0.3\", \"line_width\": 1, \"point_size\": 1, \"formatter\": \"number\", \"chart_type\": \"line\", \"separate_axis\": 0, \"metrics\": [{\"field\": \"kubernetes.scheduler.scheduling.e2e.duration.us.bucket.1024000\", \"type\": \"avg\", \"id\": \"c456c781-9ca1-11e9-9b2f-4dae0cc2bdf1\"}, {\"unit\": \"\", \"field\": \"c456c781-9ca1-11e9-9b2f-4dae0cc2bdf1\", \"type\": \"derivative\", \"id\": \"a77cd850-9ca3-11e9-9b2f-4dae0cc2bdf1\"}], \"label\": \"Under 1024ms\", \"split_mode\": \"everything\", \"color\": \"rgba(174,161,255,1)\", \"axis_position\": \"right\", \"stacked\": \"none\", \"hidden\": false, \"id\": \"c456c780-9ca1-11e9-9b2f-4dae0cc2bdf1\"}, {\"fill\": \"0.2\", \"line_width\": 1, \"point_size\": 1, \"formatter\": \"number\", \"chart_type\": \"line\", \"separate_axis\": 0, \"metrics\": [{\"field\": \"kubernetes.scheduler.scheduling.e2e.duration.us.bucket.4096000\", \"type\": \"avg\", \"id\": \"127a9811-9ca2-11e9-9b2f-4dae0cc2bdf1\"}, {\"unit\": \"\", \"field\": \"127a9811-9ca2-11e9-9b2f-4dae0cc2bdf1\", \"type\": \"derivative\", \"id\": \"b48a0fe0-9ca3-11e9-9b2f-4dae0cc2bdf1\"}], \"label\": \"Under 4096ms\", \"split_mode\": \"everything\", \"color\": \"rgba(115,216,255,1)\", \"axis_position\": \"right\", \"stacked\": \"none\", \"hidden\": false, \"id\": \"127a9810-9ca2-11e9-9b2f-4dae0cc2bdf1\"}, {\"fill\": \"0.1\", \"line_width\": 1, \"point_size\": 1, \"formatter\": \"number\", \"chart_type\": \"line\", \"separate_axis\": 0, \"metrics\": [{\"field\": \"kubernetes.scheduler.scheduling.e2e.duration.us.bucket.8192000\", \"type\": \"avg\", \"id\": \"6a2ba131-9ca2-11e9-9b2f-4dae0cc2bdf1\"}, {\"unit\": \"\", \"field\": \"6a2ba131-9ca2-11e9-9b2f-4dae0cc2bdf1\", \"type\": \"derivative\", \"id\": \"c727fe00-9ca3-11e9-9b2f-4dae0cc2bdf1\"}], \"label\": \"Under 8192ms\", \"split_mode\": \"everything\", \"color\": \"rgba(252,196,0,1)\", \"axis_position\": \"right\", \"stacked\": \"none\", \"hidden\": false, \"id\": \"6a2ba130-9ca2-11e9-9b2f-4dae0cc2bdf1\"}, {\"fill\": \"0\", \"line_width\": 1, \"point_size\": 1, \"formatter\": \"number\", \"chart_type\": \"line\", \"separate_axis\": 0, \"metrics\": [{\"field\": \"kubernetes.scheduler.scheduling.e2e.duration.us.bucket.16384000\", \"type\": \"avg\", \"id\": \"f93a66e1-9ca2-11e9-9b2f-4dae0cc2bdf1\"}, {\"unit\": \"\", \"field\": \"f93a66e1-9ca2-11e9-9b2f-4dae0cc2bdf1\", \"type\": \"derivative\", \"id\": \"ce42d700-9ca3-11e9-9b2f-4dae0cc2bdf1\"}], \"label\": \"Under 16384ms\", \"split_mode\": \"everything\", \"color\": \"rgba(209,119,103,1)\", \"axis_position\": \"right\", \"stacked\": \"none\", \"hidden\": false, \"id\": \"f93a66e0-9ca2-11e9-9b2f-4dae0cc2bdf1\"}, {\"fill\": \"0\", \"line_width\": 1, \"point_size\": 1, \"formatter\": \"number\", \"chart_type\": \"line\", \"separate_axis\": 0, \"metrics\": [{\"field\": \"kubernetes.scheduler.scheduling.e2e.duration.us.bucket.+Inf\", \"type\": \"avg\", \"id\": \"310452c1-9ca3-11e9-9b2f-4dae0cc2bdf1\"}, {\"unit\": \"\", \"field\": \"310452c1-9ca3-11e9-9b2f-4dae0cc2bdf1\", \"type\": \"derivative\", \"id\": \"e0692420-9ca3-11e9-9b2f-4dae0cc2bdf1\"}], \"label\": \"All\", \"split_mode\": \"everything\", \"color\": \"rgba(104,188,0,1)\", \"axis_position\": \"right\", \"stacked\": \"none\", \"hidden\": false, \"id\": \"310452c0-9ca3-11e9-9b2f-4dae0cc2bdf1\"}], \"show_legend\": 1, \"id\": \"61ca57f0-469d-11e7-af02-69e470af7417\", \"axis_scale\": \"normal\", \"type\": \"timeseries\", \"axis_position\": \"left\", \"interval\": \"\", \"show_grid\": 1, \"axis_formatter\": \"number\", \"axis_min\": \"0\", \"index_pattern\": \"metricbeat-*\"}, \"title\": \"Scheduler end to end scheduling duration [Metricbeat Kubernetes]\", \"type\": \"metrics\"}"
            },
            "id": "d9fc1b80-9c9c-11e9-94fd-c91206cd5249",
            "migrationVersion": {
                "visualization": "7.2.0"
            },
            "references": [],
            "type": "visualization",
            "updated_at": "2019-07-03T07:20:34.226Z",
            "version": "WzEzNiwxXQ=="
        },
        {
            "attributes": {
                "description": "",
                "kibanaSavedObjectMeta": {
                    "searchSourceJSON": "{\"query\": {\"query\": \"\", \"language\": \"kuery\"}, \"filter\": []}"
                },
                "title": "Scheduler scheduling attempts [Metricbeat Kubernetes]",
                "uiStateJSON": "{}",
                "version": 1,
                "visState": "{\"aggs\": [], \"params\": {\"default_timefield\": \"@timestamp\", \"default_index_pattern\": \"metricbeat-*\", \"time_field\": \"\", \"series\": [{\"fill\": 0.5, \"line_width\": 1, \"stacked\": \"none\", \"point_size\": 1, \"formatter\": \"number\", \"color\": \"#68BC00\", \"chart_type\": \"line\", \"metrics\": [{\"field\": \"kubernetes.scheduler.scheduling.pod.attempts.count\", \"type\": \"avg\", \"id\": \"61ca57f2-469d-11e7-af02-69e470af7417\"}, {\"unit\": \"\", \"field\": \"61ca57f2-469d-11e7-af02-69e470af7417\", \"type\": \"derivative\", \"id\": \"18aae5d0-9ca9-11e9-b8ef-3ddf5d748ddb\"}], \"label\": \"Attempts\", \"terms_field\": \"kubernetes.scheduler.result\", \"split_mode\": \"terms\", \"separate_axis\": 0, \"axis_position\": \"right\", \"terms_order_by\": \"61ca57f2-469d-11e7-af02-69e470af7417\", \"split_color_mode\": \"rainbow\", \"id\": \"61ca57f1-469d-11e7-af02-69e470af7417\"}], \"show_legend\": 1, \"id\": \"61ca57f0-469d-11e7-af02-69e470af7417\", \"axis_scale\": \"normal\", \"type\": \"timeseries\", \"axis_position\": \"left\", \"interval\": \"\", \"show_grid\": 1, \"axis_formatter\": \"number\", \"axis_min\": \"0\", \"index_pattern\": \"metricbeat-*\"}, \"title\": \"Scheduler scheduling attempts [Metricbeat Kubernetes]\", \"type\": \"metrics\"}"
            },
            "id": "95595810-9ca8-11e9-94fd-c91206cd5249",
            "migrationVersion": {
                "visualization": "7.2.0"
            },
            "references": [],
            "type": "visualization",
            "updated_at": "2019-07-03T07:20:34.226Z",
            "version": "WzEzNywxXQ=="
        },
        {
            "attributes": {
                "description": "",
                "kibanaSavedObjectMeta": {
                    "searchSourceJSON": "{\"query\": {\"query\": \"\", \"language\": \"kuery\"}, \"filter\": []}"
                },
                "title": "Scheduler CPU [Metricbeat Kubernetes]",
                "uiStateJSON": "{}",
                "version": 1,
                "visState": "{\"aggs\": [], \"params\": {\"default_timefield\": \"@timestamp\", \"default_index_pattern\": \"metricbeat-*\", \"time_field\": \"\", \"series\": [{\"fill\": 0.5, \"line_width\": 1, \"point_size\": 1, \"formatter\": \"number\", \"color\": \"#68BC00\", \"chart_type\": \"line\", \"metrics\": [{\"field\": \"kubernetes.scheduler.process.cpu.sec\", \"type\": \"avg\", \"id\": \"61ca57f2-469d-11e7-af02-69e470af7417\"}, {\"unit\": \"\", \"field\": \"61ca57f2-469d-11e7-af02-69e470af7417\", \"type\": \"derivative\", \"id\": \"11331120-9d98-11e9-9e81-115d18bcfeaa\"}], \"label\": \"CPU time\", \"split_mode\": \"everything\", \"separate_axis\": 0, \"axis_position\": \"right\", \"stacked\": \"none\", \"value_template\": \"{{value}} s\", \"id\": \"61ca57f1-469d-11e7-af02-69e470af7417\"}], \"show_legend\": 1, \"id\": \"61ca57f0-469d-11e7-af02-69e470af7417\", \"axis_scale\": \"normal\", \"type\": \"timeseries\", \"axis_position\": \"left\", \"interval\": \"\", \"show_grid\": 1, \"axis_formatter\": \"number\", \"axis_min\": \"0\", \"index_pattern\": \"metricbeat-*\"}, \"title\": \"Scheduler CPU [Metricbeat Kubernetes]\", \"type\": \"metrics\"}"
            },
            "id": "382ace30-9d98-11e9-b2ae-49acc4cbcea9",
            "migrationVersion": {
                "visualization": "7.2.0"
            },
            "references": [],
            "type": "visualization",
            "updated_at": "2019-07-03T14:10:38.608Z",
            "version": "WzI3NywyXQ=="
        },
        {
            "attributes": {
                "description": "",
                "kibanaSavedObjectMeta": {
                    "searchSourceJSON": "{\"query\": {\"query\": \"\", \"language\": \"kuery\"}, \"filter\": []}"
                },
                "title": "Scheduler Memory [Metricbeat Kubernetes]",
                "uiStateJSON": "{}",
                "version": 1,
                "visState": "{\"aggs\": [], \"params\": {\"default_timefield\": \"@timestamp\", \"default_index_pattern\": \"metricbeat-*\", \"time_field\": \"\", \"series\": [{\"fill\": 0.5, \"line_width\": 1, \"point_size\": 1, \"formatter\": \"bytes\", \"color\": \"rgba(251,158,0,1)\", \"chart_type\": \"line\", \"metrics\": [{\"field\": \"kubernetes.scheduler.process.memory.resident.bytes\", \"type\": \"avg\", \"id\": \"61ca57f2-469d-11e7-af02-69e470af7417\"}], \"label\": \"Resident\", \"split_mode\": \"everything\", \"separate_axis\": 0, \"axis_position\": \"right\", \"stacked\": \"none\", \"id\": \"61ca57f1-469d-11e7-af02-69e470af7417\"}, {\"fill\": 0.5, \"line_width\": 1, \"point_size\": 1, \"formatter\": \"bytes\", \"color\": \"#68BC00\", \"chart_type\": \"line\", \"metrics\": [{\"field\": \"kubernetes.scheduler.process.memory.virtual.bytes\", \"type\": \"avg\", \"id\": \"a14defa1-9d98-11e9-9e81-115d18bcfeaa\"}], \"label\": \"Virtual\", \"split_mode\": \"everything\", \"separate_axis\": 0, \"axis_position\": \"right\", \"stacked\": \"none\", \"id\": \"a14defa0-9d98-11e9-9e81-115d18bcfeaa\"}], \"show_legend\": 1, \"id\": \"61ca57f0-469d-11e7-af02-69e470af7417\", \"axis_scale\": \"normal\", \"type\": \"timeseries\", \"axis_position\": \"left\", \"interval\": \"\", \"show_grid\": 1, \"axis_formatter\": \"number\", \"index_pattern\": \"metricbeat-*\"}, \"title\": \"Scheduler Memory [Metricset Kubernetes]\", \"type\": \"metrics\"}"
            },
            "id": "84d9b200-9d98-11e9-b2ae-49acc4cbcea9",
            "migrationVersion": {
                "visualization": "7.2.0"
            },
            "references": [],
            "type": "visualization",
            "updated_at": "2019-07-03T13:45:33.315Z",
            "version": "WzI3MiwyXQ=="
        }
    ],
    "version": "7.2.0"
}