{
    "objects": [
        {
            "attributes": {
                "description": "",
                "kibanaSavedObjectMeta": {
                    "searchSourceJSON": "{\"filter\": []}"
                },
                "savedSearchId": "MongoDB-search-ecs",
                "title": "Hosts [Metricbeat MongoDB] ECS",
                "uiStateJSON": "{\"vis\": {\"params\": {\"sort\": {\"direction\": null, \"columnIndex\": null}}}}",
                "version": 1,
                "visState": "{\"aggs\": [{\"params\": {\"field\": \"mongodb.status.connections.current\", \"customLabel\": \"Number of connections\"}, \"schema\": \"metric\", \"enabled\": true, \"type\": \"avg\", \"id\": \"1\"}, {\"params\": {\"size\": 5, \"orderBy\": \"1\", \"order\": \"desc\", \"field\": \"service.address\"}, \"schema\": \"bucket\", \"enabled\": true, \"type\": \"terms\", \"id\": \"2\"}, {\"params\": {\"field\": \"mongodb.status.memory.bits\", \"customLabel\": \"Arch\"}, \"schema\": \"metric\", \"enabled\": true, \"type\": \"avg\", \"id\": \"3\"}, {\"params\": {\"field\": \"mongodb.status.memory.resident.mb\", \"customLabel\": \"Resident memory\"}, \"schema\": \"metric\", \"enabled\": true, \"type\": \"avg\", \"id\": \"4\"}, {\"params\": {\"field\": \"mongodb.status.memory.virtual.mb\", \"customLabel\": \"Virtual memory\"}, \"schema\": \"metric\", \"enabled\": true, \"type\": \"avg\", \"id\": \"5\"}], \"params\": {\"perPage\": 10, \"showPartialRows\": false, \"showMeticsAtAllLevels\": false, \"showTotal\": false, \"totalFunc\": \"sum\", \"sort\": {\"direction\": null, \"columnIndex\": null}}, \"title\": \"Hosts [Metricbeat MongoDB] ECS\", \"type\": \"table\"}"
            },
            "id": "MongoDB-hosts-ecs",
            "type": "visualization",
            "version": 2
        },
        {
            "attributes": {
                "description": "",
                "kibanaSavedObjectMeta": {
                    "searchSourceJSON": "{\"filter\": []}"
                },
                "savedSearchId": "MongoDB-search-ecs",
                "title": "Engine & Version [Metricbeat MongoDB] ECS",
                "uiStateJSON": "{}",
                "version": 1,
                "visState": "{\"aggs\": [{\"params\": {\"field\": \"service.address\"}, \"schema\": \"metric\", \"enabled\": true, \"type\": \"cardinality\", \"id\": \"1\"}, {\"params\": {\"size\": 5, \"orderBy\": \"1\", \"order\": \"desc\", \"field\": \"mongodb.status.storage_engine.name\", \"customLabel\": \"Engine\"}, \"schema\": \"segment\", \"enabled\": true, \"type\": \"terms\", \"id\": \"2\"}, {\"params\": {\"size\": 5, \"orderBy\": \"1\", \"order\": \"desc\", \"field\": \"service.version\", \"customLabel\": \"Version\"}, \"schema\": \"segment\", \"enabled\": true, \"type\": \"terms\", \"id\": \"3\"}], \"params\": {\"shareYAxis\": true, \"type\": \"pie\", \"addTooltip\": true, \"isDonut\": true, \"legendPosition\": \"bottom\", \"addLegend\": true}, \"title\": \"Engine & Version [Metricbeat MongoDB] ECS\", \"type\": \"pie\"}"
            },
            "id": "MongoDB-Engine-ampersand-Version-ecs",
            "type": "visualization",
            "version": 2
        },
        {
            "attributes": {
                "description": "",
                "kibanaSavedObjectMeta": {
                    "searchSourceJSON": "{\"filter\": []}"
                },
                "savedSearchId": "MongoDB-search-ecs",
                "title": "Operation counters [Metricbeat MongoDB] ECS",
                "uiStateJSON": "{}",
                "version": 1,
                "visState": "{\"aggs\": [{\"params\": {\"field\": \"mongodb.status.ops.counters.command\", \"customLabel\": \"command\"}, \"schema\": \"metric\", \"enabled\": true, \"type\": \"avg\", \"id\": \"1\"}, {\"params\": {\"customInterval\": \"2h\", \"interval\": \"auto\", \"extended_bounds\": {}, \"field\": \"@timestamp\", \"min_doc_count\": 1}, \"schema\": \"segment\", \"enabled\": true, \"type\": \"date_histogram\", \"id\": \"2\"}, {\"params\": {\"field\": \"mongodb.status.ops.counters.delete\", \"customLabel\": \"delete\"}, \"schema\": \"metric\", \"enabled\": true, \"type\": \"avg\", \"id\": \"3\"}, {\"params\": {\"field\": \"mongodb.status.ops.counters.getmore\", \"customLabel\": \"getmore\"}, \"schema\": \"metric\", \"enabled\": true, \"type\": \"avg\", \"id\": \"4\"}, {\"params\": {\"field\": \"mongodb.status.ops.counters.insert\", \"customLabel\": \"insert\"}, \"schema\": \"metric\", \"enabled\": true, \"type\": \"avg\", \"id\": \"5\"}, {\"params\": {\"field\": \"mongodb.status.ops.counters.query\", \"customLabel\": \"query\"}, \"schema\": \"metric\", \"enabled\": true, \"type\": \"avg\", \"id\": \"6\"}, {\"params\": {\"field\": \"mongodb.status.ops.replicated.update\", \"customLabel\": \"update\"}, \"schema\": \"metric\", \"enabled\": true, \"type\": \"avg\", \"id\": \"7\"}], \"params\": {\"setYExtents\": false, \"grid\": {\"style\": {\"color\": \"#eee\"}, \"categoryLines\": false}, \"scale\": \"linear\", \"yAxis\": {}, \"defaultYExtents\": false, \"type\": \"area\", \"addLegend\": true, \"shareYAxis\": true, \"categoryAxes\": [{\"style\": {}, \"title\": {}, \"type\": \"category\", \"scale\": {\"type\": \"linear\"}, \"id\": \"CategoryAxis-1\", \"labels\": {\"truncate\": 100, \"show\": true}, \"show\": true, \"position\": \"bottom\"}], \"legendPosition\": \"bottom\", \"interpolate\": \"linear\", \"valueAxes\": [{\"style\": {}, \"name\": \"LeftAxis-1\", \"type\": \"value\", \"scale\": {\"type\": \"linear\", \"mode\": \"normal\"}, \"id\": \"ValueAxis-1\", \"title\": {\"text\": \"Count\"}, \"labels\": {\"rotate\": 0, \"filter\": false, \"truncate\": 100, \"show\": true}, \"show\": true, \"position\": \"left\"}], \"addTooltip\": true, \"times\": [], \"mode\": \"stacked\", \"smoothLines\": false, \"seriesParams\": [{\"data\": {\"label\": \"Count\", \"id\": \"1\"}, \"type\": \"area\", \"interpolate\": \"linear\", \"drawLinesBetweenPoints\": true, \"valueAxis\": \"ValueAxis-1\", \"showCircles\": true, \"show\": \"true\", \"mode\": \"stacked\"}], \"addTimeMarker\": false}, \"title\": \"Operation counters [Metricbeat MongoDB] ECS\", \"type\": \"area\"}"
            },
            "id": "MongoDB-operation-counters-ecs",
            "type": "visualization",
            "version": 2
        },
        {
            "attributes": {
                "description": "",
                "kibanaSavedObjectMeta": {
                    "searchSourceJSON": "{\"filter\": []}"
                },
                "savedSearchId": "MongoDB-search-ecs",
                "title": "Concurrent transactions Read [Metricbeat MongoDB] ECS",
                "uiStateJSON": "{\"vis\": {\"colors\": {\"Read Used\": \"#BF1B00\", \"Read Available\": \"#508642\"}}}",
                "version": 1,
                "visState": "{\"aggs\": [{\"params\": {\"field\": \"mongodb.status.wired_tiger.concurrent_transactions.read.available\", \"customLabel\": \"Read Available\"}, \"schema\": \"metric\", \"enabled\": true, \"type\": \"avg\", \"id\": \"1\"}, {\"params\": {\"customInterval\": \"2h\", \"interval\": \"auto\", \"extended_bounds\": {}, \"field\": \"@timestamp\", \"min_doc_count\": 1}, \"schema\": \"segment\", \"enabled\": true, \"type\": \"date_histogram\", \"id\": \"2\"}, {\"params\": {\"field\": \"mongodb.status.wired_tiger.concurrent_transactions.read.out\", \"customLabel\": \"Read Used\"}, \"schema\": \"metric\", \"enabled\": true, \"type\": \"avg\", \"id\": \"3\"}], \"params\": {\"setYExtents\": false, \"grid\": {\"style\": {\"color\": \"#eee\"}, \"categoryLines\": false}, \"scale\": \"linear\", \"yAxis\": {}, \"defaultYExtents\": false, \"type\": \"area\", \"addLegend\": true, \"shareYAxis\": true, \"categoryAxes\": [{\"style\": {}, \"title\": {}, \"type\": \"category\", \"scale\": {\"type\": \"linear\"}, \"id\": \"CategoryAxis-1\", \"labels\": {\"truncate\": 100, \"show\": true}, \"show\": true, \"position\": \"bottom\"}], \"legendPosition\": \"bottom\", \"interpolate\": \"linear\", \"valueAxes\": [{\"style\": {}, \"name\": \"LeftAxis-1\", \"type\": \"value\", \"scale\": {\"type\": \"linear\", \"mode\": \"normal\"}, \"id\": \"ValueAxis-1\", \"title\": {\"text\": \"Count\"}, \"labels\": {\"rotate\": 0, \"filter\": false, \"truncate\": 100, \"show\": true}, \"show\": true, \"position\": \"left\"}], \"addTooltip\": true, \"times\": [], \"mode\": \"stacked\", \"smoothLines\": false, \"seriesParams\": [{\"data\": {\"label\": \"Count\", \"id\": \"1\"}, \"type\": \"area\", \"interpolate\": \"linear\", \"drawLinesBetweenPoints\": true, \"valueAxis\": \"ValueAxis-1\", \"showCircles\": true, \"show\": \"true\", \"mode\": \"stacked\"}], \"addTimeMarker\": false}, \"title\": \"Concurrent transactions Read [Metricbeat MongoDB] ECS\", \"type\": \"area\"}"
            },
            "id": "MongoDB-Concurrent-transactions-Read-ecs",
            "type": "visualization",
            "version": 2
        },
        {
            "attributes": {
                "description": "",
                "kibanaSavedObjectMeta": {
                    "searchSourceJSON": "{\"filter\": []}"
                },
                "savedSearchId": "MongoDB-search-ecs",
                "title": "Concurrent transactions Write [Metricbeat MongoDB] ECS",
                "uiStateJSON": "{\"vis\": {\"colors\": {\"Write Available\": \"#629E51\", \"Write Used\": \"#BF1B00\"}}}",
                "version": 1,
                "visState": "{\"aggs\": [{\"params\": {\"field\": \"mongodb.status.wired_tiger.concurrent_transactions.write.available\", \"customLabel\": \"Write Available\"}, \"schema\": \"metric\", \"enabled\": true, \"type\": \"avg\", \"id\": \"1\"}, {\"params\": {\"customInterval\": \"2h\", \"interval\": \"auto\", \"extended_bounds\": {}, \"field\": \"@timestamp\", \"min_doc_count\": 1}, \"schema\": \"segment\", \"enabled\": true, \"type\": \"date_histogram\", \"id\": \"2\"}, {\"params\": {\"field\": \"mongodb.status.wired_tiger.concurrent_transactions.write.out\", \"customLabel\": \"Write Used\"}, \"schema\": \"metric\", \"enabled\": true, \"type\": \"avg\", \"id\": \"3\"}], \"params\": {\"setYExtents\": false, \"grid\": {\"style\": {\"color\": \"#eee\"}, \"categoryLines\": false}, \"scale\": \"linear\", \"yAxis\": {}, \"defaultYExtents\": false, \"type\": \"area\", \"addLegend\": true, \"shareYAxis\": true, \"categoryAxes\": [{\"style\": {}, \"title\": {}, \"type\": \"category\", \"scale\": {\"type\": \"linear\"}, \"id\": \"CategoryAxis-1\", \"labels\": {\"truncate\": 100, \"show\": true}, \"show\": true, \"position\": \"bottom\"}], \"legendPosition\": \"bottom\", \"interpolate\": \"linear\", \"valueAxes\": [{\"style\": {}, \"name\": \"LeftAxis-1\", \"type\": \"value\", \"scale\": {\"type\": \"linear\", \"mode\": \"normal\"}, \"id\": \"ValueAxis-1\", \"title\": {\"text\": \"Count\"}, \"labels\": {\"rotate\": 0, \"filter\": false, \"truncate\": 100, \"show\": true}, \"show\": true, \"position\": \"left\"}], \"addTooltip\": true, \"times\": [], \"mode\": \"stacked\", \"smoothLines\": false, \"seriesParams\": [{\"data\": {\"label\": \"Count\", \"id\": \"1\"}, \"type\": \"area\", \"interpolate\": \"linear\", \"drawLinesBetweenPoints\": true, \"valueAxis\": \"ValueAxis-1\", \"showCircles\": true, \"show\": \"true\", \"mode\": \"stacked\"}], \"addTimeMarker\": false}, \"title\": \"Concurrent transactions Write [Metricbeat MongoDB] ECS\", \"type\": \"area\"}"
            },
            "id": "MongoDB-Concurrent-transactions-Write-ecs",
            "type": "visualization",
            "version": 2
        },
        {
            "attributes": {
                "description": "",
                "kibanaSavedObjectMeta": {
                    "searchSourceJSON": "{\"filter\": []}"
                },
                "savedSearchId": "MongoDB-search-ecs",
                "title": "Memory stats [Metricbeat MongoDB] ECS",
                "uiStateJSON": "{}",
                "version": 1,
                "visState": "{\"aggs\": [{\"params\": {\"field\": \"mongodb.status.memory.mapped.mb\", \"customLabel\": \"Mapped\"}, \"schema\": \"metric\", \"enabled\": true, \"type\": \"avg\", \"id\": \"1\"}, {\"params\": {\"customInterval\": \"2h\", \"interval\": \"auto\", \"extended_bounds\": {}, \"field\": \"@timestamp\", \"min_doc_count\": 1}, \"schema\": \"segment\", \"enabled\": true, \"type\": \"date_histogram\", \"id\": \"2\"}, {\"params\": {\"field\": \"mongodb.status.memory.mapped_with_journal.mb\", \"customLabel\": \"Mapped with journal\"}, \"schema\": \"metric\", \"enabled\": true, \"type\": \"avg\", \"id\": \"3\"}, {\"params\": {\"field\": \"mongodb.status.memory.resident.mb\", \"customLabel\": \"Rezident\"}, \"schema\": \"metric\", \"enabled\": true, \"type\": \"avg\", \"id\": \"4\"}, {\"params\": {\"field\": \"mongodb.status.memory.virtual.mb\", \"customLabel\": \"Virtual\"}, \"schema\": \"metric\", \"enabled\": true, \"type\": \"avg\", \"id\": \"5\"}], \"params\": {\"setYExtents\": false, \"grid\": {\"style\": {\"color\": \"#eee\"}, \"categoryLines\": false}, \"scale\": \"log\", \"defaultYExtents\": false, \"valueAxes\": [{\"style\": {}, \"name\": \"LeftAxis-1\", \"type\": \"value\", \"scale\": {\"type\": \"linear\", \"mode\": \"normal\"}, \"id\": \"ValueAxis-1\", \"title\": {\"text\": \"Count\"}, \"labels\": {\"rotate\": 0, \"filter\": false, \"truncate\": 100, \"show\": true}, \"show\": true, \"position\": \"left\"}], \"radiusRatio\": 9, \"showCircles\": true, \"type\": \"line\", \"addLegend\": true, \"shareYAxis\": true, \"categoryAxes\": [{\"style\": {}, \"title\": {}, \"type\": \"category\", \"scale\": {\"type\": \"linear\"}, \"id\": \"CategoryAxis-1\", \"labels\": {\"truncate\": 100, \"show\": true}, \"show\": true, \"position\": \"bottom\"}], \"seriesParams\": [{\"data\": {\"label\": \"Count\", \"id\": \"1\"}, \"type\": \"line\", \"drawLinesBetweenPoints\": true, \"valueAxis\": \"ValueAxis-1\", \"showCircles\": true, \"show\": \"true\", \"mode\": \"normal\"}], \"interpolate\": \"linear\", \"drawLinesBetweenPoints\": true, \"addTooltip\": true, \"times\": [], \"yAxis\": {}, \"smoothLines\": false, \"legendPosition\": \"bottom\", \"addTimeMarker\": false}, \"title\": \"Memory stats [Metricbeat MongoDB] ECS\", \"type\": \"line\"}"
            },
            "id": "MongoDB-memory-stats-ecs",
            "type": "visualization",
            "version": 2
        },
        {
            "attributes": {
                "description": "",
                "kibanaSavedObjectMeta": {
                    "searchSourceJSON": "{\"filter\": []}"
                },
                "savedSearchId": "MongoDB-search-ecs",
                "title": "Asserts [Metricbeat MongoDB] ECS",
                "uiStateJSON": "{}",
                "version": 1,
                "visState": "{\"aggs\": [{\"params\": {\"field\": \"mongodb.status.asserts.msg\", \"customLabel\": \"message\"}, \"schema\": \"metric\", \"enabled\": true, \"type\": \"max\", \"id\": \"1\"}, {\"params\": {\"customInterval\": \"2h\", \"interval\": \"auto\", \"extended_bounds\": {}, \"field\": \"@timestamp\", \"min_doc_count\": 1}, \"schema\": \"segment\", \"enabled\": true, \"type\": \"date_histogram\", \"id\": \"2\"}, {\"params\": {\"field\": \"mongodb.status.asserts.regular\", \"customLabel\": \"regular\"}, \"schema\": \"metric\", \"enabled\": true, \"type\": \"max\", \"id\": \"3\"}, {\"params\": {\"field\": \"mongodb.status.asserts.rollovers\", \"customLabel\": \"rollover\"}, \"schema\": \"metric\", \"enabled\": true, \"type\": \"max\", \"id\": \"4\"}, {\"params\": {\"field\": \"mongodb.status.asserts.user\", \"customLabel\": \"user\"}, \"schema\": \"metric\", \"enabled\": true, \"type\": \"max\", \"id\": \"5\"}, {\"params\": {\"field\": \"mongodb.status.asserts.warning\", \"customLabel\": \"warning\"}, \"schema\": \"metric\", \"enabled\": true, \"type\": \"max\", \"id\": \"6\"}], \"params\": {\"setYExtents\": false, \"grid\": {\"style\": {\"color\": \"#eee\"}, \"categoryLines\": false}, \"scale\": \"linear\", \"yAxis\": {}, \"defaultYExtents\": false, \"type\": \"area\", \"addLegend\": true, \"shareYAxis\": true, \"categoryAxes\": [{\"style\": {}, \"title\": {}, \"type\": \"category\", \"scale\": {\"type\": \"linear\"}, \"id\": \"CategoryAxis-1\", \"labels\": {\"truncate\": 100, \"show\": true}, \"show\": true, \"position\": \"bottom\"}], \"legendPosition\": \"bottom\", \"interpolate\": \"linear\", \"valueAxes\": [{\"style\": {}, \"name\": \"LeftAxis-1\", \"type\": \"value\", \"scale\": {\"type\": \"linear\", \"mode\": \"normal\"}, \"id\": \"ValueAxis-1\", \"title\": {\"text\": \"Count\"}, \"labels\": {\"rotate\": 0, \"filter\": false, \"truncate\": 100, \"show\": true}, \"show\": true, \"position\": \"left\"}], \"addTooltip\": true, \"times\": [], \"mode\": \"stacked\", \"smoothLines\": false, \"seriesParams\": [{\"data\": {\"label\": \"Count\", \"id\": \"1\"}, \"type\": \"area\", \"interpolate\": \"linear\", \"drawLinesBetweenPoints\": true, \"valueAxis\": \"ValueAxis-1\", \"showCircles\": true, \"show\": \"true\", \"mode\": \"stacked\"}], \"addTimeMarker\": false}, \"title\": \"Asserts [Metricbeat MongoDB] ECS\", \"type\": \"area\"}"
            },
            "id": "MongoDB-asserts-ecs",
            "type": "visualization",
            "version": 2
        },
        {
            "attributes": {
                "description": "",
                "kibanaSavedObjectMeta": {
                    "searchSourceJSON": "{\"filter\": []}"
                },
                "savedSearchId": "MongoDB-search-ecs",
                "title": "WiredTiger Cache [Metricbeat MongoDB] ECS",
                "uiStateJSON": "{}",
                "version": 1,
                "visState": "{\"aggs\": [{\"params\": {\"field\": \"mongodb.status.wired_tiger.cache.maximum.bytes\", \"customLabel\": \"max\"}, \"schema\": \"metric\", \"enabled\": true, \"type\": \"avg\", \"id\": \"1\"}, {\"params\": {\"customInterval\": \"2h\", \"interval\": \"auto\", \"extended_bounds\": {}, \"field\": \"@timestamp\", \"min_doc_count\": 1}, \"schema\": \"segment\", \"enabled\": true, \"type\": \"date_histogram\", \"id\": \"2\"}, {\"params\": {\"field\": \"mongodb.status.wired_tiger.cache.used.bytes\", \"customLabel\": \"used\"}, \"schema\": \"metric\", \"enabled\": true, \"type\": \"avg\", \"id\": \"3\"}, {\"params\": {\"field\": \"mongodb.status.wired_tiger.cache.dirty.bytes\", \"customLabel\": \"dirty\"}, \"schema\": \"metric\", \"enabled\": true, \"type\": \"avg\", \"id\": \"4\"}], \"params\": {\"setYExtents\": false, \"grid\": {\"style\": {\"color\": \"#eee\"}, \"categoryLines\": false}, \"scale\": \"linear\", \"yAxis\": {}, \"defaultYExtents\": false, \"type\": \"area\", \"addLegend\": true, \"shareYAxis\": true, \"categoryAxes\": [{\"style\": {}, \"title\": {}, \"type\": \"category\", \"scale\": {\"type\": \"linear\"}, \"id\": \"CategoryAxis-1\", \"labels\": {\"truncate\": 100, \"show\": true}, \"show\": true, \"position\": \"bottom\"}], \"legendPosition\": \"bottom\", \"interpolate\": \"linear\", \"valueAxes\": [{\"style\": {}, \"name\": \"LeftAxis-1\", \"type\": \"value\", \"scale\": {\"type\": \"linear\", \"mode\": \"normal\"}, \"id\": \"ValueAxis-1\", \"title\": {\"text\": \"Count\"}, \"labels\": {\"rotate\": 0, \"filter\": false, \"truncate\": 100, \"show\": true}, \"show\": true, \"position\": \"left\"}], \"addTooltip\": true, \"times\": [], \"mode\": \"overlap\", \"smoothLines\": false, \"seriesParams\": [{\"data\": {\"label\": \"Count\", \"id\": \"1\"}, \"type\": \"area\", \"interpolate\": \"linear\", \"drawLinesBetweenPoints\": true, \"valueAxis\": \"ValueAxis-1\", \"showCircles\": true, \"show\": \"true\", \"mode\": \"stacked\"}], \"addTimeMarker\": false}, \"title\": \"WiredTiger Cache [Metricbeat MongoDB] ECS\", \"type\": \"area\"}"
            },
            "id": "MongoDB-WiredTiger-Cache-ecs",
            "type": "visualization",
            "version": 2
        },
        {
            "attributes": {
                "columns": [
                    "_source"
                ],
                "description": "",
                "hits": 0,
                "kibanaSavedObjectMeta": {
                    "searchSourceJSON": "{\"highlight\": {\"post_tags\": [\"@/kibana-highlighted-field@\"], \"fragment_size\": 2147483647, \"require_field_match\": false, \"fields\": {\"*\": {}}, \"pre_tags\": [\"@kibana-highlighted-field@\"]}, \"query\": {\"query\": \"event.module:mongodb\", \"language\": \"kuery\"}, \"filter\": [], \"index\": \"metricbeat-*\"}"
                },
                "sort": [
                    "@timestamp",
                    "desc"
                ],
                "title": "MongoDB search ECS",
                "version": 1
            },
            "id": "MongoDB-search-ecs",
            "type": "search",
            "version": 1
        },
        {
            "attributes": {
                "description": "Overview of MongoDB server status",
                "hits": 0,
                "kibanaSavedObjectMeta": {
                    "searchSourceJSON": "{\"query\": {\"query\": \"\", \"language\": \"kuery\"}, \"filter\": [], \"version\": true, \"highlightAll\": true}"
                },
                "optionsJSON": "{\"darkTheme\": false}",
                "panelsJSON": "[{\"type\": \"visualization\", \"row\": 1, \"size_y\": 3, \"id\": \"MongoDB-hosts-ecs\", \"col\": 1, \"panelIndex\": 1, \"size_x\": 8}, {\"type\": \"visualization\", \"row\": 1, \"size_y\": 3, \"id\": \"MongoDB-Engine-ampersand-Version-ecs\", \"col\": 9, \"panelIndex\": 4, \"size_x\": 4}, {\"type\": \"visualization\", \"row\": 4, \"size_y\": 3, \"id\": \"MongoDB-operation-counters-ecs\", \"col\": 1, \"panelIndex\": 2, \"size_x\": 6}, {\"type\": \"visualization\", \"row\": 4, \"size_y\": 3, \"id\": \"MongoDB-Concurrent-transactions-Read-ecs\", \"col\": 7, \"panelIndex\": 6, \"size_x\": 3}, {\"type\": \"visualization\", \"row\": 4, \"size_y\": 3, \"id\": \"MongoDB-Concurrent-transactions-Write-ecs\", \"col\": 10, \"panelIndex\": 7, \"size_x\": 3}, {\"type\": \"visualization\", \"row\": 10, \"size_y\": 4, \"id\": \"MongoDB-memory-stats-ecs\", \"col\": 1, \"panelIndex\": 5, \"size_x\": 12}, {\"type\": \"visualization\", \"row\": 7, \"size_y\": 3, \"id\": \"MongoDB-asserts-ecs\", \"col\": 7, \"panelIndex\": 3, \"size_x\": 6}, {\"type\": \"visualization\", \"row\": 7, \"size_y\": 3, \"id\": \"MongoDB-WiredTiger-Cache-ecs\", \"col\": 1, \"panelIndex\": 8, \"size_x\": 6}]",
                "timeRestore": false,
                "title": "[Metricbeat MongoDB] Overview ECS",
                "uiStateJSON": "{\"P-1\": {\"vis\": {\"params\": {\"sort\": {\"direction\": null, \"columnIndex\": null}}}}}",
                "version": 1
            },
            "id": "Metricbeat-MongoDB-ecs",
            "type": "dashboard",
            "version": 3
        }
    ],
    "version": "6.0.0-beta1-SNAPSHOT"
}