{
    "objects": [
        {
            "attributes": {
                "description": "This Couchbase dashboard visualizes the most relevant metrics for cluster, nodes and buckets. ",
                "hits": 0,
                "kibanaSavedObjectMeta": {
                    "searchSourceJSON": "{\"query\": {\"query\": \"\", \"language\": \"kuery\"}, \"filter\": []}"
                },
                "optionsJSON": "{\"hidePanelTitles\": false, \"useMargins\": true}",
                "panelsJSON": "[{\"title\": \"Buckets RAM Used\", \"embeddableConfig\": {}, \"gridData\": {\"y\": 11, \"h\": 11, \"i\": \"1\", \"w\": 12, \"x\": 0}, \"panelRefName\": \"panel_0\", \"panelIndex\": \"1\", \"version\": \"7.3.0\"}, {\"title\": \"Buckets Disk Used\", \"embeddableConfig\": {}, \"gridData\": {\"y\": 11, \"h\": 11, \"i\": \"2\", \"w\": 12, \"x\": 12}, \"panelRefName\": \"panel_1\", \"panelIndex\": \"2\", \"version\": \"7.3.0\"}, {\"title\": \"Node CPU Utilization\", \"embeddableConfig\": {}, \"gridData\": {\"y\": 11, \"h\": 11, \"i\": \"3\", \"w\": 24, \"x\": 24}, \"panelRefName\": \"panel_2\", \"panelIndex\": \"3\", \"version\": \"7.3.0\"}, {\"title\": \"Buckets Operations Per Second\", \"embeddableConfig\": {}, \"gridData\": {\"y\": 22, \"h\": 11, \"i\": \"4\", \"w\": 12, \"x\": 0}, \"panelRefName\": \"panel_3\", \"panelIndex\": \"4\", \"version\": \"7.3.0\"}, {\"title\": \"Operations per Node\", \"embeddableConfig\": {}, \"gridData\": {\"y\": 0, \"h\": 11, \"i\": \"5\", \"w\": 24, \"x\": 24}, \"panelRefName\": \"panel_4\", \"panelIndex\": \"5\", \"version\": \"7.3.0\"}, {\"title\": \"Cluster HDD Usage\", \"embeddableConfig\": {}, \"gridData\": {\"y\": 0, \"h\": 11, \"i\": \"6\", \"w\": 12, \"x\": 0}, \"panelRefName\": \"panel_5\", \"panelIndex\": \"6\", \"version\": \"7.3.0\"}, {\"title\": \"Cluster RAM\", \"embeddableConfig\": {}, \"gridData\": {\"y\": 0, \"h\": 11, \"i\": \"7\", \"w\": 12, \"x\": 12}, \"panelRefName\": \"panel_6\", \"panelIndex\": \"7\", \"version\": \"7.3.0\"}, {\"title\": \"Bucket Item Count\", \"embeddableConfig\": {}, \"gridData\": {\"y\": 22, \"h\": 11, \"i\": \"8\", \"w\": 12, \"x\": 12}, \"panelRefName\": \"panel_7\", \"panelIndex\": \"8\", \"version\": \"7.3.0\"}, {\"title\": \"Document Replicas\", \"embeddableConfig\": {}, \"gridData\": {\"y\": 33, \"h\": 11, \"i\": \"9\", \"w\": 24, \"x\": 24}, \"panelRefName\": \"panel_8\", \"panelIndex\": \"9\", \"version\": \"7.3.0\"}, {\"title\": \"Disk space used by docs\", \"embeddableConfig\": {}, \"gridData\": {\"y\": 22, \"h\": 11, \"i\": \"10\", \"w\": 24, \"x\": 24}, \"panelRefName\": \"panel_9\", \"panelIndex\": \"10\", \"version\": \"7.3.0\"}, {\"title\": \"Disk Fetches\", \"embeddableConfig\": {}, \"gridData\": {\"y\": 33, \"h\": 11, \"i\": \"11\", \"w\": 24, \"x\": 0}, \"panelRefName\": \"panel_10\", \"panelIndex\": \"11\", \"version\": \"7.3.0\"}]",
                "timeRestore": false,
                "title": "[Metricbeat Couchbase] Cluster Overview",
                "version": 1
            },
            "id": "46d21220-b9f1-11e9-a579-f5c0a5d81340",
            "migrationVersion": {
                "dashboard": "7.3.0"
            },
            "references": [
                {
                    "id": "e781add0-b9dc-11e9-a579-f5c0a5d81340",
                    "name": "panel_0",
                    "type": "visualization"
                },
                {
                    "id": "c4c81a30-b9dd-11e9-a579-f5c0a5d81340",
                    "name": "panel_1",
                    "type": "visualization"
                },
                {
                    "id": "467c99c0-b9de-11e9-a579-f5c0a5d81340",
                    "name": "panel_2",
                    "type": "visualization"
                },
                {
                    "id": "e23a9fe0-b9db-11e9-a579-f5c0a5d81340",
                    "name": "panel_3",
                    "type": "visualization"
                },
                {
                    "id": "17a01210-b9e0-11e9-a579-f5c0a5d81340",
                    "name": "panel_4",
                    "type": "visualization"
                },
                {
                    "id": "f515f2e0-b9e0-11e9-a579-f5c0a5d81340",
                    "name": "panel_5",
                    "type": "visualization"
                },
                {
                    "id": "7cc8def0-b9e1-11e9-a579-f5c0a5d81340",
                    "name": "panel_6",
                    "type": "visualization"
                },
                {
                    "id": "97ee1ea0-b9f2-11e9-a579-f5c0a5d81340",
                    "name": "panel_7",
                    "type": "visualization"
                },
                {
                    "id": "63efced0-b9f4-11e9-a579-f5c0a5d81340",
                    "name": "panel_8",
                    "type": "visualization"
                },
                {
                    "id": "99980c90-ba8b-11e9-a579-f5c0a5d81340",
                    "name": "panel_9",
                    "type": "visualization"
                },
                {
                    "id": "19eed0e0-ba8c-11e9-a579-f5c0a5d81340",
                    "name": "panel_10",
                    "type": "visualization"
                }
            ],
            "type": "dashboard",
            "updated_at": "2019-08-19T14:28:56.796Z",
            "version": "WzE1NDYsMV0="
        },
        {
            "attributes": {
                "description": "",
                "kibanaSavedObjectMeta": {
                    "searchSourceJSON": "{\"query\": {\"query\": \"\", \"language\": \"kuery\"}, \"filter\": []}"
                },
                "title": "Buckets RAM Used [Metricbeat Couchbase] ECS",
                "uiStateJSON": "{}",
                "version": 1,
                "visState": "{\"aggs\": [], \"params\": {\"default_timefield\": \"@timestamp\", \"filter\": {\"query\": \"\", \"language\": \"kuery\"}, \"default_index_pattern\": \"metricbeat-*\", \"time_field\": \"@timestamp\", \"series\": [{\"fill\": \"0.1\", \"line_width\": \"1\", \"filter\": {\"query\": \"\", \"language\": \"kuery\"}, \"point_size\": 0, \"formatter\": \"bytes\", \"chart_type\": \"line\", \"separate_axis\": 0, \"metrics\": [{\"field\": \"couchbase.bucket.memory.used.bytes\", \"type\": \"max\", \"id\": \"1ad80862-b9dc-11e9-a74b-270ba78f4926\"}], \"stacked\": \"none\", \"label\": \" RAM used\", \"terms_field\": \"couchbase.bucket.name\", \"split_mode\": \"terms\", \"color\": \"rgba(164,221,0,1)\", \"axis_position\": \"right\", \"terms_order_by\": \"1ad80862-b9dc-11e9-a74b-270ba78f4926\", \"split_color_mode\": \"rainbow\", \"value_template\": \"{{value}}\", \"id\": \"1ad80861-b9dc-11e9-a74b-270ba78f4926\"}], \"show_legend\": 1, \"id\": \"1ad80860-b9dc-11e9-a74b-270ba78f4926\", \"axis_scale\": \"normal\", \"type\": \"timeseries\", \"axis_position\": \"left\", \"interval\": \"auto\", \"show_grid\": 1, \"axis_formatter\": \"number\", \"index_pattern\": \"metricbeat-*\"}, \"title\": \"Buckets RAM Used [Metricbeat Couchbase] ECS\", \"type\": \"metrics\"}"
            },
            "id": "e781add0-b9dc-11e9-a579-f5c0a5d81340",
            "migrationVersion": {
                "visualization": "7.3.0"
            },
            "references": [],
            "type": "visualization",
            "updated_at": "2019-08-19T14:26:15.240Z",
            "version": "WzE0NzgsMV0="
        },
        {
            "attributes": {
                "description": "",
                "kibanaSavedObjectMeta": {
                    "searchSourceJSON": "{\"query\": {\"query\": \"\", \"language\": \"kuery\"}, \"filter\": []}"
                },
                "title": "Buckets Disk Used [Metricbeat Couchbase] ECS",
                "uiStateJSON": "{}",
                "version": 1,
                "visState": "{\"aggs\": [], \"params\": {\"show_grid\": 1, \"default_timefield\": \"@timestamp\", \"filter\": {\"query\": \"\", \"language\": \"kuery\"}, \"background_color_rules\": [{\"id\": \"a126b410-b9dd-11e9-aa9d-55aa18f46863\"}], \"gauge_width\": 10, \"gauge_color_rules\": [{\"id\": \"97d88050-b9dd-11e9-aa9d-55aa18f46863\"}], \"gauge_inner_width\": 10, \"time_field\": \"@timestamp\", \"default_index_pattern\": \"metricbeat-*\", \"interval\": \"auto\", \"series\": [{\"fill\": \"0.1\", \"line_width\": \"1\", \"point_size\": 0, \"formatter\": \"bytes\", \"color\": \"rgba(0,98,177,1)\", \"chart_type\": \"line\", \"metrics\": [{\"field\": \"couchbase.bucket.disk.used.bytes\", \"type\": \"max\", \"id\": \"04f7a402-b9dd-11e9-b988-d77f6106a7f0\"}], \"label\": \"Disk Used\", \"terms_field\": \"couchbase.bucket.name\", \"split_mode\": \"terms\", \"separate_axis\": 0, \"axis_position\": \"right\", \"stacked\": \"none\", \"value_template\": \"{{value}}\", \"id\": \"04f7a401-b9dd-11e9-b988-d77f6106a7f0\"}], \"show_legend\": 1, \"bar_color_rules\": [{\"id\": \"9bcf0ee0-b9dd-11e9-aa9d-55aa18f46863\"}], \"type\": \"timeseries\", \"axis_position\": \"left\", \"index_pattern\": \"metricbeat-*\", \"id\": \"04f7a400-b9dd-11e9-b988-d77f6106a7f0\", \"gauge_style\": \"half\", \"axis_formatter\": \"number\", \"axis_scale\": \"normal\"}, \"title\": \"Buckets Disk Used [Metricbeat Couchbase] ECS\", \"type\": \"metrics\"}"
            },
            "id": "c4c81a30-b9dd-11e9-a579-f5c0a5d81340",
            "migrationVersion": {
                "visualization": "7.3.0"
            },
            "references": [],
            "type": "visualization",
            "updated_at": "2019-08-09T09:59:37.672Z",
            "version": "Wzk5NiwxXQ=="
        },
        {
            "attributes": {
                "description": "",
                "kibanaSavedObjectMeta": {
                    "searchSourceJSON": "{\"query\": {\"query\": \"\", \"language\": \"kuery\"}, \"filter\": []}"
                },
                "title": "Node CPU Utilization [Metricbeat Couchbase] ECS",
                "uiStateJSON": "{}",
                "version": 1,
                "visState": "{\"aggs\": [], \"params\": {\"default_timefield\": \"@timestamp\", \"filter\": {\"query\": \"\", \"language\": \"kuery\"}, \"default_index_pattern\": \"metricbeat-*\", \"time_field\": \"@timestamp\", \"series\": [{\"fill\": 0, \"line_width\": 2, \"stacked\": \"none\", \"point_size\": 0, \"formatter\": \"'0.'\", \"color\": \"#3185FC\", \"chart_type\": \"line\", \"metrics\": [{\"field\": \"couchbase.node.cpu_utilization_rate.pct\", \"type\": \"max\", \"id\": \"f6ae7491-b9dd-11e9-a864-6f6fa2fda75a\"}], \"label\": \"CPU Utilization\", \"terms_field\": \"couchbase.node.hostname\", \"split_mode\": \"terms\", \"separate_axis\": 0, \"axis_position\": \"right\", \"split_color_mode\": \"rainbow\", \"value_template\": \"{{value}}%\", \"id\": \"f6ae7490-b9dd-11e9-a864-6f6fa2fda75a\"}], \"show_legend\": 1, \"id\": \"f6ae4d80-b9dd-11e9-a864-6f6fa2fda75a\", \"axis_scale\": \"normal\", \"type\": \"timeseries\", \"axis_position\": \"left\", \"interval\": \"auto\", \"show_grid\": 1, \"axis_formatter\": \"number\", \"index_pattern\": \"metricbeat-*\"}, \"title\": \"Node CPU Utilization [Metricbeat Couchbase] ECS\", \"type\": \"metrics\"}"
            },
            "id": "467c99c0-b9de-11e9-a579-f5c0a5d81340",
            "migrationVersion": {
                "visualization": "7.3.0"
            },
            "references": [],
            "type": "visualization",
            "updated_at": "2019-08-09T10:01:08.255Z",
            "version": "WzEwMzEsMV0="
        },
        {
            "attributes": {
                "description": "",
                "kibanaSavedObjectMeta": {
                    "searchSourceJSON": "{\"query\": {\"query\": \"\", \"language\": \"kuery\"}, \"filter\": []}"
                },
                "title": "Buckets Operations Per Second [Metricbeat Couchbase] ECS",
                "uiStateJSON": "{}",
                "version": 1,
                "visState": "{\"aggs\": [], \"params\": {\"default_timefield\": \"@timestamp\", \"filter\": {\"query\": \"\", \"language\": \"kuery\"}, \"default_index_pattern\": \"metricbeat-*\", \"time_field\": \"@timestamp\", \"series\": [{\"fill\": 0, \"line_width\": 2, \"point_size\": 0, \"formatter\": \"number\", \"color\": \"#3185FC\", \"chart_type\": \"line\", \"metrics\": [{\"field\": \"couchbase.bucket.ops_per_sec\", \"type\": \"max\", \"id\": \"b8a49142-b9db-11e9-bc93-69919d73c9bb\"}], \"label\": \"ops_per_sec\", \"terms_field\": \"couchbase.bucket.name\", \"split_mode\": \"terms\", \"separate_axis\": 0, \"axis_position\": \"right\", \"stacked\": \"none\", \"value_template\": \"{{value}}\", \"id\": \"b8a49141-b9db-11e9-bc93-69919d73c9bb\"}], \"show_legend\": 1, \"id\": \"b8a49140-b9db-11e9-bc93-69919d73c9bb\", \"axis_scale\": \"normal\", \"type\": \"timeseries\", \"axis_position\": \"left\", \"interval\": \"auto\", \"show_grid\": 1, \"axis_formatter\": \"number\", \"index_pattern\": \"metricbeat-*\"}, \"title\": \"Buckets Operations Per Second [Metricbeat Couchbase] ECS\", \"type\": \"metrics\"}"
            },
            "id": "e23a9fe0-b9db-11e9-a579-f5c0a5d81340",
            "migrationVersion": {
                "visualization": "7.3.0"
            },
            "references": [],
            "type": "visualization",
            "updated_at": "2019-08-09T09:58:23.524Z",
            "version": "Wzk3MiwxXQ=="
        },
        {
            "attributes": {
                "description": "",
                "kibanaSavedObjectMeta": {
                    "searchSourceJSON": "{\"query\": {\"query\": \"\", \"language\": \"kuery\"}, \"filter\": []}"
                },
                "title": "Operations per Node [Metricbeat Couchbase] ECS",
                "uiStateJSON": "{}",
                "version": 1,
                "visState": "{\"aggs\": [], \"params\": {\"default_timefield\": \"@timestamp\", \"filter\": {\"query\": \"\", \"language\": \"kuery\"}, \"default_index_pattern\": \"metricbeat-*\", \"time_field\": \"@timestamp\", \"series\": [{\"fill\": \"0.1\", \"line_width\": \"1\", \"point_size\": 0, \"formatter\": \"number\", \"color\": \"rgba(84,141,162,1)\", \"chart_type\": \"line\", \"metrics\": [{\"field\": \"couchbase.node.ops\", \"type\": \"max\", \"id\": \"ec9c42a2-b9df-11e9-8634-0fd532c4482a\"}], \"label\": \"max(couchbase.node.ops)\", \"terms_field\": \"couchbase.node.hostname\", \"split_mode\": \"terms\", \"separate_axis\": 0, \"axis_position\": \"right\", \"stacked\": \"none\", \"value_template\": \"{{value}}\", \"id\": \"ec9c42a1-b9df-11e9-8634-0fd532c4482a\"}], \"show_legend\": 1, \"id\": \"ec9c42a0-b9df-11e9-8634-0fd532c4482a\", \"axis_scale\": \"normal\", \"type\": \"timeseries\", \"axis_position\": \"left\", \"interval\": \"auto\", \"show_grid\": 1, \"axis_formatter\": \"number\", \"index_pattern\": \"metricbeat-*\"}, \"title\": \"Operations per Node [Metricbeat Couchbase] ECS\", \"type\": \"metrics\"}"
            },
            "id": "17a01210-b9e0-11e9-a579-f5c0a5d81340",
            "migrationVersion": {
                "visualization": "7.3.0"
            },
            "references": [],
            "type": "visualization",
            "updated_at": "2019-08-09T10:00:47.340Z",
            "version": "WzEwMjQsMV0="
        },
        {
            "attributes": {
                "description": "",
                "kibanaSavedObjectMeta": {
                    "searchSourceJSON": "{\"query\": {\"query\": \"\", \"language\": \"kuery\"}, \"filter\": []}"
                },
                "title": "Cluster HDD Usage [Metricbeat Couchbase] ECS",
                "uiStateJSON": "{}",
                "version": 1,
                "visState": "{\"aggs\": [], \"params\": {\"show_grid\": 1, \"default_timefield\": \"@timestamp\", \"filter\": {\"query\": \"\", \"language\": \"kuery\"}, \"background_color_rules\": [{\"id\": \"c7abd1d0-b9e0-11e9-8604-efdef550e653\"}], \"gauge_width\": 10, \"gauge_color_rules\": [{\"id\": \"c82f80c0-b9e0-11e9-8604-efdef550e653\"}], \"gauge_inner_width\": 10, \"time_field\": \"@timestamp\", \"default_index_pattern\": \"metricbeat-*\", \"series\": [{\"fill\": \"0.2\", \"line_width\": \"1\", \"stacked\": \"none\", \"point_size\": 0, \"formatter\": \"bytes\", \"color\": \"rgba(67,191,147,1)\", \"chart_type\": \"line\", \"metrics\": [{\"field\": \"couchbase.cluster.hdd.free.bytes\", \"type\": \"max\", \"id\": \"c34f7c92-b9e0-11e9-ab08-bf43409c5a0d\"}], \"label\": \"Free\", \"split_mode\": \"everything\", \"separate_axis\": 0, \"axis_position\": \"right\", \"split_color_mode\": \"gradient\", \"value_template\": \"{{value}}\", \"id\": \"c34f7c91-b9e0-11e9-ab08-bf43409c5a0d\"}, {\"fill\": 0.5, \"line_width\": 1, \"point_size\": \"0\", \"formatter\": \"bytes\", \"color\": \"#68BC00\", \"chart_type\": \"line\", \"metrics\": [{\"field\": \"couchbase.cluster.hdd.used.by_data.bytes\", \"type\": \"max\", \"id\": \"8949ecc1-ba89-11e9-8d4d-f510918c2882\"}], \"label\": \"Data\", \"split_mode\": \"everything\", \"separate_axis\": 0, \"axis_position\": \"right\", \"stacked\": \"none\", \"id\": \"8949ecc0-ba89-11e9-8d4d-f510918c2882\"}, {\"fill\": 0.5, \"line_width\": 1, \"point_size\": \"0\", \"formatter\": \"bytes\", \"color\": \"rgba(0,156,224,1)\", \"chart_type\": \"line\", \"metrics\": [{\"field\": \"couchbase.cluster.hdd.used.value.bytes\", \"type\": \"max\", \"id\": \"ce3d98e1-ba89-11e9-8d4d-f510918c2882\"}], \"label\": \"Cluster\", \"split_mode\": \"everything\", \"separate_axis\": 0, \"axis_position\": \"right\", \"stacked\": \"none\", \"id\": \"ce3d98e0-ba89-11e9-8d4d-f510918c2882\"}, {\"fill\": \"0\", \"line_width\": 1, \"point_size\": \"0\", \"formatter\": \"bytes\", \"color\": \"rgba(159,5,0,1)\", \"chart_type\": \"line\", \"metrics\": [{\"field\": \"couchbase.cluster.hdd.total.bytes\", \"type\": \"max\", \"id\": \"2f4dbb21-ba89-11e9-8d4d-f510918c2882\"}], \"label\": \"Total\", \"split_mode\": \"everything\", \"separate_axis\": 0, \"axis_position\": \"right\", \"stacked\": \"none\", \"id\": \"2f4dbb20-ba89-11e9-8d4d-f510918c2882\"}], \"show_legend\": 1, \"axis_scale\": \"normal\", \"type\": \"timeseries\", \"axis_position\": \"left\", \"interval\": \"auto\", \"index_pattern\": \"metricbeat-*\", \"gauge_style\": \"half\", \"axis_formatter\": \"number\", \"id\": \"c34f7c90-b9e0-11e9-ab08-bf43409c5a0d\"}, \"title\": \"Cluster HDD Usage [Metricbeat Couchbase] ECS\", \"type\": \"metrics\"}"
            },
            "id": "f515f2e0-b9e0-11e9-a579-f5c0a5d81340",
            "migrationVersion": {
                "visualization": "7.3.0"
            },
            "references": [],
            "type": "visualization",
            "updated_at": "2019-08-09T10:00:12.389Z",
            "version": "WzEwMTUsMV0="
        },
        {
            "attributes": {
                "description": "",
                "kibanaSavedObjectMeta": {
                    "searchSourceJSON": "{\"query\": {\"query\": \"\", \"language\": \"kuery\"}, \"filter\": []}"
                },
                "title": "Cluster RAM [Metricbeat Couchbase] ECS",
                "uiStateJSON": "{}",
                "version": 1,
                "visState": "{\"aggs\": [], \"params\": {\"show_grid\": 1, \"default_timefield\": \"@timestamp\", \"filter\": {\"query\": \"\", \"language\": \"kuery\"}, \"default_index_pattern\": \"metricbeat-*\", \"time_field\": \"@timestamp\", \"series\": [{\"fill\": 0, \"line_width\": 2, \"point_size\": 0, \"formatter\": \"bytes\", \"color\": \"rgba(159,5,0,1)\", \"chart_type\": \"line\", \"metrics\": [{\"field\": \"couchbase.cluster.ram.total.bytes\", \"type\": \"max\", \"id\": \"24242702-b9e1-11e9-ab98-51a45917a19d\"}], \"label\": \"Total\", \"split_mode\": \"everything\", \"separate_axis\": 0, \"axis_position\": \"right\", \"stacked\": \"none\", \"value_template\": \"{{value}}\", \"id\": \"24242701-b9e1-11e9-ab98-51a45917a19d\"}, {\"fill\": \"0.2\", \"line_width\": \"1\", \"point_size\": 0, \"formatter\": \"bytes\", \"color\": \"rgba(226,115,0,1)\", \"chart_type\": \"line\", \"metrics\": [{\"field\": \"couchbase.cluster.ram.used.value.bytes\", \"type\": \"max\", \"id\": \"24242704-b9e1-11e9-ab98-51a45917a19d\"}], \"label\": \"Used\", \"split_mode\": \"everything\", \"separate_axis\": 0, \"axis_position\": \"right\", \"stacked\": \"none\", \"value_template\": \"{{value}}\", \"id\": \"24242703-b9e1-11e9-ab98-51a45917a19d\"}], \"show_legend\": 1, \"axis_scale\": \"normal\", \"bar_color_rules\": [{\"id\": \"3afe8650-b9e1-11e9-861c-7f7211bffe38\"}], \"type\": \"timeseries\", \"axis_position\": \"left\", \"interval\": \"auto\", \"id\": \"24242700-b9e1-11e9-ab98-51a45917a19d\", \"axis_formatter\": \"number\", \"index_pattern\": \"metricbeat-*\"}, \"title\": \"Cluster RAM [Metricbeat Couchbase] ECS\", \"type\": \"metrics\"}"
            },
            "id": "7cc8def0-b9e1-11e9-a579-f5c0a5d81340",
            "migrationVersion": {
                "visualization": "7.3.0"
            },
            "references": [],
            "type": "visualization",
            "updated_at": "2019-08-09T09:59:56.912Z",
            "version": "WzEwMDUsMV0="
        },
        {
            "attributes": {
                "description": "",
                "kibanaSavedObjectMeta": {
                    "searchSourceJSON": "{\"query\": {\"query\": \"\", \"language\": \"kuery\"}, \"filter\": []}"
                },
                "title": "Bucket Item Count [Metricbeat Couchbase] ECS",
                "uiStateJSON": "{}",
                "version": 1,
                "visState": "{\"aggs\": [], \"params\": {\"default_timefield\": \"@timestamp\", \"filter\": {\"query\": \"\", \"language\": \"kuery\"}, \"default_index_pattern\": \"metricbeat-*\", \"time_field\": \"@timestamp\", \"series\": [{\"fill\": \"0.1\", \"line_width\": \"1\", \"point_size\": 0, \"formatter\": \"number\", \"color\": \"rgba(252,196,0,1)\", \"chart_type\": \"line\", \"metrics\": [{\"field\": \"couchbase.bucket.item_count\", \"type\": \"max\", \"id\": \"5b94e6a2-b9f2-11e9-9c08-535482acfc9e\"}], \"label\": \"items\", \"terms_field\": \"couchbase.bucket.name\", \"split_mode\": \"terms\", \"separate_axis\": 0, \"axis_position\": \"right\", \"terms_order_by\": \"5b94e6a2-b9f2-11e9-9c08-535482acfc9e\", \"stacked\": \"none\", \"value_template\": \"{{value}}\", \"id\": \"5b94e6a1-b9f2-11e9-9c08-535482acfc9e\"}], \"show_legend\": 1, \"id\": \"5b94e6a0-b9f2-11e9-9c08-535482acfc9e\", \"axis_scale\": \"normal\", \"type\": \"timeseries\", \"axis_position\": \"left\", \"interval\": \"auto\", \"show_grid\": 1, \"axis_formatter\": \"number\", \"index_pattern\": \"metricbeat-*\"}, \"title\": \"Bucket Item Count [Metricbeat Couchbase] ECS\", \"type\": \"metrics\"}"
            },
            "id": "97ee1ea0-b9f2-11e9-a579-f5c0a5d81340",
            "migrationVersion": {
                "visualization": "7.3.0"
            },
            "references": [],
            "type": "visualization",
            "updated_at": "2019-08-09T09:58:47.462Z",
            "version": "Wzk4MCwxXQ=="
        },
        {
            "attributes": {
                "description": "",
                "kibanaSavedObjectMeta": {
                    "searchSourceJSON": "{\"query\": {\"query\": \"\", \"language\": \"kuery\"}, \"filter\": []}"
                },
                "title": "Document Replicas [Metricbeat Couchbase] ECS",
                "uiStateJSON": "{}",
                "version": 1,
                "visState": "{\"aggs\": [], \"params\": {\"default_timefield\": \"@timestamp\", \"filter\": {\"query\": \"\", \"language\": \"kuery\"}, \"default_index_pattern\": \"metricbeat-*\", \"time_field\": \"@timestamp\", \"series\": [{\"fill\": \"0.2\", \"line_width\": \"1\", \"point_size\": 0, \"formatter\": \"number\", \"color\": \"#3185FC\", \"chart_type\": \"line\", \"metrics\": [{\"field\": \"couchbase.node.vb_replica_curr_items\", \"type\": \"max\", \"id\": \"2658bfa2-b9f4-11e9-ac89-cd269ee83e5f\"}], \"label\": \"replicas\", \"terms_field\": \"couchbase.node.hostname\", \"split_mode\": \"terms\", \"separate_axis\": 0, \"axis_position\": \"right\", \"stacked\": \"none\", \"value_template\": \"{{value}}\", \"id\": \"2658bfa1-b9f4-11e9-ac89-cd269ee83e5f\"}], \"show_legend\": 1, \"id\": \"2658bfa0-b9f4-11e9-ac89-cd269ee83e5f\", \"axis_scale\": \"normal\", \"type\": \"timeseries\", \"axis_position\": \"left\", \"interval\": \"auto\", \"show_grid\": 1, \"axis_formatter\": \"number\", \"index_pattern\": \"metricbeat-*\"}, \"title\": \"Document Replicas [Metricbeat Couchbase] ECS\", \"type\": \"metrics\"}"
            },
            "id": "63efced0-b9f4-11e9-a579-f5c0a5d81340",
            "migrationVersion": {
                "visualization": "7.3.0"
            },
            "references": [],
            "type": "visualization",
            "updated_at": "2019-08-09T10:01:57.445Z",
            "version": "WzEwNDgsMV0="
        },
        {
            "attributes": {
                "description": "",
                "kibanaSavedObjectMeta": {
                    "searchSourceJSON": "{\"query\": {\"query\": \"\", \"language\": \"kuery\"}, \"filter\": []}"
                },
                "title": "Disk space used by docs [Metricbeat Couchbase] ECS",
                "uiStateJSON": "{}",
                "version": 1,
                "visState": "{\"aggs\": [], \"params\": {\"default_timefield\": \"@timestamp\", \"filter\": {\"query\": \"\", \"language\": \"kuery\"}, \"default_index_pattern\": \"metricbeat-*\", \"time_field\": \"@timestamp\", \"series\": [{\"fill\": \"0.1\", \"line_width\": \"1\", \"stacked\": \"none\", \"point_size\": 0, \"formatter\": \"bytes\", \"color\": \"rgba(83,167,131,1)\", \"chart_type\": \"line\", \"metrics\": [{\"field\": \"couchbase.node.couch.docs.disk_size.bytes\", \"type\": \"max\", \"id\": \"46d25242-ba8b-11e9-a06c-c5fca4bfd53b\"}], \"label\": \"Docs \", \"terms_field\": \"couchbase.node.hostname\", \"split_mode\": \"terms\", \"separate_axis\": 0, \"axis_position\": \"right\", \"split_color_mode\": \"gradient\", \"value_template\": \"{{value}}\", \"id\": \"46d25241-ba8b-11e9-a06c-c5fca4bfd53b\"}], \"show_legend\": 1, \"id\": \"46d25240-ba8b-11e9-a06c-c5fca4bfd53b\", \"axis_scale\": \"normal\", \"type\": \"timeseries\", \"axis_position\": \"left\", \"interval\": \"auto\", \"show_grid\": 1, \"axis_formatter\": \"number\", \"index_pattern\": \"metricbeat-*\"}, \"title\": \"Disk space used by docs [Metricbeat Couchbase] ECS\", \"type\": \"metrics\"}"
            },
            "id": "99980c90-ba8b-11e9-a579-f5c0a5d81340",
            "migrationVersion": {
                "visualization": "7.3.0"
            },
            "references": [],
            "type": "visualization",
            "updated_at": "2019-08-09T10:15:08.388Z",
            "version": "WzEwNzMsMV0="
        },
        {
            "attributes": {
                "description": "",
                "kibanaSavedObjectMeta": {
                    "searchSourceJSON": "{\"query\": {\"query\": \"\", \"language\": \"kuery\"}, \"filter\": []}"
                },
                "title": "Disk Fetches [Metricbeat Couchbase] ECS",
                "uiStateJSON": "{}",
                "version": 1,
                "visState": "{\"aggs\": [], \"params\": {\"default_timefield\": \"@timestamp\", \"filter\": {\"query\": \"\", \"language\": \"kuery\"}, \"default_index_pattern\": \"metricbeat-*\", \"time_field\": \"@timestamp\", \"series\": [{\"fill\": 0, \"line_width\": 2, \"point_size\": 0, \"formatter\": \"number\", \"color\": \"rgba(176,188,0,1)\", \"chart_type\": \"line\", \"metrics\": [{\"field\": \"couchbase.bucket.disk.fetches\", \"type\": \"max\", \"id\": \"ead970d2-ba8b-11e9-8d1e-992a5619d7be\"}], \"label\": \"Disk Fetches\", \"terms_field\": \"couchbase.bucket.name\", \"split_mode\": \"terms\", \"separate_axis\": 0, \"axis_position\": \"right\", \"stacked\": \"none\", \"value_template\": \"{{value}}\", \"id\": \"ead970d1-ba8b-11e9-8d1e-992a5619d7be\"}], \"show_legend\": 1, \"id\": \"ead970d0-ba8b-11e9-8d1e-992a5619d7be\", \"axis_scale\": \"normal\", \"type\": \"timeseries\", \"axis_position\": \"left\", \"interval\": \"auto\", \"show_grid\": 1, \"axis_formatter\": \"number\", \"index_pattern\": \"metricbeat-*\"}, \"title\": \"Disk Fetches [Metricbeat Couchbase] ECS\", \"type\": \"metrics\"}"
            },
            "id": "19eed0e0-ba8c-11e9-a579-f5c0a5d81340",
            "migrationVersion": {
                "visualization": "7.3.0"
            },
            "references": [],
            "type": "visualization",
            "updated_at": "2019-08-09T09:57:30.478Z",
            "version": "Wzk2NSwxXQ=="
        }
    ],
    "version": "7.3.0"
}