{
    "objects": [
        {
            "attributes": {
                "description": "Overview of VSphere host and cluster metrics",
                "hits": 0,
                "kibanaSavedObjectMeta": {
                    "searchSourceJSON": "{\"query\": {\"query\": \"\", \"language\": \"kuery\"}, \"filter\": []}"
                },
                "optionsJSON": "{\"hidePanelTitles\": false, \"useMargins\": true}",
                "panelsJSON": "[{\"gridData\": {\"y\": 0, \"h\": 15, \"i\": \"5a175530-7b6d-4d40-af46-5c0c518a97bb\", \"w\": 24, \"x\": 0}, \"panelRefName\": \"panel_0\", \"embeddableConfig\": {}, \"panelIndex\": \"5a175530-7b6d-4d40-af46-5c0c518a97bb\", \"version\": \"7.4.0\"}, {\"gridData\": {\"y\": 0, \"h\": 15, \"i\": \"39b334e1-c61e-42c3-8e2f-ac534a19a986\", \"w\": 24, \"x\": 24}, \"panelRefName\": \"panel_1\", \"embeddableConfig\": {}, \"panelIndex\": \"39b334e1-c61e-42c3-8e2f-ac534a19a986\", \"version\": \"7.4.0\"}, {\"gridData\": {\"y\": 15, \"h\": 15, \"i\": \"5eb32eda-4f81-490e-a86f-6fc65ea3892a\", \"w\": 24, \"x\": 0}, \"panelRefName\": \"panel_2\", \"embeddableConfig\": {}, \"panelIndex\": \"5eb32eda-4f81-490e-a86f-6fc65ea3892a\", \"version\": \"7.4.0\"}, {\"gridData\": {\"y\": 30, \"h\": 20, \"i\": \"1c91b931-f2ec-4284-90eb-4b257f6f7904\", \"w\": 48, \"x\": 0}, \"panelRefName\": \"panel_3\", \"embeddableConfig\": {}, \"panelIndex\": \"1c91b931-f2ec-4284-90eb-4b257f6f7904\", \"version\": \"7.4.0\"}, {\"gridData\": {\"y\": 50, \"h\": 18, \"i\": \"712d4e28-54ad-452f-9f00-525764d4850d\", \"w\": 48, \"x\": 0}, \"panelRefName\": \"panel_4\", \"embeddableConfig\": {}, \"panelIndex\": \"712d4e28-54ad-452f-9f00-525764d4850d\", \"version\": \"7.4.0\"}, {\"gridData\": {\"y\": 68, \"h\": 18, \"i\": \"b8b5096a-30e1-4249-b8ca-eb4509b4ba59\", \"w\": 48, \"x\": 0}, \"panelRefName\": \"panel_5\", \"embeddableConfig\": {}, \"panelIndex\": \"b8b5096a-30e1-4249-b8ca-eb4509b4ba59\", \"version\": \"7.4.0\"}, {\"gridData\": {\"y\": 15, \"h\": 15, \"i\": \"e561ff05-9f8f-4412-a2e1-d656cb965e96\", \"w\": 24, \"x\": 24}, \"panelRefName\": \"panel_6\", \"embeddableConfig\": {}, \"panelIndex\": \"e561ff05-9f8f-4412-a2e1-d656cb965e96\", \"version\": \"7.4.0\"}]",
                "timeRestore": false,
                "title": "[Metricbeat VSphere] Hosts Overview ECS",
                "version": 1
            },
            "id": "0ebd0be0-f049-11e9-aaf3-15199b632da7",
            "migrationVersion": {
                "dashboard": "7.3.0"
            },
            "references": [
                {
                    "id": "ab07c5d0-f03f-11e9-aaf3-15199b632da7",
                    "name": "panel_0",
                    "type": "visualization"
                },
                {
                    "id": "47125df0-f040-11e9-aaf3-15199b632da7",
                    "name": "panel_1",
                    "type": "visualization"
                },
                {
                    "id": "783f2c50-f040-11e9-aaf3-15199b632da7",
                    "name": "panel_2",
                    "type": "visualization"
                },
                {
                    "id": "867e0c70-f048-11e9-aaf3-15199b632da7",
                    "name": "panel_3",
                    "type": "visualization"
                },
                {
                    "id": "5f74c330-f048-11e9-aaf3-15199b632da7",
                    "name": "panel_4",
                    "type": "visualization"
                },
                {
                    "id": "79dcd290-f047-11e9-aaf3-15199b632da7",
                    "name": "panel_5",
                    "type": "visualization"
                },
                {
                    "id": "d6370680-f049-11e9-aaf3-15199b632da7",
                    "name": "panel_6",
                    "type": "visualization"
                }
            ],
            "type": "dashboard",
            "updated_at": "2019-10-19T09:21:42.191Z",
            "version": "WzY4NiwxXQ=="
        },
        {
            "attributes": {
                "description": "",
                "kibanaSavedObjectMeta": {
                    "searchSourceJSON": "{\"query\": {\"query\": \"\", \"language\": \"kuery\"}, \"filter\": []}"
                },
                "savedSearchRefName": "search_0",
                "title": "Free vs Used CPU on Cluster stacked [Metricbeat VSphere] ECS",
                "uiStateJSON": "{}",
                "version": 1,
                "visState": "{\"aggs\": [{\"params\": {\"field\": \"vsphere.host.cpu.free.mhz\", \"customLabel\": \"Free\"}, \"schema\": \"metric\", \"enabled\": true, \"type\": \"max\", \"id\": \"1\"}, {\"params\": {\"timeRange\": {\"to\": \"now\", \"from\": \"now-15m\"}, \"drop_partials\": false, \"interval\": \"auto\", \"extended_bounds\": {}, \"field\": \"@timestamp\", \"min_doc_count\": 1, \"useNormalizedEsInterval\": true}, \"schema\": \"segment\", \"enabled\": true, \"type\": \"date_histogram\", \"id\": \"2\"}, {\"params\": {\"field\": \"vsphere.host.cpu.used.mhz\", \"customLabel\": \"Used\"}, \"schema\": \"metric\", \"enabled\": true, \"type\": \"max\", \"id\": \"3\"}], \"params\": {\"type\": \"area\", \"thresholdLine\": {\"style\": \"full\", \"value\": 10, \"show\": false, \"color\": \"#34130C\", \"width\": 1}, \"addLegend\": true, \"dimensions\": {\"y\": [{\"params\": {}, \"accessor\": 1, \"aggType\": \"max\", \"format\": {\"id\": \"number\"}}, {\"params\": {}, \"accessor\": 2, \"aggType\": \"max\", \"format\": {\"id\": \"number\"}}], \"x\": {\"params\": {\"date\": true, \"bounds\": {\"min\": \"2019-10-16T17:49:26.629Z\", \"max\": \"2019-10-16T18:04:26.629Z\"}, \"format\": \"HH:mm:ss\", \"interval\": \"PT30S\"}, \"accessor\": 0, \"aggType\": \"date_histogram\", \"format\": {\"params\": {\"pattern\": \"HH:mm:ss\"}, \"id\": \"date\"}}}, \"categoryAxes\": [{\"style\": {}, \"title\": {}, \"type\": \"category\", \"scale\": {\"type\": \"linear\"}, \"id\": \"CategoryAxis-1\", \"labels\": {\"filter\": true, \"truncate\": 100, \"show\": true}, \"show\": true, \"position\": \"bottom\"}], \"seriesParams\": [{\"data\": {\"label\": \"Free\", \"id\": \"1\"}, \"type\": \"area\", \"interpolate\": \"linear\", \"drawLinesBetweenPoints\": true, \"valueAxis\": \"ValueAxis-1\", \"showCircles\": true, \"show\": \"true\", \"mode\": \"normal\"}, {\"data\": {\"label\": \"Used\", \"id\": \"3\"}, \"type\": \"area\", \"interpolate\": \"linear\", \"drawLinesBetweenPoints\": true, \"valueAxis\": \"ValueAxis-1\", \"showCircles\": true, \"show\": true, \"mode\": \"stacked\"}], \"grid\": {\"categoryLines\": false}, \"valueAxes\": [{\"style\": {}, \"name\": \"LeftAxis-1\", \"type\": \"value\", \"scale\": {\"type\": \"linear\", \"mode\": \"normal\"}, \"id\": \"ValueAxis-1\", \"title\": {\"text\": \"Free\"}, \"labels\": {\"rotate\": 0, \"filter\": false, \"truncate\": 100, \"show\": true}, \"show\": true, \"position\": \"left\"}], \"addTooltip\": true, \"times\": [], \"labels\": {}, \"legendPosition\": \"right\", \"addTimeMarker\": false}, \"title\": \"Free vs Used CPU on Cluster stacked [Metricbeat VSphere] ECS\", \"type\": \"area\"}"
            },
            "id": "ab07c5d0-f03f-11e9-aaf3-15199b632da7",
            "migrationVersion": {
                "visualization": "7.3.1"
            },
            "references": [
                {
                    "id": "1411b690-f017-11e9-aaf3-15199b632da7",
                    "name": "search_0",
                    "type": "search"
                }
            ],
            "type": "visualization",
            "updated_at": "2019-10-19T09:14:27.107Z",
            "version": "WzMwNywxXQ=="
        },
        {
            "attributes": {
                "description": "",
                "kibanaSavedObjectMeta": {
                    "searchSourceJSON": "{\"query\": {\"query\": \"\", \"language\": \"kuery\"}, \"filter\": []}"
                },
                "savedSearchRefName": "search_0",
                "title": "Cluster Memory free vs used stacked [Metricbeat VSphere] ECS",
                "uiStateJSON": "{}",
                "version": 1,
                "visState": "{\"aggs\": [{\"params\": {\"field\": \"vsphere.host.memory.used.bytes\", \"customLabel\": \"Used\"}, \"schema\": \"metric\", \"enabled\": true, \"type\": \"max\", \"id\": \"2\"}, {\"params\": {\"timeRange\": {\"to\": \"now\", \"from\": \"now-15m\"}, \"drop_partials\": false, \"interval\": \"auto\", \"extended_bounds\": {}, \"field\": \"@timestamp\", \"min_doc_count\": 1, \"useNormalizedEsInterval\": true}, \"schema\": \"segment\", \"enabled\": true, \"type\": \"date_histogram\", \"id\": \"3\"}, {\"params\": {\"field\": \"vsphere.host.memory.free.bytes\", \"customLabel\": \"Free\"}, \"schema\": \"metric\", \"enabled\": true, \"type\": \"max\", \"id\": \"1\"}], \"params\": {\"type\": \"area\", \"thresholdLine\": {\"style\": \"full\", \"value\": 10, \"show\": false, \"color\": \"#34130C\", \"width\": 1}, \"addLegend\": true, \"dimensions\": {\"y\": [{\"params\": {}, \"accessor\": 1, \"aggType\": \"max\", \"format\": {\"id\": \"bytes\"}}, {\"params\": {}, \"accessor\": 2, \"aggType\": \"max\", \"format\": {\"id\": \"bytes\"}}], \"x\": {\"params\": {\"date\": true, \"bounds\": {\"min\": \"2019-10-16T17:55:00.451Z\", \"max\": \"2019-10-16T18:10:00.451Z\"}, \"format\": \"HH:mm:ss\", \"interval\": \"PT30S\"}, \"accessor\": 0, \"aggType\": \"date_histogram\", \"format\": {\"params\": {\"pattern\": \"HH:mm:ss\"}, \"id\": \"date\"}}}, \"categoryAxes\": [{\"style\": {}, \"title\": {}, \"type\": \"category\", \"scale\": {\"type\": \"linear\"}, \"id\": \"CategoryAxis-1\", \"labels\": {\"filter\": true, \"truncate\": 100, \"show\": true}, \"show\": true, \"position\": \"bottom\"}], \"seriesParams\": [{\"data\": {\"label\": \"Used\", \"id\": \"2\"}, \"type\": \"area\", \"interpolate\": \"cardinal\", \"drawLinesBetweenPoints\": true, \"valueAxis\": \"ValueAxis-1\", \"showCircles\": true, \"show\": true, \"mode\": \"stacked\"}, {\"data\": {\"label\": \"Free\", \"id\": \"1\"}, \"type\": \"area\", \"interpolate\": \"cardinal\", \"drawLinesBetweenPoints\": true, \"valueAxis\": \"ValueAxis-1\", \"showCircles\": true, \"show\": \"true\", \"mode\": \"stacked\"}], \"grid\": {\"categoryLines\": false}, \"valueAxes\": [{\"style\": {}, \"name\": \"LeftAxis-1\", \"type\": \"value\", \"scale\": {\"type\": \"linear\", \"mode\": \"normal\"}, \"id\": \"ValueAxis-1\", \"title\": {\"text\": \"\"}, \"labels\": {\"rotate\": 0, \"filter\": false, \"truncate\": 100, \"show\": true}, \"show\": true, \"position\": \"left\"}], \"addTooltip\": true, \"times\": [], \"labels\": {}, \"legendPosition\": \"right\", \"addTimeMarker\": false}, \"title\": \"Cluster Memory free vs used stacked [Metricbeat VSphere] ECS\", \"type\": \"area\"}"
            },
            "id": "47125df0-f040-11e9-aaf3-15199b632da7",
            "migrationVersion": {
                "visualization": "7.3.1"
            },
            "references": [
                {
                    "id": "1411b690-f017-11e9-aaf3-15199b632da7",
                    "name": "search_0",
                    "type": "search"
                }
            ],
            "type": "visualization",
            "updated_at": "2019-10-19T09:14:27.107Z",
            "version": "WzMwOCwxXQ=="
        },
        {
            "attributes": {
                "description": "",
                "kibanaSavedObjectMeta": {
                    "searchSourceJSON": "{\"query\": {\"query\": \"\", \"language\": \"kuery\"}, \"filter\": []}"
                },
                "savedSearchRefName": "search_0",
                "title": "Free vs Used Datastore [Metricbeat VSphere] ECS",
                "uiStateJSON": "{}",
                "version": 1,
                "visState": "{\"aggs\": [{\"params\": {\"field\": \"vsphere.datastore.capacity.used.bytes\", \"customLabel\": \"Used\"}, \"schema\": \"metric\", \"enabled\": true, \"type\": \"max\", \"id\": \"2\"}, {\"params\": {\"timeRange\": {\"to\": \"now\", \"from\": \"now-15m\"}, \"drop_partials\": false, \"interval\": \"auto\", \"extended_bounds\": {}, \"field\": \"@timestamp\", \"min_doc_count\": 1, \"useNormalizedEsInterval\": true}, \"schema\": \"segment\", \"enabled\": true, \"type\": \"date_histogram\", \"id\": \"3\"}, {\"params\": {\"field\": \"vsphere.datastore.capacity.free.bytes\", \"customLabel\": \"Free\"}, \"schema\": \"metric\", \"enabled\": true, \"type\": \"max\", \"id\": \"1\"}], \"params\": {\"type\": \"area\", \"thresholdLine\": {\"style\": \"full\", \"value\": 10, \"show\": false, \"color\": \"#34130C\", \"width\": 1}, \"addLegend\": true, \"dimensions\": {\"y\": [{\"params\": {}, \"accessor\": 1, \"aggType\": \"max\", \"format\": {\"id\": \"bytes\"}}, {\"params\": {}, \"accessor\": 2, \"aggType\": \"max\", \"format\": {\"id\": \"bytes\"}}], \"x\": {\"params\": {\"date\": true, \"bounds\": {\"min\": \"2019-10-16T17:56:40.605Z\", \"max\": \"2019-10-16T18:11:40.605Z\"}, \"format\": \"HH:mm:ss\", \"interval\": \"PT30S\"}, \"accessor\": 0, \"aggType\": \"date_histogram\", \"format\": {\"params\": {\"pattern\": \"HH:mm:ss\"}, \"id\": \"date\"}}}, \"categoryAxes\": [{\"style\": {}, \"title\": {}, \"type\": \"category\", \"scale\": {\"type\": \"linear\"}, \"id\": \"CategoryAxis-1\", \"labels\": {\"filter\": true, \"truncate\": 100, \"show\": true}, \"show\": true, \"position\": \"bottom\"}], \"seriesParams\": [{\"data\": {\"label\": \"Used\", \"id\": \"2\"}, \"type\": \"area\", \"interpolate\": \"linear\", \"drawLinesBetweenPoints\": true, \"valueAxis\": \"ValueAxis-1\", \"showCircles\": true, \"show\": true, \"mode\": \"stacked\"}, {\"data\": {\"label\": \"Free\", \"id\": \"1\"}, \"type\": \"area\", \"interpolate\": \"linear\", \"drawLinesBetweenPoints\": true, \"valueAxis\": \"ValueAxis-1\", \"showCircles\": true, \"show\": \"true\", \"mode\": \"stacked\"}], \"grid\": {\"categoryLines\": false}, \"valueAxes\": [{\"style\": {}, \"name\": \"LeftAxis-1\", \"type\": \"value\", \"scale\": {\"type\": \"linear\", \"mode\": \"normal\"}, \"id\": \"ValueAxis-1\", \"title\": {\"text\": \"Free\"}, \"labels\": {\"rotate\": 0, \"filter\": false, \"truncate\": 100, \"show\": true}, \"show\": true, \"position\": \"left\"}], \"addTooltip\": true, \"times\": [], \"labels\": {}, \"legendPosition\": \"right\", \"addTimeMarker\": false}, \"title\": \"Free vs Used Datastore [Metricbeat VSphere] ECS\", \"type\": \"area\"}"
            },
            "id": "783f2c50-f040-11e9-aaf3-15199b632da7",
            "migrationVersion": {
                "visualization": "7.3.1"
            },
            "references": [
                {
                    "id": "1411b690-f017-11e9-aaf3-15199b632da7",
                    "name": "search_0",
                    "type": "search"
                }
            ],
            "type": "visualization",
            "updated_at": "2019-10-19T09:14:27.107Z",
            "version": "WzMwOSwxXQ=="
        },
        {
            "attributes": {
                "description": "",
                "kibanaSavedObjectMeta": {
                    "searchSourceJSON": "{\"query\": {\"query\": \"\", \"language\": \"kuery\"}, \"filter\": []}"
                },
                "title": "Host top RAM util [Metricbeat VSphere] ECS",
                "uiStateJSON": "{}",
                "version": 1,
                "visState": "{\"aggs\": [], \"params\": {\"default_timefield\": \"@timestamp\", \"series\": [{\"fill\": 0.5, \"line_width\": 1, \"filter\": {\"query\": \"\", \"language\": \"kuery\"}, \"point_size\": 1, \"formatter\": \"percent\", \"chart_type\": \"line\", \"separate_axis\": 0, \"metrics\": [{\"field\": \"vsphere.host.memory.total.bytes\", \"type\": \"max\", \"id\": \"61ca57f2-469d-11e7-af02-69e470af7417\"}, {\"field\": \"vsphere.host.memory.free.bytes\", \"type\": \"max\", \"id\": \"51de05c0-f047-11e9-8ffe-6377df51c23d\"}, {\"variables\": [{\"name\": \"total\", \"field\": \"61ca57f2-469d-11e7-af02-69e470af7417\", \"id\": \"5fadf110-f047-11e9-8ffe-6377df51c23d\"}, {\"name\": \"used\", \"field\": \"51de05c0-f047-11e9-8ffe-6377df51c23d\", \"id\": \"61c84590-f047-11e9-8ffe-6377df51c23d\"}], \"type\": \"calculation\", \"script\": \"params.used / params.total\", \"id\": \"5e69b140-f047-11e9-8ffe-6377df51c23d\"}], \"label\": \"\", \"terms_field\": \"vsphere.host.name\", \"split_mode\": \"terms\", \"color\": \"rgba(59,244,64,1)\", \"axis_position\": \"right\", \"terms_order_by\": \"51de05c0-f047-11e9-8ffe-6377df51c23d\", \"stacked\": \"none\", \"id\": \"61ca57f1-469d-11e7-af02-69e470af7417\"}], \"time_field\": \"\", \"show_legend\": 1, \"type\": \"gauge\", \"axis_position\": \"left\", \"interval\": \"\", \"show_grid\": 1, \"gauge_width\": 10, \"filter\": {\"query\": \"event.module : \\\"vsphere\\\" \", \"language\": \"kuery\"}, \"ignore_global_filter\": 0, \"gauge_color_rules\": [{\"operator\": \"gt\", \"gauge\": \"rgba(252,220,0,1)\", \"value\": 0.35, \"id\": \"3e4e64a0-f047-11e9-8ffe-6377df51c23d\"}, {\"operator\": \"gte\", \"gauge\": \"rgba(251,158,0,1)\", \"value\": 0.7, \"id\": \"8e4a5090-f047-11e9-8ffe-6377df51c23d\"}, {\"operator\": \"gte\", \"gauge\": \"rgba(159,5,0,1)\", \"value\": 0.95, \"text\": null, \"id\": \"93d7d2d0-f047-11e9-8ffe-6377df51c23d\"}], \"gauge_inner_width\": 10, \"background_color\": null, \"default_index_pattern\": \"metricbeat-*\", \"isModelInvalid\": false, \"axis_scale\": \"normal\", \"gauge_max\": \"1\", \"id\": \"61ca57f0-469d-11e7-af02-69e470af7417\", \"gauge_style\": \"half\", \"axis_formatter\": \"number\", \"index_pattern\": \"metricbeat-*\"}, \"title\": \"Host top RAM util [Metricbeat VSphere] ECS\", \"type\": \"metrics\"}"
            },
            "id": "867e0c70-f048-11e9-aaf3-15199b632da7",
            "migrationVersion": {
                "visualization": "7.3.1"
            },
            "references": [],
            "type": "visualization",
            "updated_at": "2019-10-19T09:14:27.107Z",
            "version": "WzMxMCwxXQ=="
        },
        {
            "attributes": {
                "description": "",
                "kibanaSavedObjectMeta": {
                    "searchSourceJSON": "{\"query\": {\"query\": \"\", \"language\": \"kuery\"}, \"filter\": []}"
                },
                "title": "Host top CPU util [Metricbeat VSphere] ECS",
                "uiStateJSON": "{}",
                "version": 1,
                "visState": "{\"aggs\": [], \"params\": {\"default_timefield\": \"@timestamp\", \"series\": [{\"fill\": 0.5, \"line_width\": 1, \"filter\": {\"query\": \"\", \"language\": \"kuery\"}, \"point_size\": 1, \"formatter\": \"percent\", \"chart_type\": \"line\", \"separate_axis\": 0, \"metrics\": [{\"field\": \"vsphere.host.cpu.total.mhz\", \"type\": \"max\", \"id\": \"61ca57f2-469d-11e7-af02-69e470af7417\"}, {\"field\": \"vsphere.host.cpu.used.mhz\", \"type\": \"max\", \"id\": \"51de05c0-f047-11e9-8ffe-6377df51c23d\"}, {\"variables\": [{\"name\": \"total\", \"field\": \"61ca57f2-469d-11e7-af02-69e470af7417\", \"id\": \"5fadf110-f047-11e9-8ffe-6377df51c23d\"}, {\"name\": \"used\", \"field\": \"51de05c0-f047-11e9-8ffe-6377df51c23d\", \"id\": \"61c84590-f047-11e9-8ffe-6377df51c23d\"}], \"type\": \"calculation\", \"script\": \"params.used / params.total\", \"id\": \"5e69b140-f047-11e9-8ffe-6377df51c23d\"}], \"label\": \"\", \"terms_field\": \"vsphere.host.name\", \"split_mode\": \"terms\", \"color\": \"rgba(59,244,64,1)\", \"axis_position\": \"right\", \"terms_order_by\": \"51de05c0-f047-11e9-8ffe-6377df51c23d\", \"stacked\": \"none\", \"id\": \"61ca57f1-469d-11e7-af02-69e470af7417\"}], \"time_field\": \"\", \"show_legend\": 1, \"type\": \"gauge\", \"axis_position\": \"left\", \"interval\": \"\", \"show_grid\": 1, \"gauge_width\": 10, \"filter\": {\"query\": \"event.module : \\\"vsphere\\\" \", \"language\": \"kuery\"}, \"ignore_global_filter\": 0, \"gauge_color_rules\": [{\"operator\": \"gt\", \"gauge\": \"rgba(252,220,0,1)\", \"value\": 0.35, \"id\": \"3e4e64a0-f047-11e9-8ffe-6377df51c23d\"}, {\"operator\": \"gte\", \"gauge\": \"rgba(251,158,0,1)\", \"value\": 0.7, \"id\": \"8e4a5090-f047-11e9-8ffe-6377df51c23d\"}, {\"operator\": \"gte\", \"gauge\": \"rgba(159,5,0,1)\", \"value\": 0.95, \"text\": null, \"id\": \"93d7d2d0-f047-11e9-8ffe-6377df51c23d\"}], \"gauge_inner_width\": 10, \"background_color\": null, \"default_index_pattern\": \"metricbeat-*\", \"isModelInvalid\": false, \"axis_scale\": \"normal\", \"gauge_max\": \"1\", \"id\": \"61ca57f0-469d-11e7-af02-69e470af7417\", \"gauge_style\": \"half\", \"axis_formatter\": \"number\", \"index_pattern\": \"metricbeat-*\"}, \"title\": \"Host top CPU util [Metricbeat VSphere] ECS\", \"type\": \"metrics\"}"
            },
            "id": "5f74c330-f048-11e9-aaf3-15199b632da7",
            "migrationVersion": {
                "visualization": "7.3.1"
            },
            "references": [],
            "type": "visualization",
            "updated_at": "2019-10-19T09:14:27.107Z",
            "version": "WzMxMSwxXQ=="
        },
        {
            "attributes": {
                "description": "",
                "kibanaSavedObjectMeta": {
                    "searchSourceJSON": "{\"query\": {\"query\": \"\", \"language\": \"kuery\"}, \"filter\": []}"
                },
                "title": "Top Datastore Used [Metricbeat VSphere] ECS",
                "uiStateJSON": "{}",
                "version": 1,
                "visState": "{\"aggs\": [], \"params\": {\"default_timefield\": \"@timestamp\", \"series\": [{\"fill\": 0.5, \"line_width\": 1, \"filter\": {\"query\": \"\", \"language\": \"kuery\"}, \"point_size\": 1, \"formatter\": \"percent\", \"chart_type\": \"line\", \"separate_axis\": 0, \"metrics\": [{\"field\": \"vsphere.datastore.capacity.total.bytes\", \"type\": \"max\", \"id\": \"61ca57f2-469d-11e7-af02-69e470af7417\"}, {\"field\": \"vsphere.datastore.capacity.used.bytes\", \"type\": \"max\", \"id\": \"51de05c0-f047-11e9-8ffe-6377df51c23d\"}, {\"field\": \"vsphere.datastore.capacity.used.pct\", \"type\": \"max\", \"id\": \"5aec7160-f047-11e9-8ffe-6377df51c23d\"}, {\"variables\": [{\"name\": \"total\", \"field\": \"61ca57f2-469d-11e7-af02-69e470af7417\", \"id\": \"5fadf110-f047-11e9-8ffe-6377df51c23d\"}, {\"name\": \"used\", \"field\": \"51de05c0-f047-11e9-8ffe-6377df51c23d\", \"id\": \"61c84590-f047-11e9-8ffe-6377df51c23d\"}], \"type\": \"calculation\", \"script\": \"params.used / params.total\", \"id\": \"5e69b140-f047-11e9-8ffe-6377df51c23d\"}], \"label\": \"\", \"terms_field\": \"vsphere.datastore.name\", \"split_mode\": \"terms\", \"color\": \"rgba(59,244,64,1)\", \"axis_position\": \"right\", \"terms_order_by\": \"5aec7160-f047-11e9-8ffe-6377df51c23d\", \"stacked\": \"none\", \"id\": \"61ca57f1-469d-11e7-af02-69e470af7417\"}], \"time_field\": \"\", \"show_legend\": 1, \"type\": \"gauge\", \"axis_position\": \"left\", \"interval\": \"\", \"show_grid\": 1, \"gauge_width\": 10, \"filter\": {\"query\": \"event.module : \\\"vsphere\\\" \", \"language\": \"kuery\"}, \"ignore_global_filter\": 0, \"gauge_color_rules\": [{\"operator\": \"gt\", \"gauge\": \"rgba(252,220,0,1)\", \"value\": 0.35, \"id\": \"3e4e64a0-f047-11e9-8ffe-6377df51c23d\"}, {\"operator\": \"gte\", \"gauge\": \"rgba(251,158,0,1)\", \"value\": 0.7, \"id\": \"8e4a5090-f047-11e9-8ffe-6377df51c23d\"}, {\"operator\": \"gte\", \"gauge\": \"rgba(159,5,0,1)\", \"value\": 0.95, \"text\": null, \"id\": \"93d7d2d0-f047-11e9-8ffe-6377df51c23d\"}], \"gauge_inner_width\": 10, \"background_color\": null, \"default_index_pattern\": \"metricbeat-*\", \"isModelInvalid\": false, \"axis_scale\": \"normal\", \"gauge_max\": \"1\", \"id\": \"61ca57f0-469d-11e7-af02-69e470af7417\", \"gauge_style\": \"half\", \"axis_formatter\": \"number\", \"index_pattern\": \"metricbeat-*\"}, \"title\": \"Top Datastore Used [Metricbeat VSphere] ECS\", \"type\": \"metrics\"}"
            },
            "id": "79dcd290-f047-11e9-aaf3-15199b632da7",
            "migrationVersion": {
                "visualization": "7.3.1"
            },
            "references": [],
            "type": "visualization",
            "updated_at": "2019-10-19T09:14:27.107Z",
            "version": "WzMxMiwxXQ=="
        },
        {
            "attributes": {
                "description": "",
                "kibanaSavedObjectMeta": {
                    "searchSourceJSON": "{\"query\": {\"query\": \"\", \"language\": \"kuery\"}, \"filter\": []}"
                },
                "savedSearchRefName": "search_0",
                "title": "Datastore Types [Metricbeat VSphere] ECS",
                "uiStateJSON": "{}",
                "version": 1,
                "visState": "{\"aggs\": [{\"params\": {}, \"schema\": \"metric\", \"enabled\": true, \"type\": \"count\", \"id\": \"1\"}, {\"params\": {\"size\": 5, \"missingBucket\": false, \"otherBucketLabel\": \"Other\", \"otherBucket\": false, \"orderBy\": \"1\", \"order\": \"desc\", \"field\": \"vsphere.datastore.fstype\", \"missingBucketLabel\": \"Missing\"}, \"schema\": \"segment\", \"enabled\": true, \"type\": \"terms\", \"id\": \"2\"}], \"params\": {\"legendPosition\": \"right\", \"type\": \"pie\", \"addTooltip\": true, \"isDonut\": true, \"labels\": {\"values\": true, \"last_level\": true, \"truncate\": 100, \"show\": false}, \"dimensions\": {\"metric\": {\"params\": {}, \"accessor\": 0, \"aggType\": \"count\", \"format\": {\"id\": \"number\"}}}, \"addLegend\": true}, \"title\": \"Datastore types [Metricbeat VSphere] ECS\", \"type\": \"pie\"}"
            },
            "id": "d6370680-f049-11e9-aaf3-15199b632da7",
            "migrationVersion": {
                "visualization": "7.3.1"
            },
            "references": [
                {
                    "id": "1411b690-f017-11e9-aaf3-15199b632da7",
                    "name": "search_0",
                    "type": "search"
                }
            ],
            "type": "visualization",
            "updated_at": "2019-10-19T09:14:27.107Z",
            "version": "WzMxMywxXQ=="
        },
        {
            "attributes": {
                "columns": [
                    "_source"
                ],
                "description": "",
                "hits": 0,
                "kibanaSavedObjectMeta": {
                    "searchSourceJSON": "{\"query\": {\"query\": \"event.module: \\\"vsphere\\\" \", \"language\": \"kuery\"}, \"filter\": [], \"version\": true, \"highlightAll\": true, \"indexRefName\": \"kibanaSavedObjectMeta.searchSourceJSON.index\"}"
                },
                "sort": [
                    [
                        "@timestamp",
                        "desc"
                    ]
                ],
                "title": "search for event module vsphere [Metricbeat VSphere] ECS",
                "version": 1
            },
            "id": "1411b690-f017-11e9-aaf3-15199b632da7",
            "migrationVersion": {
                "search": "7.4.0"
            },
            "references": [
                {
                    "id": "metricbeat-*",
                    "name": "kibanaSavedObjectMeta.searchSourceJSON.index",
                    "type": "index-pattern"
                }
            ],
            "type": "search",
            "updated_at": "2019-10-19T09:14:27.107Z",
            "version": "WzMwNiwxXQ=="
        }
    ],
    "version": "7.4.0"
}