{
    "objects": [
        {
            "attributes": {
                "description": "",
                "kibanaSavedObjectMeta": {
                    "searchSourceJSON": "{\"query\": {\"query\": \"\", \"language\": \"kuery\"}, \"filter\": [], \"index\": \"metricbeat-*\"}"
                },
                "title": "Subscriptions Info [Metricbeat NATS] ECS",
                "uiStateJSON": "{\"vis\": {\"params\": {\"sort\": {\"direction\": null, \"columnIndex\": null}}}}",
                "version": 1,
                "visState": "{\"aggs\": [{\"params\": {\"field\": \"nats.subscriptions.cache.fanout.avg\", \"customLabel\": \"Cache Fanout Avg\"}, \"schema\": \"metric\", \"enabled\": true, \"type\": \"avg\", \"id\": \"1\"}, {\"params\": {\"field\": \"nats.subscriptions.cache.fanout.max\", \"customLabel\": \"Cache Fanout Max\"}, \"schema\": \"metric\", \"enabled\": true, \"type\": \"avg\", \"id\": \"2\"}, {\"params\": {\"field\": \"nats.subscriptions.cache.hit_rate\", \"customLabel\": \"Cache Hit Rate\"}, \"schema\": \"metric\", \"enabled\": true, \"type\": \"avg\", \"id\": \"3\"}, {\"params\": {\"field\": \"nats.subscriptions.cache.size\", \"customLabel\": \"Cache Size\"}, \"schema\": \"metric\", \"enabled\": true, \"type\": \"avg\", \"id\": \"4\"}, {\"params\": {\"field\": \"nats.subscriptions.inserts\", \"customLabel\": \"Inserts\"}, \"schema\": \"metric\", \"enabled\": true, \"type\": \"avg\", \"id\": \"5\"}, {\"params\": {\"field\": \"nats.subscriptions.matches\", \"customLabel\": \"Matches\"}, \"schema\": \"metric\", \"enabled\": true, \"type\": \"avg\", \"id\": \"6\"}, {\"params\": {\"field\": \"nats.subscriptions.removes\", \"customLabel\": \"Removes\"}, \"schema\": \"metric\", \"enabled\": true, \"type\": \"avg\", \"id\": \"7\"}, {\"params\": {\"field\": \"nats.subscriptions.total\", \"customLabel\": \"Total\"}, \"schema\": \"metric\", \"enabled\": true, \"type\": \"avg\", \"id\": \"8\"}], \"params\": {\"perPage\": 1, \"showMetricsAtAllLevels\": false, \"showPartialRows\": false, \"showMeticsAtAllLevels\": false, \"showTotal\": false, \"totalFunc\": \"sum\", \"sort\": {\"direction\": null, \"columnIndex\": null}}, \"title\": \"Subscriptions Info [Metricbeat NATS] ECS\", \"type\": \"table\"}"
            },
            "id": "b129b220-1e44-11e9-a1b4-79a7ae42ab61-ecs",
            "type": "visualization",
            "updated_at": "2019-01-24T07:54:30.301Z",
            "version": 3
        },
        {
            "attributes": {
                "description": "",
                "kibanaSavedObjectMeta": {
                    "searchSourceJSON": "{\"query\": {\"query\": \"\", \"language\": \"kuery\"}, \"filter\": [], \"index\": \"metricbeat-*\"}"
                },
                "title": "Current Memory Usage [Metricbeat NATS] ECS",
                "uiStateJSON": "{}",
                "version": 1,
                "visState": "{\"aggs\": [{\"params\": {\"field\": \"nats.stats.mem.bytes\", \"customLabel\": \"Memory (Bytes)\"}, \"schema\": \"metric\", \"enabled\": true, \"type\": \"avg\", \"id\": \"1\"}], \"params\": {\"addTooltip\": true, \"metric\": {\"percentageMode\": false, \"style\": {\"subText\": \"\", \"labelColor\": false, \"bgFill\": \"#000\", \"bgColor\": false, \"fontSize\": 42}, \"metricColorMode\": \"None\", \"useRanges\": false, \"colorsRange\": [{\"to\": 10000, \"from\": 0}], \"colorSchema\": \"Green to Red\", \"labels\": {\"show\": true}, \"invertColors\": false}, \"type\": \"metric\", \"addLegend\": false}, \"title\": \"Current Memory Usage [Metricbeat NATS] ECS\", \"type\": \"metric\"}"
            },
            "id": "30a61c00-1e45-11e9-a1b4-79a7ae42ab61-ecs",
            "type": "visualization",
            "updated_at": "2019-01-24T07:56:32.097Z",
            "version": 4
        },
        {
            "attributes": {
                "description": "",
                "kibanaSavedObjectMeta": {
                    "searchSourceJSON": "{\"query\": {\"query\": \"\", \"language\": \"kuery\"}, \"filter\": [], \"index\": \"metricbeat-*\"}"
                },
                "title": "Server Uptime [Metricbeat NATS] ECS",
                "uiStateJSON": "{}",
                "version": 1,
                "visState": "{\"aggs\": [{\"params\": {\"field\": \"nats.stats.uptime\", \"customLabel\": \"Server Uptime\"}, \"schema\": \"metric\", \"enabled\": true, \"type\": \"avg\", \"id\": \"1\"}], \"params\": {\"addTooltip\": true, \"metric\": {\"percentageMode\": false, \"style\": {\"subText\": \"\", \"labelColor\": false, \"bgFill\": \"#000\", \"bgColor\": false, \"fontSize\": 42}, \"metricColorMode\": \"None\", \"useRanges\": false, \"colorsRange\": [{\"to\": 10000, \"from\": 0}], \"colorSchema\": \"Green to Red\", \"labels\": {\"show\": true}, \"invertColors\": false}, \"type\": \"metric\", \"addLegend\": false}, \"title\": \"Server Uptime [Metricbeat NATS] ECS\", \"type\": \"metric\"}"
            },
            "id": "206f1bc0-1e45-11e9-a1b4-79a7ae42ab61-ecs",
            "type": "visualization",
            "updated_at": "2019-01-24T07:57:04.084Z",
            "version": 4
        },
        {
            "attributes": {
                "description": "",
                "kibanaSavedObjectMeta": {
                    "searchSourceJSON": "{\"query\": {\"query\": \"\", \"language\": \"kuery\"}, \"filter\": [], \"index\": \"metricbeat-*\"}"
                },
                "title": "Total Connections [Metricbeat NATS] ECS",
                "uiStateJSON": "{}",
                "version": 1,
                "visState": "{\"aggs\": [{\"params\": {\"field\": \"nats.stats.total_connections\", \"customLabel\": \"Total Connections\"}, \"schema\": \"metric\", \"enabled\": true, \"type\": \"avg\", \"id\": \"1\"}], \"params\": {\"addTooltip\": true, \"metric\": {\"percentageMode\": false, \"style\": {\"subText\": \"\", \"labelColor\": false, \"bgFill\": \"#000\", \"bgColor\": false, \"fontSize\": 42}, \"metricColorMode\": \"None\", \"useRanges\": false, \"colorsRange\": [{\"to\": 10000, \"from\": 0}], \"colorSchema\": \"Green to Red\", \"labels\": {\"show\": true}, \"invertColors\": false}, \"type\": \"metric\", \"addLegend\": false}, \"title\": \"Total Connections [Metricbeat NATS] ECS\", \"type\": \"metric\"}"
            },
            "id": "4c380ff0-1e45-11e9-a1b4-79a7ae42ab61-ecs",
            "type": "visualization",
            "updated_at": "2019-01-24T07:57:32.006Z",
            "version": 4
        },
        {
            "attributes": {
                "description": "",
                "kibanaSavedObjectMeta": {
                    "searchSourceJSON": "{\"query\": {\"query\": \"\", \"language\": \"kuery\"}, \"filter\": [], \"index\": \"metricbeat-*\"}"
                },
                "title": "Remotes-Subsz-Connz-Routez Timeline [Metricbeat NATS] ECS",
                "uiStateJSON": "{}",
                "version": 1,
                "visState": "{\"aggs\": [{\"params\": {\"field\": \"nats.connections.total\", \"customLabel\": \"Connections\"}, \"schema\": \"metric\", \"enabled\": true, \"type\": \"avg\", \"id\": \"1\"}, {\"params\": {\"customInterval\": \"2h\", \"interval\": \"auto\", \"extended_bounds\": {}, \"field\": \"@timestamp\", \"min_doc_count\": 1}, \"schema\": \"segment\", \"enabled\": true, \"type\": \"date_histogram\", \"id\": \"2\"}, {\"params\": {\"field\": \"nats.routes.total\", \"customLabel\": \"Routes\"}, \"schema\": \"metric\", \"enabled\": true, \"type\": \"avg\", \"id\": \"3\"}, {\"params\": {\"field\": \"nats.stats.remotes\", \"customLabel\": \"Remotes\"}, \"schema\": \"metric\", \"enabled\": true, \"type\": \"avg\", \"id\": \"4\"}, {\"params\": {\"field\": \"nats.subscriptions.total\", \"customLabel\": \"Subscriptions\"}, \"schema\": \"metric\", \"enabled\": true, \"type\": \"avg\", \"id\": \"5\"}], \"params\": {\"categoryAxes\": [{\"style\": {}, \"title\": {}, \"type\": \"category\", \"scale\": {\"type\": \"linear\"}, \"id\": \"CategoryAxis-1\", \"labels\": {\"truncate\": 100, \"show\": true}, \"show\": true, \"position\": \"bottom\"}], \"seriesParams\": [{\"data\": {\"label\": \"Connections\", \"id\": \"1\"}, \"type\": \"area\", \"interpolate\": \"linear\", \"drawLinesBetweenPoints\": true, \"valueAxis\": \"ValueAxis-1\", \"showCircles\": true, \"show\": \"true\", \"mode\": \"stacked\"}, {\"data\": {\"label\": \"Routes\", \"id\": \"3\"}, \"type\": \"area\", \"interpolate\": \"linear\", \"drawLinesBetweenPoints\": true, \"valueAxis\": \"ValueAxis-1\", \"showCircles\": true, \"show\": true, \"mode\": \"stacked\"}, {\"data\": {\"label\": \"Remotes\", \"id\": \"4\"}, \"type\": \"area\", \"interpolate\": \"linear\", \"drawLinesBetweenPoints\": true, \"valueAxis\": \"ValueAxis-1\", \"showCircles\": true, \"show\": true, \"mode\": \"stacked\"}, {\"data\": {\"label\": \"Subscriptions\", \"id\": \"5\"}, \"type\": \"area\", \"interpolate\": \"linear\", \"drawLinesBetweenPoints\": true, \"valueAxis\": \"ValueAxis-1\", \"showCircles\": true, \"show\": true, \"mode\": \"stacked\"}], \"grid\": {\"style\": {\"color\": \"#eee\"}, \"categoryLines\": false}, \"valueAxes\": [{\"style\": {}, \"name\": \"LeftAxis-1\", \"type\": \"value\", \"scale\": {\"type\": \"linear\", \"mode\": \"normal\"}, \"id\": \"ValueAxis-1\", \"title\": {\"text\": \"Connections\"}, \"labels\": {\"rotate\": 0, \"filter\": false, \"truncate\": 100, \"show\": true}, \"show\": true, \"position\": \"left\"}], \"addTooltip\": true, \"times\": [], \"type\": \"area\", \"addLegend\": true, \"legendPosition\": \"right\", \"addTimeMarker\": false}, \"title\": \"Remotes-Subsz-Connz-Routez Timeline [Metricbeat NATS] ECS\", \"type\": \"area\"}"
            },
            "id": "199d3d30-1e46-11e9-a1b4-79a7ae42ab61-ecs",
            "type": "visualization",
            "updated_at": "2019-01-24T07:53:31.785Z",
            "version": 3
        },
        {
            "attributes": {
                "description": "",
                "kibanaSavedObjectMeta": {
                    "searchSourceJSON": "{\"query\": {\"query\": \"\", \"language\": \"kuery\"}, \"filter\": [], \"index\": \"metricbeat-*\"}"
                },
                "title": "Subscription Stats Timeline [Metricbeat NATS] ECS",
                "uiStateJSON": "{}",
                "version": 1,
                "visState": "{\"aggs\": [{\"params\": {\"field\": \"nats.subscriptions.cache.fanout.avg\", \"customLabel\": \"Cache Fanout Avg\"}, \"schema\": \"metric\", \"enabled\": true, \"type\": \"avg\", \"id\": \"1\"}, {\"params\": {\"customInterval\": \"2h\", \"interval\": \"auto\", \"extended_bounds\": {}, \"field\": \"@timestamp\", \"min_doc_count\": 1}, \"schema\": \"segment\", \"enabled\": true, \"type\": \"date_histogram\", \"id\": \"2\"}, {\"params\": {\"field\": \"nats.subscriptions.cache.fanout.max\", \"customLabel\": \"Cache Fanout Max\"}, \"schema\": \"metric\", \"enabled\": true, \"type\": \"avg\", \"id\": \"3\"}, {\"params\": {\"field\": \"nats.subscriptions.inserts\", \"customLabel\": \"Inserts\"}, \"schema\": \"metric\", \"enabled\": true, \"type\": \"avg\", \"id\": \"5\"}, {\"params\": {\"field\": \"nats.subscriptions.removes\", \"customLabel\": \"Removes\"}, \"schema\": \"metric\", \"enabled\": true, \"type\": \"avg\", \"id\": \"6\"}, {\"params\": {\"field\": \"nats.subscriptions.matches\", \"customLabel\": \"Matches\"}, \"schema\": \"metric\", \"enabled\": true, \"type\": \"avg\", \"id\": \"7\"}], \"params\": {\"categoryAxes\": [{\"style\": {}, \"title\": {}, \"type\": \"category\", \"scale\": {\"type\": \"linear\"}, \"id\": \"CategoryAxis-1\", \"labels\": {\"truncate\": 100, \"show\": true}, \"show\": true, \"position\": \"bottom\"}], \"seriesParams\": [{\"data\": {\"label\": \"Cache Fanout Avg\", \"id\": \"1\"}, \"type\": \"line\", \"drawLinesBetweenPoints\": true, \"valueAxis\": \"ValueAxis-1\", \"showCircles\": true, \"show\": \"true\", \"mode\": \"normal\"}, {\"data\": {\"label\": \"Cache Fanout Max\", \"id\": \"3\"}, \"type\": \"line\", \"drawLinesBetweenPoints\": true, \"valueAxis\": \"ValueAxis-1\", \"showCircles\": true, \"show\": true, \"mode\": \"normal\"}, {\"data\": {\"label\": \"Inserts\", \"id\": \"5\"}, \"type\": \"line\", \"drawLinesBetweenPoints\": true, \"valueAxis\": \"ValueAxis-1\", \"showCircles\": true, \"show\": true, \"mode\": \"normal\"}, {\"data\": {\"label\": \"Removes\", \"id\": \"6\"}, \"type\": \"line\", \"drawLinesBetweenPoints\": true, \"valueAxis\": \"ValueAxis-1\", \"showCircles\": true, \"show\": true, \"mode\": \"normal\"}, {\"data\": {\"label\": \"Matches\", \"id\": \"7\"}, \"type\": \"line\", \"drawLinesBetweenPoints\": true, \"valueAxis\": \"ValueAxis-1\", \"showCircles\": true, \"show\": true, \"mode\": \"normal\"}], \"grid\": {\"style\": {\"color\": \"#eee\"}, \"categoryLines\": false}, \"valueAxes\": [{\"style\": {}, \"name\": \"LeftAxis-1\", \"type\": \"value\", \"scale\": {\"type\": \"linear\", \"mode\": \"normal\"}, \"id\": \"ValueAxis-1\", \"title\": {\"text\": \"Cache Fanout Avg\"}, \"labels\": {\"rotate\": 0, \"filter\": false, \"truncate\": 100, \"show\": true}, \"show\": true, \"position\": \"left\"}], \"addTooltip\": true, \"times\": [], \"type\": \"line\", \"addLegend\": true, \"legendPosition\": \"right\", \"addTimeMarker\": false}, \"title\": \"Subscription Stats Timeline [Metricbeat NATS] ECS\", \"type\": \"line\"}"
            },
            "id": "754215c0-1e46-11e9-a1b4-79a7ae42ab61-ecs",
            "type": "visualization",
            "updated_at": "2019-01-23T14:55:04.899Z",
            "version": 3
        },
        {
            "attributes": {
                "description": "",
                "kibanaSavedObjectMeta": {
                    "searchSourceJSON": "{\"query\": {\"query\": \"\", \"language\": \"kuery\"}, \"filter\": [], \"index\": \"metricbeat-*\"}"
                },
                "title": "Slow Consumers Timeline [Metricbeat NATS] ECS",
                "uiStateJSON": "{}",
                "version": 1,
                "visState": "{\"aggs\": [{\"params\": {\"field\": \"nats.stats.slow_consumers\", \"customLabel\": \"Slow Consumers\"}, \"schema\": \"metric\", \"enabled\": true, \"type\": \"avg\", \"id\": \"1\"}, {\"params\": {\"customInterval\": \"2h\", \"interval\": \"auto\", \"extended_bounds\": {}, \"field\": \"@timestamp\", \"min_doc_count\": 1}, \"schema\": \"segment\", \"enabled\": true, \"type\": \"date_histogram\", \"id\": \"2\"}], \"params\": {\"categoryAxes\": [{\"style\": {}, \"title\": {}, \"type\": \"category\", \"scale\": {\"type\": \"linear\"}, \"id\": \"CategoryAxis-1\", \"labels\": {\"truncate\": 100, \"show\": true}, \"show\": true, \"position\": \"bottom\"}], \"seriesParams\": [{\"data\": {\"label\": \"Slow Consumers\", \"id\": \"1\"}, \"type\": \"line\", \"drawLinesBetweenPoints\": true, \"valueAxis\": \"ValueAxis-1\", \"showCircles\": true, \"show\": \"true\", \"mode\": \"normal\"}], \"grid\": {\"style\": {\"color\": \"#eee\"}, \"categoryLines\": false}, \"valueAxes\": [{\"style\": {}, \"name\": \"LeftAxis-1\", \"type\": \"value\", \"scale\": {\"type\": \"linear\", \"mode\": \"normal\"}, \"id\": \"ValueAxis-1\", \"title\": {\"text\": \"Slow Consumers\"}, \"labels\": {\"rotate\": 0, \"filter\": false, \"truncate\": 100, \"show\": true}, \"show\": true, \"position\": \"left\"}], \"addTooltip\": true, \"times\": [], \"type\": \"line\", \"addLegend\": true, \"legendPosition\": \"right\", \"addTimeMarker\": false}, \"title\": \"Slow Consumers Timeline [Metricbeat NATS] ECS\", \"type\": \"line\"}"
            },
            "id": "94534190-1e97-11e9-b9e7-93b3bd2eec90-ecs",
            "type": "visualization",
            "updated_at": "2019-01-23T14:53:57.137Z",
            "version": 2
        },
        {
            "attributes": {
                "description": "",
                "kibanaSavedObjectMeta": {
                    "searchSourceJSON": "{\"query\": {\"query\": \"\", \"language\": \"kuery\"}, \"filter\": [], \"index\": \"metricbeat-*\"}"
                },
                "title": "IO Bytes Stats [Metricbeat NATS] ECS",
                "uiStateJSON": "{}",
                "version": 1,
                "visState": "{\"aggs\": [{\"params\": {\"field\": \"nats.stats.in.bytes\", \"customLabel\": \"In Bytes\"}, \"schema\": \"metric\", \"enabled\": true, \"type\": \"avg\", \"id\": \"1\"}, {\"params\": {\"field\": \"nats.stats.out.bytes\", \"customLabel\": \"Out Bytes\"}, \"schema\": \"metric\", \"enabled\": true, \"type\": \"avg\", \"id\": \"2\"}, {\"params\": {\"customInterval\": \"2h\", \"interval\": \"auto\", \"extended_bounds\": {}, \"field\": \"@timestamp\", \"min_doc_count\": 1}, \"schema\": \"segment\", \"enabled\": true, \"type\": \"date_histogram\", \"id\": \"3\"}], \"params\": {\"categoryAxes\": [{\"style\": {}, \"title\": {}, \"type\": \"category\", \"scale\": {\"type\": \"linear\"}, \"id\": \"CategoryAxis-1\", \"labels\": {\"truncate\": 100, \"show\": true}, \"show\": true, \"position\": \"bottom\"}], \"seriesParams\": [{\"data\": {\"label\": \"In Bytes\", \"id\": \"1\"}, \"type\": \"line\", \"drawLinesBetweenPoints\": true, \"valueAxis\": \"ValueAxis-1\", \"showCircles\": true, \"show\": \"true\", \"mode\": \"normal\"}, {\"data\": {\"label\": \"Out Bytes\", \"id\": \"2\"}, \"type\": \"line\", \"drawLinesBetweenPoints\": true, \"valueAxis\": \"ValueAxis-1\", \"showCircles\": true, \"show\": true, \"mode\": \"normal\"}], \"grid\": {\"style\": {\"color\": \"#eee\"}, \"categoryLines\": false}, \"valueAxes\": [{\"style\": {}, \"name\": \"LeftAxis-1\", \"type\": \"value\", \"scale\": {\"type\": \"linear\", \"mode\": \"normal\"}, \"id\": \"ValueAxis-1\", \"title\": {\"text\": \"IO Bytes\"}, \"labels\": {\"rotate\": 0, \"filter\": false, \"truncate\": 100, \"show\": true}, \"show\": true, \"position\": \"left\"}], \"addTooltip\": true, \"times\": [], \"type\": \"line\", \"addLegend\": true, \"legendPosition\": \"right\", \"addTimeMarker\": false}, \"title\": \"IO Bytes Stats [Metricbeat NATS] ECS\", \"type\": \"line\"}"
            },
            "id": "be1d8a20-1e98-11e9-b9e7-93b3bd2eec90-ecs",
            "type": "visualization",
            "updated_at": "2019-01-24T07:48:22.914Z",
            "version": 4
        },
        {
            "attributes": {
                "description": "",
                "kibanaSavedObjectMeta": {
                    "searchSourceJSON": "{\"query\": {\"query\": \"\", \"language\": \"kuery\"}, \"filter\": [], \"index\": \"metricbeat-*\"}"
                },
                "title": "Memory Utilization Timeline [Metricbeat NATS] ECS",
                "uiStateJSON": "{}",
                "version": 1,
                "visState": "{\"aggs\": [{\"params\": {\"field\": \"nats.stats.mem.bytes\", \"customLabel\": \"Memory Avg\"}, \"schema\": \"metric\", \"enabled\": true, \"type\": \"avg\", \"id\": \"1\"}, {\"params\": {\"customInterval\": \"2h\", \"interval\": \"auto\", \"extended_bounds\": {}, \"field\": \"@timestamp\", \"min_doc_count\": 1}, \"schema\": \"segment\", \"enabled\": true, \"type\": \"date_histogram\", \"id\": \"2\"}], \"params\": {\"categoryAxes\": [{\"style\": {}, \"title\": {}, \"type\": \"category\", \"scale\": {\"type\": \"linear\"}, \"id\": \"CategoryAxis-1\", \"labels\": {\"truncate\": 100, \"show\": true}, \"show\": true, \"position\": \"bottom\"}], \"seriesParams\": [{\"data\": {\"label\": \"Memory Avg\", \"id\": \"1\"}, \"type\": \"line\", \"drawLinesBetweenPoints\": true, \"valueAxis\": \"ValueAxis-1\", \"showCircles\": true, \"show\": \"true\", \"mode\": \"normal\"}], \"grid\": {\"style\": {\"color\": \"#eee\"}, \"categoryLines\": false}, \"valueAxes\": [{\"style\": {}, \"name\": \"LeftAxis-1\", \"type\": \"value\", \"scale\": {\"type\": \"linear\", \"mode\": \"normal\"}, \"id\": \"ValueAxis-1\", \"title\": {\"text\": \"Memory Avg (Bytes)\"}, \"labels\": {\"rotate\": 0, \"filter\": false, \"truncate\": 100, \"show\": true}, \"show\": true, \"position\": \"left\"}], \"addTooltip\": true, \"times\": [], \"type\": \"line\", \"addLegend\": true, \"legendPosition\": \"right\", \"addTimeMarker\": false}, \"title\": \"Memory Utilization Timeline [Metricbeat NATS] ECS\", \"type\": \"line\"}"
            },
            "id": "8204e820-1e99-11e9-b9e7-93b3bd2eec90-ecs",
            "type": "visualization",
            "updated_at": "2019-01-24T07:52:55.445Z",
            "version": 5
        },
        {
            "attributes": {
                "description": "",
                "kibanaSavedObjectMeta": {
                    "searchSourceJSON": "{\"query\": {\"query\": \"\", \"language\": \"kuery\"}, \"filter\": [], \"index\": \"metricbeat-*\"}"
                },
                "title": "IO Messages Stats [Metricbeat NATS] ECS",
                "uiStateJSON": "{}",
                "version": 1,
                "visState": "{\"aggs\": [{\"params\": {\"field\": \"nats.stats.in.messages\", \"customLabel\": \"In Messages\"}, \"schema\": \"metric\", \"enabled\": true, \"type\": \"avg\", \"id\": \"1\"}, {\"params\": {\"field\": \"nats.stats.out.messages\", \"customLabel\": \"Out Messages\"}, \"schema\": \"metric\", \"enabled\": true, \"type\": \"avg\", \"id\": \"2\"}, {\"params\": {\"customInterval\": \"2h\", \"interval\": \"auto\", \"extended_bounds\": {}, \"field\": \"@timestamp\", \"min_doc_count\": 1}, \"schema\": \"segment\", \"enabled\": true, \"type\": \"date_histogram\", \"id\": \"3\"}], \"params\": {\"categoryAxes\": [{\"style\": {}, \"title\": {}, \"type\": \"category\", \"scale\": {\"type\": \"linear\"}, \"id\": \"CategoryAxis-1\", \"labels\": {\"truncate\": 100, \"show\": true}, \"show\": true, \"position\": \"bottom\"}], \"seriesParams\": [{\"data\": {\"label\": \"In Messages\", \"id\": \"1\"}, \"type\": \"line\", \"drawLinesBetweenPoints\": true, \"valueAxis\": \"ValueAxis-1\", \"showCircles\": true, \"show\": \"true\", \"mode\": \"normal\"}, {\"data\": {\"label\": \"Out Messages\", \"id\": \"2\"}, \"type\": \"line\", \"drawLinesBetweenPoints\": true, \"valueAxis\": \"ValueAxis-1\", \"showCircles\": true, \"show\": true, \"mode\": \"normal\"}], \"grid\": {\"style\": {\"color\": \"#eee\"}, \"categoryLines\": false}, \"valueAxes\": [{\"style\": {}, \"name\": \"LeftAxis-1\", \"type\": \"value\", \"scale\": {\"type\": \"linear\", \"mode\": \"normal\"}, \"id\": \"ValueAxis-1\", \"title\": {\"text\": \"IO Messages\"}, \"labels\": {\"rotate\": 0, \"filter\": false, \"truncate\": 100, \"show\": true}, \"show\": true, \"position\": \"left\"}], \"addTooltip\": true, \"times\": [], \"type\": \"line\", \"addLegend\": true, \"legendPosition\": \"right\", \"addTimeMarker\": false}, \"title\": \"IO Messages Stats [Metricbeat NATS] ECS\", \"type\": \"line\"}"
            },
            "id": "cdbf4110-1f0d-11e9-a673-d9577e5e50eb-ecs",
            "type": "visualization",
            "updated_at": "2019-01-24T07:47:25.774Z",
            "version": 2
        },
        {
            "attributes": {
                "description": "",
                "kibanaSavedObjectMeta": {
                    "searchSourceJSON": "{\"query\": {\"query\": \"\", \"language\": \"kuery\"}, \"filter\": [], \"index\": \"metricbeat-*\"}"
                },
                "title": "CPU Utilization Timeline [Metricbeat NATS] ECS",
                "uiStateJSON": "{}",
                "version": 1,
                "visState": "{\"aggs\": [{\"params\": {\"field\": \"nats.stats.cpu\", \"customLabel\": \"CPU Avg\"}, \"schema\": \"metric\", \"enabled\": true, \"type\": \"avg\", \"id\": \"1\"}, {\"params\": {\"customInterval\": \"2h\", \"interval\": \"auto\", \"extended_bounds\": {}, \"field\": \"@timestamp\", \"min_doc_count\": 1}, \"schema\": \"segment\", \"enabled\": true, \"type\": \"date_histogram\", \"id\": \"2\"}], \"params\": {\"categoryAxes\": [{\"style\": {}, \"title\": {}, \"type\": \"category\", \"scale\": {\"type\": \"linear\"}, \"id\": \"CategoryAxis-1\", \"labels\": {\"truncate\": 100, \"show\": true}, \"show\": true, \"position\": \"bottom\"}], \"seriesParams\": [{\"data\": {\"label\": \"CPU Avg\", \"id\": \"1\"}, \"type\": \"line\", \"drawLinesBetweenPoints\": true, \"valueAxis\": \"ValueAxis-1\", \"showCircles\": true, \"show\": \"true\", \"mode\": \"normal\"}], \"grid\": {\"style\": {\"color\": \"#eee\"}, \"categoryLines\": false}, \"valueAxes\": [{\"style\": {}, \"name\": \"LeftAxis-1\", \"type\": \"value\", \"scale\": {\"type\": \"linear\", \"mode\": \"normal\"}, \"id\": \"ValueAxis-1\", \"title\": {\"text\": \"CPU Avg (%)\"}, \"labels\": {\"rotate\": 0, \"filter\": false, \"truncate\": 100, \"show\": true}, \"show\": true, \"position\": \"left\"}], \"addTooltip\": true, \"times\": [], \"type\": \"line\", \"addLegend\": true, \"legendPosition\": \"right\", \"addTimeMarker\": false}, \"title\": \"CPU Utilization Timeline [Metricbeat NATS] ECS\", \"type\": \"line\"}"
            },
            "id": "138dc660-1f1a-11e9-a673-d9577e5e50eb-ecs",
            "type": "visualization",
            "updated_at": "2019-01-24T07:51:51.767Z",
            "version": 2
        },
        {
            "attributes": {
                "description": "",
                "kibanaSavedObjectMeta": {
                    "searchSourceJSON": "{\"query\": {\"query\": \"\", \"language\": \"kuery\"}, \"filter\": [], \"index\": \"metricbeat-*\"}"
                },
                "title": "Cache Hit Rate Timeline [Metricbeat NATS] ECS",
                "uiStateJSON": "{}",
                "version": 1,
                "visState": "{\"aggs\": [{\"params\": {\"field\": \"nats.subscriptions.cache.hit_rate\", \"customLabel\": \"Cache Hit Rate\"}, \"schema\": \"metric\", \"enabled\": true, \"type\": \"avg\", \"id\": \"1\"}, {\"params\": {\"customInterval\": \"2h\", \"interval\": \"auto\", \"extended_bounds\": {}, \"field\": \"@timestamp\", \"min_doc_count\": 1}, \"schema\": \"segment\", \"enabled\": true, \"type\": \"date_histogram\", \"id\": \"2\"}], \"params\": {\"categoryAxes\": [{\"style\": {}, \"title\": {}, \"type\": \"category\", \"scale\": {\"type\": \"linear\"}, \"id\": \"CategoryAxis-1\", \"labels\": {\"truncate\": 100, \"show\": true}, \"show\": true, \"position\": \"bottom\"}], \"seriesParams\": [{\"data\": {\"label\": \"Cache Hit Rate\", \"id\": \"1\"}, \"type\": \"line\", \"drawLinesBetweenPoints\": true, \"valueAxis\": \"ValueAxis-1\", \"showCircles\": true, \"show\": \"true\", \"mode\": \"normal\"}], \"grid\": {\"style\": {\"color\": \"#eee\"}, \"categoryLines\": false}, \"valueAxes\": [{\"style\": {}, \"name\": \"LeftAxis-1\", \"type\": \"value\", \"scale\": {\"type\": \"linear\", \"mode\": \"normal\"}, \"id\": \"ValueAxis-1\", \"title\": {\"text\": \"Cache Hit Rate (%)\"}, \"labels\": {\"rotate\": 0, \"filter\": false, \"truncate\": 100, \"show\": true}, \"show\": true, \"position\": \"left\"}], \"addTooltip\": true, \"times\": [], \"type\": \"line\", \"addLegend\": true, \"legendPosition\": \"right\", \"addTimeMarker\": false}, \"title\": \"Cache Hit Rate Timeline [Metricbeat NATS] ECS\", \"type\": \"line\"}"
            },
            "id": "dff743a0-1f1c-11e9-a673-d9577e5e50eb-ecs",
            "type": "visualization",
            "updated_at": "2019-01-23T14:57:20.994Z",
            "version": 2
        },
        {
            "attributes": {
                "description": "Overview of NATS server status",
                "hits": 0,
                "kibanaSavedObjectMeta": {
                    "searchSourceJSON": "{\"query\": {\"query\": \"\", \"language\": \"kuery\"}, \"filter\": [], \"version\": true, \"highlightAll\": true}"
                },
                "optionsJSON": "{\"hidePanelTitles\": false, \"darkTheme\": false, \"useMargins\": true}",
                "panelsJSON": "[{\"embeddableConfig\": {}, \"type\": \"visualization\", \"gridData\": {\"y\": 45, \"h\": 11, \"i\": \"6\", \"w\": 24, \"x\": 0}, \"version\": \"6.5.4\", \"panelIndex\": \"6\", \"id\": \"b129b220-1e44-11e9-a1b4-79a7ae42ab61-ecs\"}, {\"embeddableConfig\": {}, \"type\": \"visualization\", \"gridData\": {\"y\": 34, \"h\": 7, \"i\": \"7\", \"w\": 13, \"x\": 24}, \"version\": \"6.5.4\", \"panelIndex\": \"7\", \"id\": \"30a61c00-1e45-11e9-a1b4-79a7ae42ab61-ecs\"}, {\"embeddableConfig\": {}, \"type\": \"visualization\", \"gridData\": {\"y\": 34, \"h\": 7, \"i\": \"8\", \"w\": 11, \"x\": 37}, \"version\": \"6.5.4\", \"panelIndex\": \"8\", \"id\": \"206f1bc0-1e45-11e9-a1b4-79a7ae42ab61-ecs\"}, {\"embeddableConfig\": {}, \"type\": \"visualization\", \"gridData\": {\"y\": 41, \"h\": 8, \"i\": \"9\", \"w\": 8, \"x\": 24}, \"version\": \"6.5.4\", \"panelIndex\": \"9\", \"id\": \"4c380ff0-1e45-11e9-a1b4-79a7ae42ab61-ecs\"}, {\"embeddableConfig\": {}, \"type\": \"visualization\", \"gridData\": {\"y\": 34, \"h\": 11, \"i\": \"11\", \"w\": 24, \"x\": 0}, \"version\": \"6.5.4\", \"panelIndex\": \"11\", \"id\": \"199d3d30-1e46-11e9-a1b4-79a7ae42ab61-ecs\"}, {\"embeddableConfig\": {}, \"type\": \"visualization\", \"gridData\": {\"y\": 0, \"h\": 10, \"i\": \"12\", \"w\": 18, \"x\": 15}, \"version\": \"6.5.4\", \"panelIndex\": \"12\", \"id\": \"754215c0-1e46-11e9-a1b4-79a7ae42ab61-ecs\"}, {\"embeddableConfig\": {}, \"type\": \"visualization\", \"gridData\": {\"y\": 0, \"h\": 10, \"i\": \"13\", \"w\": 15, \"x\": 0}, \"version\": \"6.5.4\", \"panelIndex\": \"13\", \"id\": \"94534190-1e97-11e9-b9e7-93b3bd2eec90-ecs\"}, {\"embeddableConfig\": {}, \"type\": \"visualization\", \"gridData\": {\"y\": 10, \"h\": 12, \"i\": \"14\", \"w\": 24, \"x\": 24}, \"version\": \"6.5.4\", \"panelIndex\": \"14\", \"id\": \"be1d8a20-1e98-11e9-b9e7-93b3bd2eec90-ecs\"}, {\"embeddableConfig\": {\"vis\": {\"legendOpen\": true}}, \"type\": \"visualization\", \"gridData\": {\"y\": 22, \"h\": 12, \"i\": \"15\", \"w\": 24, \"x\": 24}, \"version\": \"6.5.4\", \"panelIndex\": \"15\", \"id\": \"8204e820-1e99-11e9-b9e7-93b3bd2eec90-ecs\"}, {\"embeddableConfig\": {}, \"type\": \"visualization\", \"gridData\": {\"y\": 10, \"h\": 12, \"i\": \"16\", \"w\": 24, \"x\": 0}, \"version\": \"6.3.2\", \"panelIndex\": \"16\", \"id\": \"cdbf4110-1f0d-11e9-a673-d9577e5e50eb-ecs\"}, {\"embeddableConfig\": {}, \"type\": \"visualization\", \"gridData\": {\"y\": 22, \"h\": 12, \"i\": \"17\", \"w\": 24, \"x\": 0}, \"version\": \"6.3.2\", \"panelIndex\": \"17\", \"id\": \"138dc660-1f1a-11e9-a673-d9577e5e50eb-ecs\"}, {\"embeddableConfig\": {}, \"type\": \"visualization\", \"gridData\": {\"y\": 0, \"h\": 10, \"i\": \"18\", \"w\": 15, \"x\": 33}, \"version\": \"6.3.2\", \"panelIndex\": \"18\", \"id\": \"dff743a0-1f1c-11e9-a673-d9577e5e50eb-ecs\"}]",
                "timeRestore": false,
                "title": "[Metricbeat NATS] Overview ECS",
                "version": 1
            },
            "id": "Metricbeat-Nats-Dashboard-ecs",
            "type": "dashboard",
            "updated_at": "2019-01-24T08:13:29.732Z",
            "version": 4
        }
    ],
    "version": "6.3.2"
}