{
    "objects": [
        {
            "attributes": {
                "description": "",
                "kibanaSavedObjectMeta": {
                    "searchSourceJSON": "{}"
                },
                "title": "Overview [Metricbeat uWSGI] ECS",
                "uiStateJSON": "{}",
                "version": 1,
                "visState": "{\"params\": {\"interval\": \"15s\", \"expression\": \".es(metric=avg:uwsgi.status.total.requests).derivative().label('Requests').title('Overview of requests per period'),\\n.es(metric=avg:uwsgi.status.total.exceptions).derivative().label('Exceptions'),\\n.es(metric=max:uwsgi.status.worker.avg_rt).label('Average response time').yaxis(2)\"}, \"title\": \"Overview [Metricbeat uWSGI] ECS\", \"type\": \"timelion\"}"
            },
            "id": "a5058e70-f0ae-11e7-b9ff-9f96241065de-ecs",
            "type": "visualization",
            "version": 1
        },
        {
            "attributes": {
                "description": "",
                "kibanaSavedObjectMeta": {
                    "searchSourceJSON": "{}"
                },
                "title": "Memory usage [Metricbeat uWSGI] ECS",
                "uiStateJSON": "{}",
                "version": 1,
                "visState": "{\"params\": {\"interval\": \"15s\", \"expression\": \".es(metric=max:uwsgi.status.worker.rss).label('Currently used (rss)').title('Memory usage'),\\n.es(metric=max:uwsgi.status.worker.vsz).label('Assigned (vsz)').yaxis(2)\"}, \"title\": \"Memory usage [Metricbeat uWSGI] ECS\", \"type\": \"timelion\"}"
            },
            "id": "ac7194b0-f0ae-11e7-b9ff-9f96241065de-ecs",
            "type": "visualization",
            "version": 1
        },
        {
            "attributes": {
                "description": "",
                "kibanaSavedObjectMeta": {
                    "searchSourceJSON": "{}"
                },
                "title": "Workers [Metricbeat uWSGI] ECS",
                "uiStateJSON": "{}",
                "version": 1,
                "visState": "{\"params\": {\"interval\": \"15s\", \"expression\": \".es(split=uwsgi.status.core.id:16,metric=max:uwsgi.status.core.requests.total).derivative().bars().title('Requests handled by each thread (core) per period')\"}, \"title\": \"Workers [Metricbeat uWSGI] ECS\", \"type\": \"timelion\"}"
            },
            "id": "8c5f96e0-f0ae-11e7-b9ff-9f96241065de-ecs",
            "type": "visualization",
            "version": 1
        },
        {
            "attributes": {
                "description": "",
                "kibanaSavedObjectMeta": {
                    "searchSourceJSON": "{}"
                },
                "title": "Errors [Metricbeat uWSGI] ECS",
                "uiStateJSON": "{}",
                "version": 1,
                "visState": "{\"params\": {\"interval\": \"15s\", \"expression\": \".es(metric=max:uwsgi.status.total.read_errors).label('Read errors').title('Errors'),\\n.es(metric=max:uwsgi.status.total.write_errors).label('Write errors'),\\n.es(metric=max:uwsgi.status.worker.harakiri_count).label('Timeouted requests')\"}, \"title\": \"Errors [Metricbeat uWSGI] ECS\", \"type\": \"timelion\"}"
            },
            "id": "ba4a80b0-f0ae-11e7-b9ff-9f96241065de-ecs",
            "type": "visualization",
            "version": 1
        },
        {
            "attributes": {
                "columns": [
                    "_source"
                ],
                "description": "",
                "hits": 0,
                "kibanaSavedObjectMeta": {
                    "searchSourceJSON": "{\"query\": {\"query\": \"event.module: uwsgi\", \"language\": \"kuery\"}, \"filter\": [], \"index\": \"metricbeat-*\", \"highlightAll\": true, \"version\": true}"
                },
                "sort": [
                    "@timestamp",
                    "desc"
                ],
                "title": "Metricbeat uWSGI status-ecs ECS",
                "version": 1
            },
            "id": "Metricbeat uWSGI status-ecs ECS",
            "type": "search",
            "version": 1
        },
        {
            "attributes": {
                "description": "Overview of uWSGI service metrics",
                "hits": 0,
                "kibanaSavedObjectMeta": {
                    "searchSourceJSON": "{\"query\": {\"query\": \"\", \"language\": \"kuery\"}, \"filter\": [], \"version\": true, \"highlightAll\": true}"
                },
                "optionsJSON": "{\"darkTheme\": false}",
                "panelsJSON": "[{\"type\": \"visualization\", \"row\": 1, \"size_y\": 3, \"id\": \"a5058e70-f0ae-11e7-b9ff-9f96241065de-ecs\", \"col\": 1, \"panelIndex\": 1, \"size_x\": 6}, {\"type\": \"visualization\", \"row\": 1, \"size_y\": 3, \"id\": \"ac7194b0-f0ae-11e7-b9ff-9f96241065de-ecs\", \"col\": 7, \"panelIndex\": 2, \"size_x\": 6}, {\"type\": \"visualization\", \"row\": 4, \"size_y\": 3, \"id\": \"8c5f96e0-f0ae-11e7-b9ff-9f96241065de-ecs\", \"col\": 1, \"panelIndex\": 3, \"size_x\": 6}, {\"type\": \"visualization\", \"row\": 4, \"size_y\": 3, \"id\": \"ba4a80b0-f0ae-11e7-b9ff-9f96241065de-ecs\", \"col\": 7, \"panelIndex\": 4, \"size_x\": 6}]",
                "timeRestore": false,
                "title": "[Metricbeat uWSGI] Overview ECS",
                "uiStateJSON": "{}",
                "version": 1
            },
            "id": "32fca290-f0af-11e7-b9ff-9f96241065de-ecs",
            "type": "dashboard",
            "version": 1
        }
    ],
    "version": "6.0.0-rc1"
}