{
    "objects": [
        {
            "attributes": {
                "description": "This CouchDB dashboard visualizes the most important CouchDB server metrics.\n\n",
                "hits": 0,
                "kibanaSavedObjectMeta": {
                    "searchSourceJSON": "{\"query\": {\"query\": \"\", \"language\": \"kuery\"}, \"filter\": []}"
                },
                "optionsJSON": "{\"hidePanelTitles\": false, \"useMargins\": true}",
                "panelsJSON": "[{\"title\": \"HTTP Status Codes\", \"embeddableConfig\": {}, \"gridData\": {\"y\": 10, \"h\": 15, \"i\": \"1\", \"w\": 24, \"x\": 0}, \"panelRefName\": \"panel_0\", \"panelIndex\": \"1\", \"version\": \"7.3.0\"}, {\"title\": \"HTTP Request Methods\", \"embeddableConfig\": {}, \"gridData\": {\"y\": 10, \"h\": 15, \"i\": \"2\", \"w\": 24, \"x\": 24}, \"panelRefName\": \"panel_1\", \"panelIndex\": \"2\", \"version\": \"7.3.0\"}, {\"title\": \"Open Databases\", \"embeddableConfig\": {}, \"gridData\": {\"y\": 0, \"h\": 10, \"i\": \"3\", \"w\": 10, \"x\": 0}, \"panelRefName\": \"panel_2\", \"panelIndex\": \"3\", \"version\": \"7.3.0\"}, {\"title\": \"Database Read/Writes\", \"embeddableConfig\": {}, \"gridData\": {\"y\": 0, \"h\": 10, \"i\": \"4\", \"w\": 24, \"x\": 24}, \"panelRefName\": \"panel_3\", \"panelIndex\": \"4\", \"version\": \"7.3.0\"}, {\"title\": \"Auth Cache Hit/Miss\", \"embeddableConfig\": {}, \"gridData\": {\"y\": 25, \"h\": 10, \"i\": \"5\", \"w\": 24, \"x\": 24}, \"panelRefName\": \"panel_4\", \"panelIndex\": \"5\", \"version\": \"7.3.0\"}, {\"title\": \"Number of HTTP Requests\", \"embeddableConfig\": {}, \"gridData\": {\"y\": 0, \"h\": 10, \"i\": \"6\", \"w\": 14, \"x\": 10}, \"panelRefName\": \"panel_5\", \"panelIndex\": \"6\", \"version\": \"7.3.0\"}, {\"title\": \"Number of View Reads\", \"embeddableConfig\": {}, \"gridData\": {\"y\": 25, \"h\": 10, \"i\": \"7\", \"w\": 24, \"x\": 0}, \"panelRefName\": \"panel_6\", \"panelIndex\": \"7\", \"version\": \"7.3.0\"}]",
                "timeRestore": false,
                "title": "[Metricbeat CouchDB] Database Overview",
                "version": 1
            },
            "id": "a3ab9a60-b952-11e9-a579-f5c0a5d81340",
            "migrationVersion": {
                "dashboard": "7.3.0"
            },
            "references": [
                {
                    "id": "8e15ece0-b94e-11e9-a579-f5c0a5d81340",
                    "name": "panel_0",
                    "type": "visualization"
                },
                {
                    "id": "1b60bb70-b94f-11e9-a579-f5c0a5d81340",
                    "name": "panel_1",
                    "type": "visualization"
                },
                {
                    "id": "f8c29f10-b94f-11e9-a579-f5c0a5d81340",
                    "name": "panel_2",
                    "type": "visualization"
                },
                {
                    "id": "702584a0-b950-11e9-a579-f5c0a5d81340",
                    "name": "panel_3",
                    "type": "visualization"
                },
                {
                    "id": "abfaf130-b951-11e9-a579-f5c0a5d81340",
                    "name": "panel_4",
                    "type": "visualization"
                },
                {
                    "id": "06018310-b952-11e9-a579-f5c0a5d81340",
                    "name": "panel_5",
                    "type": "visualization"
                },
                {
                    "id": "496910f0-b952-11e9-a579-f5c0a5d81340",
                    "name": "panel_6",
                    "type": "visualization"
                }
            ],
            "type": "dashboard",
            "updated_at": "2019-08-19T15:05:11.218Z",
            "version": "WzE1NzksMV0="
        },
        {
            "attributes": {
                "description": "",
                "kibanaSavedObjectMeta": {
                    "searchSourceJSON": "{\"query\": {\"query\": \"\", \"language\": \"kuery\"}, \"filter\": []}"
                },
                "title": "HTTP Status Codes [Metricbeat CouchDB] ECS",
                "uiStateJSON": "{}",
                "version": 1,
                "visState": "{\"aggs\": [], \"params\": {\"default_timefield\": \"@timestamp\", \"filter\": {\"query\": \"\", \"language\": \"kuery\"}, \"default_index_pattern\": \"metricbeat-*\", \"time_field\": \"@timestamp\", \"series\": [{\"fill\": \"0.2\", \"line_width\": \"1\", \"point_size\": 0, \"formatter\": \"number\", \"color\": \"#3185FC\", \"chart_type\": \"line\", \"metrics\": [{\"field\": \"couchdb.server.httpd_status_codes.200\", \"type\": \"max\", \"id\": \"c8c0f522-b94d-11e9-8899-f736e404b0e7\"}, {\"unit\": \"1s\", \"field\": \"c8c0f522-b94d-11e9-8899-f736e404b0e7\", \"type\": \"derivative\", \"id\": \"c8c0f524-b94d-11e9-8899-f736e404b0e7\"}, {\"field\": \"c8c0f524-b94d-11e9-8899-f736e404b0e7\", \"type\": \"positive_only\", \"id\": \"c8c0f523-b94d-11e9-8899-f736e404b0e7\"}], \"label\": \"200 OK\", \"split_mode\": \"everything\", \"separate_axis\": 0, \"axis_position\": \"right\", \"stacked\": \"none\", \"value_template\": \"{{value}}\", \"id\": \"c8c0f521-b94d-11e9-8899-f736e404b0e7\"}, {\"fill\": \"0.2\", \"line_width\": \"1\", \"point_size\": 0, \"formatter\": \"number\", \"color\": \"#00B3A4\", \"chart_type\": \"line\", \"metrics\": [{\"field\": \"couchdb.server.httpd_status_codes.400\", \"type\": \"max\", \"id\": \"c8c0f52a-b94d-11e9-8899-f736e404b0e7\"}, {\"unit\": \"1s\", \"field\": \"c8c0f52a-b94d-11e9-8899-f736e404b0e7\", \"type\": \"derivative\", \"id\": \"c8c0f52c-b94d-11e9-8899-f736e404b0e7\"}, {\"field\": \"c8c0f52c-b94d-11e9-8899-f736e404b0e7\", \"type\": \"positive_only\", \"id\": \"c8c0f52b-b94d-11e9-8899-f736e404b0e7\"}], \"label\": \"400 Bad Request\", \"split_mode\": \"everything\", \"separate_axis\": 0, \"axis_position\": \"right\", \"stacked\": \"none\", \"value_template\": \"{{value}}\", \"id\": \"c8c0f529-b94d-11e9-8899-f736e404b0e7\"}, {\"fill\": \"0.2\", \"line_width\": \"1\", \"point_size\": 0, \"formatter\": \"number\", \"color\": \"#490092\", \"chart_type\": \"line\", \"metrics\": [{\"field\": \"couchdb.server.httpd_status_codes.401\", \"type\": \"max\", \"id\": \"c8c0f52e-b94d-11e9-8899-f736e404b0e7\"}, {\"unit\": \"1s\", \"field\": \"c8c0f52e-b94d-11e9-8899-f736e404b0e7\", \"type\": \"derivative\", \"id\": \"c8c0f530-b94d-11e9-8899-f736e404b0e7\"}, {\"field\": \"c8c0f530-b94d-11e9-8899-f736e404b0e7\", \"type\": \"positive_only\", \"id\": \"c8c0f52f-b94d-11e9-8899-f736e404b0e7\"}], \"label\": \"401 Unauthorized\", \"split_mode\": \"everything\", \"separate_axis\": 0, \"axis_position\": \"right\", \"stacked\": \"none\", \"value_template\": \"{{value}}\", \"id\": \"c8c0f52d-b94d-11e9-8899-f736e404b0e7\"}, {\"fill\": \"0.2\", \"line_width\": \"1\", \"point_size\": 0, \"formatter\": \"number\", \"color\": \"#461A0A\", \"chart_type\": \"line\", \"metrics\": [{\"field\": \"couchdb.server.httpd_status_codes.500\", \"type\": \"max\", \"id\": \"c8c0f542-b94d-11e9-8899-f736e404b0e7\"}, {\"unit\": \"1s\", \"field\": \"c8c0f542-b94d-11e9-8899-f736e404b0e7\", \"type\": \"derivative\", \"id\": \"c8c0f544-b94d-11e9-8899-f736e404b0e7\"}, {\"field\": \"c8c0f544-b94d-11e9-8899-f736e404b0e7\", \"type\": \"positive_only\", \"id\": \"c8c0f543-b94d-11e9-8899-f736e404b0e7\"}], \"label\": \"500  Internal Server Error\", \"split_mode\": \"everything\", \"separate_axis\": 0, \"axis_position\": \"right\", \"stacked\": \"none\", \"value_template\": \"{{value}}\", \"id\": \"c8c0f541-b94d-11e9-8899-f736e404b0e7\"}, {\"fill\": \"0.2\", \"line_width\": \"1\", \"point_size\": 0, \"formatter\": \"number\", \"color\": \"#FEB6DB\", \"chart_type\": \"line\", \"metrics\": [{\"field\": \"couchdb.server.httpd_status_codes.403\", \"type\": \"max\", \"id\": \"c8c0f532-b94d-11e9-8899-f736e404b0e7\"}, {\"unit\": \"1s\", \"field\": \"c8c0f532-b94d-11e9-8899-f736e404b0e7\", \"type\": \"derivative\", \"id\": \"c8c0f534-b94d-11e9-8899-f736e404b0e7\"}, {\"field\": \"c8c0f534-b94d-11e9-8899-f736e404b0e7\", \"type\": \"positive_only\", \"id\": \"c8c0f533-b94d-11e9-8899-f736e404b0e7\"}], \"label\": \"403 Forbidden\", \"split_mode\": \"everything\", \"separate_axis\": 0, \"axis_position\": \"right\", \"stacked\": \"none\", \"value_template\": \"{{value}}\", \"id\": \"c8c0f531-b94d-11e9-8899-f736e404b0e7\"}, {\"fill\": \"0.2\", \"line_width\": \"1\", \"point_size\": 0, \"formatter\": \"number\", \"color\": \"#E6C220\", \"chart_type\": \"line\", \"metrics\": [{\"field\": \"couchdb.server.httpd_status_codes.404\", \"type\": \"max\", \"id\": \"c8c0f536-b94d-11e9-8899-f736e404b0e7\"}, {\"unit\": \"1s\", \"field\": \"c8c0f536-b94d-11e9-8899-f736e404b0e7\", \"type\": \"derivative\", \"id\": \"c8c0f538-b94d-11e9-8899-f736e404b0e7\"}, {\"field\": \"c8c0f538-b94d-11e9-8899-f736e404b0e7\", \"type\": \"positive_only\", \"id\": \"c8c0f537-b94d-11e9-8899-f736e404b0e7\"}], \"label\": \"404 Not Found\", \"split_mode\": \"everything\", \"separate_axis\": 0, \"axis_position\": \"right\", \"stacked\": \"none\", \"value_template\": \"{{value}}\", \"id\": \"c8c0f535-b94d-11e9-8899-f736e404b0e7\"}, {\"fill\": \"0.2\", \"line_width\": \"1\", \"point_size\": 0, \"formatter\": \"number\", \"color\": \"#DB1374\", \"chart_type\": \"line\", \"metrics\": [{\"field\": \"couchdb.server.httpd_status_codes.202\", \"type\": \"max\", \"id\": \"c8c0f526-b94d-11e9-8899-f736e404b0e7\"}, {\"unit\": \"1s\", \"field\": \"c8c0f526-b94d-11e9-8899-f736e404b0e7\", \"type\": \"derivative\", \"id\": \"c8c0f528-b94d-11e9-8899-f736e404b0e7\"}, {\"field\": \"c8c0f528-b94d-11e9-8899-f736e404b0e7\", \"type\": \"positive_only\", \"id\": \"c8c0f527-b94d-11e9-8899-f736e404b0e7\"}], \"label\": \"202 Accepted\", \"split_mode\": \"everything\", \"separate_axis\": 0, \"axis_position\": \"right\", \"stacked\": \"none\", \"value_template\": \"{{value}}\", \"id\": \"c8c0f525-b94d-11e9-8899-f736e404b0e7\"}, {\"fill\": \"0.2\", \"line_width\": \"1\", \"point_size\": 0, \"formatter\": \"number\", \"color\": \"#BFA180\", \"chart_type\": \"line\", \"metrics\": [{\"field\": \"couchdb.server.httpd_status_codes.405\", \"type\": \"max\", \"id\": \"c8c0f53a-b94d-11e9-8899-f736e404b0e7\"}, {\"unit\": \"1s\", \"field\": \"c8c0f53a-b94d-11e9-8899-f736e404b0e7\", \"type\": \"derivative\", \"id\": \"c8c0f53c-b94d-11e9-8899-f736e404b0e7\"}, {\"field\": \"c8c0f53c-b94d-11e9-8899-f736e404b0e7\", \"type\": \"positive_only\", \"id\": \"c8c0f53b-b94d-11e9-8899-f736e404b0e7\"}], \"label\": \"405 Method Not Allowed\", \"split_mode\": \"everything\", \"separate_axis\": 0, \"axis_position\": \"right\", \"stacked\": \"none\", \"value_template\": \"{{value}}\", \"id\": \"c8c0f539-b94d-11e9-8899-f736e404b0e7\"}, {\"fill\": \"0.2\", \"line_width\": \"1\", \"point_size\": 0, \"formatter\": \"number\", \"color\": \"#F98510\", \"chart_type\": \"line\", \"metrics\": [{\"field\": \"couchdb.server.httpd_status_codes.409\", \"type\": \"max\", \"id\": \"c8c0f53e-b94d-11e9-8899-f736e404b0e7\"}, {\"unit\": \"1s\", \"field\": \"c8c0f53e-b94d-11e9-8899-f736e404b0e7\", \"type\": \"derivative\", \"id\": \"c8c0f540-b94d-11e9-8899-f736e404b0e7\"}, {\"field\": \"c8c0f540-b94d-11e9-8899-f736e404b0e7\", \"type\": \"positive_only\", \"id\": \"c8c0f53f-b94d-11e9-8899-f736e404b0e7\"}], \"label\": \"409 Conflict\", \"split_mode\": \"everything\", \"separate_axis\": 0, \"axis_position\": \"right\", \"stacked\": \"none\", \"value_template\": \"{{value}}\", \"id\": \"c8c0f53d-b94d-11e9-8899-f736e404b0e7\"}, {\"fill\": \"0.2\", \"line_width\": \"1\", \"point_size\": 0, \"formatter\": \"number\", \"color\": \"#920000\", \"chart_type\": \"line\", \"metrics\": [{\"field\": \"couchdb.server.httpd_status_codes.201\", \"type\": \"max\", \"id\": \"c8c0f546-b94d-11e9-8899-f736e404b0e7\"}, {\"unit\": \"1s\", \"field\": \"c8c0f546-b94d-11e9-8899-f736e404b0e7\", \"type\": \"derivative\", \"id\": \"c8c0f548-b94d-11e9-8899-f736e404b0e7\"}, {\"field\": \"c8c0f548-b94d-11e9-8899-f736e404b0e7\", \"type\": \"positive_only\", \"id\": \"c8c0f547-b94d-11e9-8899-f736e404b0e7\"}], \"label\": \"201 Created\", \"split_mode\": \"everything\", \"separate_axis\": 0, \"axis_position\": \"right\", \"stacked\": \"none\", \"value_template\": \"{{value}}\", \"id\": \"c8c0f545-b94d-11e9-8899-f736e404b0e7\"}], \"show_legend\": 1, \"id\": \"c8c0f520-b94d-11e9-8899-f736e404b0e7\", \"axis_scale\": \"normal\", \"type\": \"timeseries\", \"axis_position\": \"left\", \"interval\": \"auto\", \"show_grid\": 1, \"axis_formatter\": \"number\", \"index_pattern\": \"metricbeat-*\"}, \"title\": \"HTTP Status Codes [Metricbeat CouchDB] ECS\", \"type\": \"metrics\"}"
            },
            "id": "8e15ece0-b94e-11e9-a579-f5c0a5d81340",
            "migrationVersion": {
                "visualization": "7.3.0"
            },
            "references": [],
            "type": "visualization",
            "updated_at": "2019-08-09T10:30:56.854Z",
            "version": "WzExMTksMV0="
        },
        {
            "attributes": {
                "description": "",
                "kibanaSavedObjectMeta": {
                    "searchSourceJSON": "{\"query\": {\"query\": \"\", \"language\": \"kuery\"}, \"filter\": []}"
                },
                "title": "HTTP Request Methods [Metricbeat CouchDB] ECS",
                "uiStateJSON": "{}",
                "version": 1,
                "visState": "{\"aggs\": [], \"params\": {\"default_timefield\": \"@timestamp\", \"filter\": {\"query\": \"\", \"language\": \"kuery\"}, \"default_index_pattern\": \"metricbeat-*\", \"time_field\": \"@timestamp\", \"series\": [{\"fill\": \"0.2\", \"line_width\": \"1\", \"point_size\": 0, \"formatter\": \"number\", \"color\": \"rgba(164,221,0,1)\", \"chart_type\": \"line\", \"metrics\": [{\"field\": \"couchdb.server.httpd_request_methods.GET\", \"type\": \"max\", \"id\": \"bb936ee2-b94e-11e9-86ee-f5b628c75be4\"}, {\"unit\": \"1s\", \"field\": \"bb936ee2-b94e-11e9-86ee-f5b628c75be4\", \"type\": \"derivative\", \"id\": \"bb936ee4-b94e-11e9-86ee-f5b628c75be4\"}, {\"field\": \"bb936ee4-b94e-11e9-86ee-f5b628c75be4\", \"type\": \"positive_only\", \"id\": \"bb936ee3-b94e-11e9-86ee-f5b628c75be4\"}], \"label\": \"GET\", \"split_mode\": \"everything\", \"separate_axis\": 0, \"axis_position\": \"right\", \"stacked\": \"none\", \"value_template\": \"{{value}}\", \"id\": \"bb936ee1-b94e-11e9-86ee-f5b628c75be4\"}, {\"fill\": \"0.2\", \"line_width\": \"1\", \"point_size\": 0, \"formatter\": \"number\", \"color\": \"#DB1374\", \"chart_type\": \"line\", \"metrics\": [{\"field\": \"couchdb.server.httpd_request_methods.POST\", \"type\": \"max\", \"id\": \"bb936ee6-b94e-11e9-86ee-f5b628c75be4\"}, {\"unit\": \"1s\", \"field\": \"bb936ee6-b94e-11e9-86ee-f5b628c75be4\", \"type\": \"derivative\", \"id\": \"bb936ee8-b94e-11e9-86ee-f5b628c75be4\"}, {\"field\": \"bb936ee8-b94e-11e9-86ee-f5b628c75be4\", \"type\": \"positive_only\", \"id\": \"bb936ee7-b94e-11e9-86ee-f5b628c75be4\"}], \"label\": \"POST\", \"split_mode\": \"everything\", \"separate_axis\": 0, \"axis_position\": \"right\", \"stacked\": \"none\", \"value_template\": \"{{value}}\", \"id\": \"bb936ee5-b94e-11e9-86ee-f5b628c75be4\"}, {\"fill\": \"0.2\", \"line_width\": \"1\", \"point_size\": 0, \"formatter\": \"number\", \"color\": \"#00B3A4\", \"chart_type\": \"line\", \"metrics\": [{\"field\": \"couchdb.server.httpd_request_methods.PUT\", \"type\": \"max\", \"id\": \"bb936eea-b94e-11e9-86ee-f5b628c75be4\"}, {\"unit\": \"1s\", \"field\": \"bb936eea-b94e-11e9-86ee-f5b628c75be4\", \"type\": \"derivative\", \"id\": \"bb936eec-b94e-11e9-86ee-f5b628c75be4\"}, {\"field\": \"bb936eec-b94e-11e9-86ee-f5b628c75be4\", \"type\": \"positive_only\", \"id\": \"bb936eeb-b94e-11e9-86ee-f5b628c75be4\"}], \"label\": \"PUT\", \"split_mode\": \"everything\", \"separate_axis\": 0, \"axis_position\": \"right\", \"stacked\": \"none\", \"value_template\": \"{{value}}\", \"id\": \"bb936ee9-b94e-11e9-86ee-f5b628c75be4\"}, {\"fill\": \"0.2\", \"line_width\": \"1\", \"point_size\": 0, \"formatter\": \"number\", \"color\": \"#490092\", \"chart_type\": \"line\", \"metrics\": [{\"field\": \"couchdb.server.httpd_request_methods.DELETE\", \"type\": \"max\", \"id\": \"bb936eee-b94e-11e9-86ee-f5b628c75be4\"}, {\"unit\": \"1s\", \"field\": \"bb936eee-b94e-11e9-86ee-f5b628c75be4\", \"type\": \"derivative\", \"id\": \"bb936ef0-b94e-11e9-86ee-f5b628c75be4\"}, {\"field\": \"bb936ef0-b94e-11e9-86ee-f5b628c75be4\", \"type\": \"positive_only\", \"id\": \"bb936eef-b94e-11e9-86ee-f5b628c75be4\"}], \"label\": \"DELETE\", \"split_mode\": \"everything\", \"separate_axis\": 0, \"axis_position\": \"right\", \"stacked\": \"none\", \"value_template\": \"{{value}}\", \"id\": \"bb936eed-b94e-11e9-86ee-f5b628c75be4\"}, {\"fill\": \"0.2\", \"line_width\": \"1\", \"point_size\": 0, \"formatter\": \"number\", \"color\": \"#FEB6DB\", \"chart_type\": \"line\", \"metrics\": [{\"field\": \"couchdb.server.httpd_request_methods.HEAD\", \"type\": \"max\", \"id\": \"bb936ef2-b94e-11e9-86ee-f5b628c75be4\"}, {\"unit\": \"1s\", \"field\": \"bb936ef2-b94e-11e9-86ee-f5b628c75be4\", \"type\": \"derivative\", \"id\": \"bb936ef4-b94e-11e9-86ee-f5b628c75be4\"}, {\"field\": \"bb936ef4-b94e-11e9-86ee-f5b628c75be4\", \"type\": \"positive_only\", \"id\": \"bb936ef3-b94e-11e9-86ee-f5b628c75be4\"}], \"label\": \"HEAD\", \"split_mode\": \"everything\", \"separate_axis\": 0, \"axis_position\": \"right\", \"stacked\": \"none\", \"value_template\": \"{{value}}\", \"id\": \"bb936ef1-b94e-11e9-86ee-f5b628c75be4\"}, {\"fill\": \"0.2\", \"line_width\": \"1\", \"point_size\": 0, \"formatter\": \"number\", \"color\": \"#E6C220\", \"chart_type\": \"line\", \"metrics\": [{\"field\": \"couchdb.server.httpd_request_methods.COPY\", \"type\": \"max\", \"id\": \"bb936ef6-b94e-11e9-86ee-f5b628c75be4\"}, {\"unit\": \"1s\", \"field\": \"bb936ef6-b94e-11e9-86ee-f5b628c75be4\", \"type\": \"derivative\", \"id\": \"bb936ef8-b94e-11e9-86ee-f5b628c75be4\"}, {\"field\": \"bb936ef8-b94e-11e9-86ee-f5b628c75be4\", \"type\": \"positive_only\", \"id\": \"bb936ef7-b94e-11e9-86ee-f5b628c75be4\"}], \"label\": \"COPY\", \"split_mode\": \"everything\", \"separate_axis\": 0, \"axis_position\": \"right\", \"stacked\": \"none\", \"value_template\": \"{{value}}\", \"id\": \"bb936ef5-b94e-11e9-86ee-f5b628c75be4\"}], \"show_legend\": 1, \"id\": \"bb936ee0-b94e-11e9-86ee-f5b628c75be4\", \"axis_scale\": \"normal\", \"type\": \"timeseries\", \"axis_position\": \"left\", \"interval\": \"auto\", \"show_grid\": 1, \"axis_formatter\": \"number\", \"index_pattern\": \"metricbeat-*\"}, \"title\": \"HTTP Request Methods [Metricbeat CouchDB] ECS\", \"type\": \"metrics\"}"
            },
            "id": "1b60bb70-b94f-11e9-a579-f5c0a5d81340",
            "migrationVersion": {
                "visualization": "7.3.0"
            },
            "references": [],
            "type": "visualization",
            "updated_at": "2019-08-09T10:31:20.866Z",
            "version": "WzExMjQsMV0="
        },
        {
            "attributes": {
                "description": "",
                "kibanaSavedObjectMeta": {
                    "searchSourceJSON": "{\"query\": {\"query\": \"\", \"language\": \"kuery\"}, \"filter\": []}"
                },
                "title": "Open Databases [Metricbeat CouchDB] ECS",
                "uiStateJSON": "{}",
                "version": 1,
                "visState": "{\"aggs\": [], \"params\": {\"show_grid\": 1, \"default_timefield\": \"@timestamp\", \"filter\": {\"query\": \"couchdb\", \"language\": \"kuery\"}, \"type\": \"timeseries\", \"gauge_inner_color\": null, \"gauge_color_rules\": [{\"id\": \"ef4c9800-b94f-11e9-bce6-47447dde021d\"}], \"gauge_inner_width\": 10, \"background_color\": null, \"time_field\": \"@timestamp\", \"default_index_pattern\": \"metricbeat-*\", \"series\": [{\"fill\": \"0.1\", \"line_width\": 2, \"point_size\": \"0\", \"formatter\": \"number\", \"color\": \"rgba(12,121,125,1)\", \"chart_type\": \"line\", \"metrics\": [{\"field\": \"couchdb.server.couchdb.open_databases\", \"type\": \"max\", \"id\": \"71dd8a51-b94f-11e9-9f6f-832b64f4a79f\"}], \"label\": \"Open Databases\", \"split_mode\": \"everything\", \"separate_axis\": 0, \"axis_position\": \"right\", \"stacked\": \"none\", \"value_template\": \"{{value}}\", \"id\": \"71dd8a50-b94f-11e9-9f6f-832b64f4a79f\"}], \"show_legend\": 1, \"axis_scale\": \"normal\", \"legend_position\": \"right\", \"axis_position\": \"left\", \"gauge_width\": 10, \"interval\": \"auto\", \"index_pattern\": \"metricbeat-*\", \"gauge_style\": \"half\", \"axis_formatter\": \"number\", \"id\": \"71dd6340-b94f-11e9-9f6f-832b64f4a79f\"}, \"title\": \"Open Databases [Metricbeat CouchDB] ECS\", \"type\": \"metrics\"}"
            },
            "id": "f8c29f10-b94f-11e9-a579-f5c0a5d81340",
            "migrationVersion": {
                "visualization": "7.3.0"
            },
            "references": [],
            "type": "visualization",
            "updated_at": "2019-08-09T10:26:58.696Z",
            "version": "WzExMDUsMV0="
        },
        {
            "attributes": {
                "description": "",
                "kibanaSavedObjectMeta": {
                    "searchSourceJSON": "{\"query\": {\"query\": \"\", \"language\": \"kuery\"}, \"filter\": []}"
                },
                "title": "Database Read/Writes [Metricbeat CouchDB] ECS",
                "uiStateJSON": "{}",
                "version": 1,
                "visState": "{\"aggs\": [], \"params\": {\"default_timefield\": \"@timestamp\", \"filter\": {\"query\": \"couchdb\", \"language\": \"kuery\"}, \"default_index_pattern\": \"metricbeat-*\", \"time_field\": \"@timestamp\", \"series\": [{\"fill\": \"0.2\", \"line_width\": \"1\", \"point_size\": 0, \"formatter\": \"number\", \"color\": \"rgba(226,115,0,1)\", \"chart_type\": \"line\", \"metrics\": [{\"field\": \"couchdb.server.couchdb.database_writes\", \"type\": \"max\", \"id\": \"48918792-b950-11e9-84ff-97e538653deb\"}, {\"unit\": \"1s\", \"field\": \"48918792-b950-11e9-84ff-97e538653deb\", \"type\": \"derivative\", \"id\": \"48918794-b950-11e9-84ff-97e538653deb\"}, {\"field\": \"48918794-b950-11e9-84ff-97e538653deb\", \"type\": \"positive_only\", \"id\": \"48918793-b950-11e9-84ff-97e538653deb\"}], \"label\": \"database_writes\", \"split_mode\": \"everything\", \"separate_axis\": 0, \"axis_position\": \"right\", \"stacked\": \"none\", \"value_template\": \"{{value}}\", \"id\": \"48918791-b950-11e9-84ff-97e538653deb\"}, {\"fill\": \"0.2\", \"line_width\": \"1\", \"point_size\": 0, \"formatter\": \"number\", \"color\": \"rgba(160,203,38,1)\", \"chart_type\": \"line\", \"metrics\": [{\"field\": \"couchdb.server.couchdb.database_reads\", \"type\": \"max\", \"id\": \"7c71dd31-b950-11e9-bd31-d98b40ea3379\"}, {\"unit\": \"1s\", \"field\": \"7c71dd31-b950-11e9-bd31-d98b40ea3379\", \"type\": \"derivative\", \"id\": \"7c71dd32-b950-11e9-bd31-d98b40ea3379\"}, {\"unit\": \"\", \"field\": \"7c71dd32-b950-11e9-bd31-d98b40ea3379\", \"type\": \"positive_only\", \"id\": \"7c71dd33-b950-11e9-bd31-d98b40ea3379\"}], \"label\": \"database_reads\", \"split_mode\": \"everything\", \"separate_axis\": 0, \"axis_position\": \"right\", \"stacked\": \"none\", \"value_template\": \"{{value}}\", \"id\": \"7c71dd30-b950-11e9-bd31-d98b40ea3379\"}], \"show_legend\": 1, \"id\": \"48918790-b950-11e9-84ff-97e538653deb\", \"axis_scale\": \"normal\", \"type\": \"timeseries\", \"axis_position\": \"left\", \"interval\": \"auto\", \"show_grid\": 1, \"axis_formatter\": \"number\", \"index_pattern\": \"metricbeat-*\"}, \"title\": \"Database Read/Writes [Metricbeat CouchDB] ECS\", \"type\": \"metrics\"}"
            },
            "id": "702584a0-b950-11e9-a579-f5c0a5d81340",
            "migrationVersion": {
                "visualization": "7.3.0"
            },
            "references": [],
            "type": "visualization",
            "updated_at": "2019-08-09T10:30:34.762Z",
            "version": "WzExMTUsMV0="
        },
        {
            "attributes": {
                "description": "",
                "kibanaSavedObjectMeta": {
                    "searchSourceJSON": "{\"query\": {\"query\": \"\", \"language\": \"kuery\"}, \"filter\": []}"
                },
                "title": "Auth Cache Hit/Miss [Metricbeat CouchDB] ECS",
                "uiStateJSON": "{}",
                "version": 1,
                "visState": "{\"aggs\": [], \"params\": {\"default_timefield\": \"@timestamp\", \"filter\": {\"query\": \"couchdb\", \"language\": \"kuery\"}, \"default_index_pattern\": \"metricbeat-*\", \"time_field\": \"@timestamp\", \"series\": [{\"fill\": 0, \"line_width\": 2, \"point_size\": 0, \"formatter\": \"number\", \"color\": \"rgba(179,101,87,1)\", \"chart_type\": \"line\", \"metrics\": [{\"field\": \"couchdb.server.couchdb.auth_cache_misses\", \"type\": \"max\", \"id\": \"7ccd9c52-b951-11e9-8e1d-17d2519ede48\"}, {\"unit\": \"1s\", \"field\": \"7ccd9c52-b951-11e9-8e1d-17d2519ede48\", \"type\": \"derivative\", \"id\": \"7ccd9c54-b951-11e9-8e1d-17d2519ede48\"}, {\"field\": \"7ccd9c54-b951-11e9-8e1d-17d2519ede48\", \"type\": \"positive_only\", \"id\": \"7ccd9c53-b951-11e9-8e1d-17d2519ede48\"}], \"label\": \"auth_cache_misses\", \"split_mode\": \"everything\", \"separate_axis\": 0, \"axis_position\": \"right\", \"stacked\": \"none\", \"value_template\": \"{{value}}\", \"id\": \"7ccd9c51-b951-11e9-8e1d-17d2519ede48\"}, {\"fill\": 0, \"line_width\": 2, \"point_size\": 0, \"formatter\": \"number\", \"color\": \"rgba(129,169,80,1)\", \"chart_type\": \"line\", \"metrics\": [{\"field\": \"couchdb.server.couchdb.auth_cache_hits\", \"type\": \"max\", \"id\": \"7ccd9c56-b951-11e9-8e1d-17d2519ede48\"}, {\"unit\": \"1s\", \"field\": \"7ccd9c56-b951-11e9-8e1d-17d2519ede48\", \"type\": \"derivative\", \"id\": \"7ccd9c58-b951-11e9-8e1d-17d2519ede48\"}, {\"field\": \"7ccd9c58-b951-11e9-8e1d-17d2519ede48\", \"type\": \"positive_only\", \"id\": \"7ccd9c57-b951-11e9-8e1d-17d2519ede48\"}], \"label\": \"auth_cache_hits\", \"split_mode\": \"everything\", \"separate_axis\": 0, \"axis_position\": \"right\", \"stacked\": \"none\", \"value_template\": \"{{value}}\", \"id\": \"7ccd9c55-b951-11e9-8e1d-17d2519ede48\"}], \"show_legend\": 1, \"id\": \"7ccd9c50-b951-11e9-8e1d-17d2519ede48\", \"axis_scale\": \"normal\", \"type\": \"timeseries\", \"axis_position\": \"left\", \"interval\": \"auto\", \"show_grid\": 1, \"axis_formatter\": \"number\", \"index_pattern\": \"metricbeat-*\"}, \"title\": \"Auth Cache Hit/Miss [Metricbeat CouchDB] ECS\", \"type\": \"metrics\"}"
            },
            "id": "abfaf130-b951-11e9-a579-f5c0a5d81340",
            "migrationVersion": {
                "visualization": "7.3.0"
            },
            "references": [],
            "type": "visualization",
            "updated_at": "2019-08-09T10:32:05.471Z",
            "version": "WzExMzYsMV0="
        },
        {
            "attributes": {
                "description": "",
                "kibanaSavedObjectMeta": {
                    "searchSourceJSON": "{\"query\": {\"query\": \"\", \"language\": \"kuery\"}, \"filter\": []}"
                },
                "title": "Number of HTTP Requests [Metricbeat CouchDB] ECS",
                "uiStateJSON": "{}",
                "version": 1,
                "visState": "{\"aggs\": [], \"params\": {\"default_timefield\": \"@timestamp\", \"filter\": {\"query\": \"couchdb\", \"language\": \"kuery\"}, \"default_index_pattern\": \"metricbeat-*\", \"time_field\": \"@timestamp\", \"series\": [{\"fill\": \"0.2\", \"line_width\": \"1\", \"point_size\": 0, \"formatter\": \"number\", \"color\": \"rgba(82,174,177,1)\", \"chart_type\": \"line\", \"metrics\": [{\"field\": \"couchdb.server.httpd.requests\", \"type\": \"max\", \"id\": \"caae9782-b951-11e9-8945-b5f393c4775d\"}, {\"unit\": \"1s\", \"field\": \"caae9782-b951-11e9-8945-b5f393c4775d\", \"type\": \"derivative\", \"id\": \"caae9784-b951-11e9-8945-b5f393c4775d\"}, {\"field\": \"caae9784-b951-11e9-8945-b5f393c4775d\", \"type\": \"positive_only\", \"id\": \"caae9783-b951-11e9-8945-b5f393c4775d\"}], \"label\": \"requests\", \"split_mode\": \"everything\", \"separate_axis\": 0, \"axis_position\": \"right\", \"stacked\": \"none\", \"value_template\": \"{{value}}\", \"id\": \"caae9781-b951-11e9-8945-b5f393c4775d\"}, {\"fill\": \"0.2\", \"line_width\": \"1\", \"point_size\": 0, \"formatter\": \"number\", \"color\": \"rgba(237,193,119,1)\", \"chart_type\": \"line\", \"metrics\": [{\"field\": \"couchdb.server.httpd.bulk_requests\", \"type\": \"max\", \"id\": \"caae9786-b951-11e9-8945-b5f393c4775d\"}, {\"unit\": \"1s\", \"field\": \"caae9786-b951-11e9-8945-b5f393c4775d\", \"type\": \"derivative\", \"id\": \"caae9788-b951-11e9-8945-b5f393c4775d\"}, {\"field\": \"caae9788-b951-11e9-8945-b5f393c4775d\", \"type\": \"positive_only\", \"id\": \"caae9787-b951-11e9-8945-b5f393c4775d\"}], \"label\": \"bulk_requests\", \"split_mode\": \"everything\", \"separate_axis\": 0, \"axis_position\": \"right\", \"stacked\": \"none\", \"value_template\": \"{{value}}\", \"id\": \"caae9785-b951-11e9-8945-b5f393c4775d\"}], \"show_legend\": 1, \"id\": \"caae9780-b951-11e9-8945-b5f393c4775d\", \"axis_scale\": \"normal\", \"type\": \"timeseries\", \"axis_position\": \"left\", \"interval\": \"auto\", \"show_grid\": 1, \"axis_formatter\": \"number\", \"index_pattern\": \"metricbeat-*\"}, \"title\": \"Number of HTTP Requests [Metricbeat CouchDB] ECS\", \"type\": \"metrics\"}"
            },
            "id": "06018310-b952-11e9-a579-f5c0a5d81340",
            "migrationVersion": {
                "visualization": "7.3.0"
            },
            "references": [],
            "type": "visualization",
            "updated_at": "2019-08-09T10:30:13.765Z",
            "version": "WzExMTAsMV0="
        },
        {
            "attributes": {
                "description": "",
                "kibanaSavedObjectMeta": {
                    "searchSourceJSON": "{\"query\": {\"query\": \"\", \"language\": \"kuery\"}, \"filter\": []}"
                },
                "title": "Number of View Reads [Metricbeat CouchDB] ECS",
                "uiStateJSON": "{}",
                "version": 1,
                "visState": "{\"aggs\": [], \"params\": {\"default_timefield\": \"@timestamp\", \"filter\": {\"query\": \"couchdb\", \"language\": \"kuery\"}, \"default_index_pattern\": \"metricbeat-*\", \"time_field\": \"@timestamp\", \"series\": [{\"fill\": 0, \"line_width\": 2, \"point_size\": 0, \"formatter\": \"number\", \"color\": \"rgba(0,156,224,1)\", \"chart_type\": \"line\", \"metrics\": [{\"field\": \"couchdb.server.httpd.view_reads\", \"type\": \"max\", \"id\": \"1d4e0522-b952-11e9-b9f3-4d741a808166\"}, {\"unit\": \"1s\", \"field\": \"1d4e0522-b952-11e9-b9f3-4d741a808166\", \"type\": \"derivative\", \"id\": \"1d4e0524-b952-11e9-b9f3-4d741a808166\"}, {\"field\": \"1d4e0524-b952-11e9-b9f3-4d741a808166\", \"type\": \"positive_only\", \"id\": \"1d4e0523-b952-11e9-b9f3-4d741a808166\"}], \"label\": \"view_reads\", \"split_mode\": \"everything\", \"separate_axis\": 0, \"axis_position\": \"right\", \"stacked\": \"none\", \"value_template\": \"{{value}}\", \"id\": \"1d4e0521-b952-11e9-b9f3-4d741a808166\"}, {\"fill\": 0, \"line_width\": 2, \"point_size\": 0, \"formatter\": \"number\", \"color\": \"rgba(247,61,231,1)\", \"chart_type\": \"line\", \"metrics\": [{\"field\": \"couchdb.server.httpd.temporary_view_reads\", \"type\": \"max\", \"id\": \"1d4e0526-b952-11e9-b9f3-4d741a808166\"}, {\"unit\": \"1s\", \"field\": \"1d4e0526-b952-11e9-b9f3-4d741a808166\", \"type\": \"derivative\", \"id\": \"1d4e0528-b952-11e9-b9f3-4d741a808166\"}, {\"field\": \"1d4e0528-b952-11e9-b9f3-4d741a808166\", \"type\": \"positive_only\", \"id\": \"1d4e0527-b952-11e9-b9f3-4d741a808166\"}], \"label\": \"temporary_view_reads\", \"split_mode\": \"everything\", \"separate_axis\": 0, \"axis_position\": \"right\", \"stacked\": \"none\", \"value_template\": \"{{value}}\", \"id\": \"1d4e0525-b952-11e9-b9f3-4d741a808166\"}], \"show_legend\": 1, \"id\": \"1d4e0520-b952-11e9-b9f3-4d741a808166\", \"axis_scale\": \"normal\", \"type\": \"timeseries\", \"axis_position\": \"left\", \"interval\": \"auto\", \"show_grid\": 1, \"axis_formatter\": \"number\", \"index_pattern\": \"metricbeat-*\"}, \"title\": \"Number of View Reads [Metricbeat CouchDB] ECS\", \"type\": \"metrics\"}"
            },
            "id": "496910f0-b952-11e9-a579-f5c0a5d81340",
            "migrationVersion": {
                "visualization": "7.3.0"
            },
            "references": [],
            "type": "visualization",
            "updated_at": "2019-08-09T10:31:41.262Z",
            "version": "WzExMzEsMV0="
        }
    ],
    "version": "7.3.0"
}