{
    "objects": [
        {
            "attributes": {
                "description": "Overview of MySQL server",
                "hits": 0,
                "kibanaSavedObjectMeta": {
                    "searchSourceJSON": "{\"query\": {\"query\": \"\", \"language\": \"kuery\"}, \"filter\": [], \"version\": true, \"highlightAll\": true}"
                },
                "optionsJSON": "{\"darkTheme\": false, \"useMargins\": true}",
                "panelsJSON": "[{\"title\": \"Open Tables, Files, Streams\", \"embeddableConfig\": {\"title\": \"Open Tables, Files, Streams\"}, \"gridData\": {\"y\": 38, \"h\": 15, \"i\": \"14\", \"w\": 24, \"x\": 24}, \"panelRefName\": \"panel_0\", \"panelIndex\": \"14\", \"version\": \"7.3.1\"}, {\"title\": \"Rate of Questions\", \"embeddableConfig\": {\"title\": \"Rate of Questions\"}, \"gridData\": {\"y\": 0, \"h\": 12, \"i\": \"050b110b-0b4d-404a-86c0-fa97f7eed2a0\", \"w\": 16, \"x\": 0}, \"panelRefName\": \"panel_1\", \"panelIndex\": \"050b110b-0b4d-404a-86c0-fa97f7eed2a0\", \"version\": \"7.3.1\"}, {\"title\": \"Rate of SELECT statements\", \"embeddableConfig\": {\"title\": \"Rate of SELECT statements\"}, \"gridData\": {\"y\": 0, \"h\": 12, \"i\": \"988a61d7-ac3e-481e-a6ae-aa75aaa32a3a\", \"w\": 16, \"x\": 16}, \"panelRefName\": \"panel_2\", \"panelIndex\": \"988a61d7-ac3e-481e-a6ae-aa75aaa32a3a\", \"version\": \"7.3.1\"}, {\"title\": \"Rate of INSERT, UPDATE, DELETE\", \"embeddableConfig\": {\"title\": \"Rate of INSERT, UPDATE, DELETE\"}, \"gridData\": {\"y\": 0, \"h\": 12, \"i\": \"a1f8fa38-a62f-4e05-adde-e995dae9ad83\", \"w\": 16, \"x\": 32}, \"panelRefName\": \"panel_3\", \"panelIndex\": \"a1f8fa38-a62f-4e05-adde-e995dae9ad83\", \"version\": \"7.3.1\"}, {\"title\": \"Connected Threads\", \"embeddableConfig\": {\"title\": \"Connected Threads\"}, \"gridData\": {\"y\": 12, \"h\": 12, \"i\": \"d126fb61-605f-43af-b5d5-3fa3c128f726\", \"w\": 6, \"x\": 0}, \"panelRefName\": \"panel_4\", \"panelIndex\": \"d126fb61-605f-43af-b5d5-3fa3c128f726\", \"version\": \"7.3.1\"}, {\"title\": \"Connections\", \"embeddableConfig\": {\"title\": \"Connections\"}, \"gridData\": {\"y\": 12, \"h\": 12, \"i\": \"59586d96-3abd-48a3-a258-cfd620826ec2\", \"w\": 14, \"x\": 6}, \"panelRefName\": \"panel_5\", \"panelIndex\": \"59586d96-3abd-48a3-a258-cfd620826ec2\", \"version\": \"7.3.1\"}, {\"title\": \"Aborted Connections Rate\", \"embeddableConfig\": {\"title\": \"Aborted Connections Rate\"}, \"gridData\": {\"y\": 12, \"h\": 12, \"i\": \"dd0cf202-fe22-4daf-8f25-09c64d412bf3\", \"w\": 14, \"x\": 20}, \"panelRefName\": \"panel_6\", \"panelIndex\": \"dd0cf202-fe22-4daf-8f25-09c64d412bf3\", \"version\": \"7.3.1\"}, {\"title\": \"Thread Activity\", \"embeddableConfig\": {\"title\": \"Thread Activity\"}, \"gridData\": {\"y\": 12, \"h\": 12, \"i\": \"ead16a55-a2d3-49ae-a09b-a0b03560e9a0\", \"w\": 14, \"x\": 34}, \"panelRefName\": \"panel_7\", \"panelIndex\": \"ead16a55-a2d3-49ae-a09b-a0b03560e9a0\", \"version\": \"7.3.1\"}, {\"title\": \"Buffer Pool Pages\", \"embeddableConfig\": {\"title\": \"Buffer Pool Pages\"}, \"gridData\": {\"y\": 24, \"h\": 14, \"i\": \"24fc2926-610d-4910-8f3e-eb63ca69788c\", \"w\": 15, \"x\": 0}, \"panelRefName\": \"panel_8\", \"panelIndex\": \"24fc2926-610d-4910-8f3e-eb63ca69788c\", \"version\": \"7.3.1\"}, {\"title\": \"Buffer Pool Utilization\", \"embeddableConfig\": {\"title\": \"Buffer Pool Utilization\"}, \"gridData\": {\"y\": 24, \"h\": 14, \"i\": \"33c10c95-be67-492e-afb5-863f375cffc2\", \"w\": 16, \"x\": 15}, \"panelRefName\": \"panel_9\", \"panelIndex\": \"33c10c95-be67-492e-afb5-863f375cffc2\", \"version\": \"7.3.1\"}, {\"title\": \"Network Traffic\", \"embeddableConfig\": {\"title\": \"Network Traffic\"}, \"gridData\": {\"y\": 38, \"h\": 15, \"i\": \"3cd58868-0d03-4715-9ecc-9fba3cde47c1\", \"w\": 24, \"x\": 0}, \"panelRefName\": \"panel_10\", \"panelIndex\": \"3cd58868-0d03-4715-9ecc-9fba3cde47c1\", \"version\": \"7.3.1\"}, {\"title\": \"Buffer Pool Efficiency\", \"embeddableConfig\": {\"title\": \"Buffer Pool Efficiency\"}, \"gridData\": {\"y\": 24, \"h\": 14, \"i\": \"d35d7c5e-8832-40e2-8c77-953ad320c853\", \"w\": 17, \"x\": 31}, \"panelRefName\": \"panel_11\", \"panelIndex\": \"d35d7c5e-8832-40e2-8c77-953ad320c853\", \"version\": \"7.3.1\"}]",
                "timeRestore": false,
                "title": "[Metricbeat MySQL] Database Overview",
                "version": 1
            },
            "id": "57b3fb50-6309-11ea-a83e-25b8612d00cc",
            "migrationVersion": {
                "dashboard": "7.3.0"
            },
            "references": [
                {
                    "id": "aaa326b0-f1f5-11e7-85ab-594b1652e0d1-ecs",
                    "name": "panel_0",
                    "type": "visualization"
                },
                {
                    "id": "4fa69a10-630b-11ea-a83e-25b8612d00cc",
                    "name": "panel_1",
                    "type": "visualization"
                },
                {
                    "id": "7ea77d30-630a-11ea-a83e-25b8612d00cc",
                    "name": "panel_2",
                    "type": "visualization"
                },
                {
                    "id": "779ee920-6309-11ea-a83e-25b8612d00cc",
                    "name": "panel_3",
                    "type": "visualization"
                },
                {
                    "id": "fc6b5a40-630d-11ea-a83e-25b8612d00cc",
                    "name": "panel_4",
                    "type": "visualization"
                },
                {
                    "id": "493e8460-630d-11ea-a83e-25b8612d00cc",
                    "name": "panel_5",
                    "type": "visualization"
                },
                {
                    "id": "bf60bc10-639b-11ea-a83e-25b8612d00cc",
                    "name": "panel_6",
                    "type": "visualization"
                },
                {
                    "id": "822df290-630f-11ea-a83e-25b8612d00cc",
                    "name": "panel_7",
                    "type": "visualization"
                },
                {
                    "id": "98c7bca0-63a2-11ea-a83e-25b8612d00cc",
                    "name": "panel_8",
                    "type": "visualization"
                },
                {
                    "id": "96d46630-63a4-11ea-a83e-25b8612d00cc",
                    "name": "panel_9",
                    "type": "visualization"
                },
                {
                    "id": "c8661020-6310-11ea-a83e-25b8612d00cc",
                    "name": "panel_10",
                    "type": "visualization"
                },
                {
                    "id": "a1e00160-63a4-11ea-a83e-25b8612d00cc",
                    "name": "panel_11",
                    "type": "visualization"
                }
            ],
            "type": "dashboard",
            "updated_at": "2020-03-16T13:01:34.528Z",
            "version": "WzQ2NzAsMV0="
        },
        {
            "attributes": {
                "description": "",
                "kibanaSavedObjectMeta": {
                    "searchSourceJSON": "{\"query\": {\"query\": \"\", \"language\": \"kuery\"}, \"filter\": []}"
                },
                "title": "Open tables, files, streams [Metricbeat MySQL] ECS",
                "uiStateJSON": "{}",
                "version": 1,
                "visState": "{\"aggs\": [], \"params\": {\"default_timefield\": \"@timestamp\", \"show_grid\": 1, \"default_index_pattern\": \"metricbeat-*\", \"time_field\": \"@timestamp\", \"series\": [{\"fill\": \"0.3\", \"line_width\": 1, \"seperate_axis\": 0, \"formatter\": \"number\", \"chart_type\": \"line\", \"metrics\": [{\"field\": \"mysql.status.open.tables\", \"type\": \"avg\", \"id\": \"61ca57f2-469d-11e7-af02-69e470af7417\"}], \"point_size\": \"0\", \"label\": \"Open Tables\", \"split_mode\": \"everything\", \"color\": \"rgba(22,165,165,1)\", \"type\": \"timeseries\", \"axis_position\": \"right\", \"stacked\": \"none\", \"id\": \"61ca57f1-469d-11e7-af02-69e470af7417\"}, {\"fill\": \"0.3\", \"line_width\": 1, \"point_size\": \"0\", \"formatter\": \"number\", \"color\": \"rgba(252,196,0,1)\", \"chart_type\": \"line\", \"metrics\": [{\"field\": \"mysql.status.open.files\", \"type\": \"avg\", \"id\": \"615a2401-6312-11ea-99e6-b5eed31db613\"}], \"label\": \"Open Files\", \"split_mode\": \"everything\", \"separate_axis\": 0, \"type\": \"timeseries\", \"axis_position\": \"right\", \"stacked\": \"none\", \"id\": \"615a2400-6312-11ea-99e6-b5eed31db613\"}, {\"fill\": \"0.3\", \"line_width\": 1, \"point_size\": \"0\", \"formatter\": \"number\", \"color\": \"rgba(226,115,0,1)\", \"chart_type\": \"line\", \"metrics\": [{\"field\": \"mysql.status.open.streams\", \"type\": \"avg\", \"id\": \"15d7bcd1-6313-11ea-99e6-b5eed31db613\"}], \"label\": \"Open Streams\", \"split_mode\": \"everything\", \"separate_axis\": 0, \"type\": \"timeseries\", \"axis_position\": \"right\", \"stacked\": \"none\", \"id\": \"15d7bcd0-6313-11ea-99e6-b5eed31db613\"}], \"show_legend\": 1, \"isModelInvalid\": false, \"id\": \"61ca57f0-469d-11e7-af02-69e470af7417\", \"axis_scale\": \"normal\", \"type\": \"timeseries\", \"axis_position\": \"left\", \"interval\": \"auto\", \"legend_position\": \"bottom\", \"axis_formatter\": \"number\", \"index_pattern\": \"metricbeat-*\"}, \"title\": \"Open tables, files, streams [Metricbeat MySQL] ECS\", \"type\": \"metrics\"}"
            },
            "id": "aaa326b0-f1f5-11e7-85ab-594b1652e0d1-ecs",
            "migrationVersion": {
                "visualization": "7.4.2"
            },
            "references": [],
            "type": "visualization",
            "updated_at": "2020-03-16T13:01:07.859Z",
            "version": "WzQ2NjksMV0="
        },
        {
            "attributes": {
                "description": "",
                "kibanaSavedObjectMeta": {
                    "searchSourceJSON": "{\"query\": {\"query\": \"\", \"language\": \"kuery\"}, \"filter\": []}"
                },
                "title": "Question rates [Metricbeat MySQL] ECS",
                "uiStateJSON": "{}",
                "version": 1,
                "visState": "{\"aggs\": [], \"params\": {\"default_timefield\": \"@timestamp\", \"show_grid\": 1, \"series\": [{\"fill\": \"0.3\", \"line_width\": 1, \"seperate_axis\": 0, \"formatter\": \"'0.0a'\", \"chart_type\": \"line\", \"metrics\": [{\"field\": \"mysql.status.questions\", \"type\": \"max\", \"id\": \"3c2a2a41-f1f4-11e7-a752-236fe3270d99\"}, {\"unit\": \"1s\", \"field\": \"3c2a2a41-f1f4-11e7-a752-236fe3270d99\", \"type\": \"derivative\", \"id\": \"3c2a2a42-f1f4-11e7-a752-236fe3270d99\"}, {\"unit\": \"\", \"field\": \"3c2a2a42-f1f4-11e7-a752-236fe3270d99\", \"type\": \"positive_only\", \"id\": \"82f59710-6309-11ea-99e6-b5eed31db613\"}], \"point_size\": 1, \"label\": \"SELECT\", \"split_mode\": \"everything\", \"color\": \"rgba(252,220,0,1)\", \"type\": \"timeseries\", \"axis_position\": \"right\", \"stacked\": \"none\", \"id\": \"3c2a2a40-f1f4-11e7-a752-236fe3270d99\"}], \"time_field\": \"@timestamp\", \"default_index_pattern\": \"metricbeat-*\", \"show_legend\": 0, \"isModelInvalid\": false, \"id\": \"61ca57f0-469d-11e7-af02-69e470af7417\", \"axis_scale\": \"normal\", \"bar_color_rules\": [{\"id\": \"d61928d0-6309-11ea-99e6-b5eed31db613\"}], \"type\": \"timeseries\", \"axis_position\": \"left\", \"interval\": \"auto\", \"legend_position\": \"right\", \"axis_formatter\": \"number\", \"index_pattern\": \"metricbeat-*\"}, \"title\": \"Question rates [Metricbeat MySQL] ECS\", \"type\": \"metrics\"}"
            },
            "id": "4fa69a10-630b-11ea-a83e-25b8612d00cc",
            "migrationVersion": {
                "visualization": "7.4.2"
            },
            "references": [],
            "type": "visualization",
            "updated_at": "2020-03-16T12:58:09.873Z",
            "version": "WzQ2NTQsMV0="
        },
        {
            "attributes": {
                "description": "",
                "kibanaSavedObjectMeta": {
                    "searchSourceJSON": "{\"query\": {\"query\": \"\", \"language\": \"kuery\"}, \"filter\": []}"
                },
                "title": "SELECT rates [Metricbeat MySQL] ECS",
                "uiStateJSON": "{}",
                "version": 1,
                "visState": "{\"aggs\": [], \"params\": {\"default_timefield\": \"@timestamp\", \"show_grid\": 1, \"series\": [{\"fill\": \"0.3\", \"line_width\": 1, \"seperate_axis\": 0, \"formatter\": \"'0.0a'\", \"chart_type\": \"line\", \"metrics\": [{\"field\": \"mysql.status.command.select\", \"type\": \"max\", \"id\": \"3c2a2a41-f1f4-11e7-a752-236fe3270d99\"}, {\"unit\": \"1s\", \"field\": \"3c2a2a41-f1f4-11e7-a752-236fe3270d99\", \"type\": \"derivative\", \"id\": \"3c2a2a42-f1f4-11e7-a752-236fe3270d99\"}, {\"unit\": \"\", \"field\": \"3c2a2a42-f1f4-11e7-a752-236fe3270d99\", \"type\": \"positive_only\", \"id\": \"82f59710-6309-11ea-99e6-b5eed31db613\"}], \"point_size\": 1, \"label\": \"SELECT\", \"split_mode\": \"everything\", \"color\": \"rgba(0,156,224,1)\", \"type\": \"timeseries\", \"axis_position\": \"right\", \"stacked\": \"none\", \"id\": \"3c2a2a40-f1f4-11e7-a752-236fe3270d99\"}], \"time_field\": \"@timestamp\", \"default_index_pattern\": \"metricbeat-*\", \"show_legend\": 0, \"isModelInvalid\": false, \"id\": \"61ca57f0-469d-11e7-af02-69e470af7417\", \"axis_scale\": \"normal\", \"bar_color_rules\": [{\"id\": \"d61928d0-6309-11ea-99e6-b5eed31db613\"}], \"type\": \"timeseries\", \"axis_position\": \"left\", \"interval\": \"auto\", \"legend_position\": \"right\", \"axis_formatter\": \"number\", \"index_pattern\": \"metricbeat-*\"}, \"title\": \"SELECT rates [Metricbeat MySQL] ECS\", \"type\": \"metrics\"}"
            },
            "id": "7ea77d30-630a-11ea-a83e-25b8612d00cc",
            "migrationVersion": {
                "visualization": "7.4.2"
            },
            "references": [],
            "type": "visualization",
            "updated_at": "2020-03-16T12:59:11.517Z",
            "version": "WzQ2NTUsMV0="
        },
        {
            "attributes": {
                "description": "",
                "kibanaSavedObjectMeta": {
                    "searchSourceJSON": "{\"query\": {\"query\": \"\", \"language\": \"kuery\"}, \"filter\": []}"
                },
                "title": "Insert, Update, Delete rates [Metricbeat MySQL] ECS",
                "uiStateJSON": "{}",
                "version": 1,
                "visState": "{\"aggs\": [], \"params\": {\"default_timefield\": \"@timestamp\", \"show_grid\": 1, \"series\": [{\"fill\": \"0.3\", \"line_width\": 1, \"seperate_axis\": 0, \"formatter\": \"number\", \"chart_type\": \"line\", \"metrics\": [{\"field\": \"mysql.status.command.insert\", \"type\": \"max\", \"id\": \"3c2a2a41-f1f4-11e7-a752-236fe3270d99\"}, {\"unit\": \"1s\", \"field\": \"3c2a2a41-f1f4-11e7-a752-236fe3270d99\", \"type\": \"derivative\", \"id\": \"3c2a2a42-f1f4-11e7-a752-236fe3270d99\"}, {\"unit\": \"\", \"field\": \"3c2a2a42-f1f4-11e7-a752-236fe3270d99\", \"type\": \"positive_only\", \"id\": \"82f59710-6309-11ea-99e6-b5eed31db613\"}], \"point_size\": 1, \"label\": \"INSERT\", \"split_mode\": \"everything\", \"color\": \"rgba(104,204,202,1)\", \"type\": \"timeseries\", \"axis_position\": \"right\", \"stacked\": \"none\", \"id\": \"3c2a2a40-f1f4-11e7-a752-236fe3270d99\"}, {\"fill\": \"0.3\", \"line_width\": 1, \"seperate_axis\": 0, \"formatter\": \"number\", \"chart_type\": \"line\", \"metrics\": [{\"field\": \"mysql.status.command.update\", \"type\": \"max\", \"id\": \"485ce051-f1f4-11e7-a752-236fe3270d99\"}, {\"unit\": \"1s\", \"field\": \"485ce051-f1f4-11e7-a752-236fe3270d99\", \"type\": \"derivative\", \"id\": \"485ce052-f1f4-11e7-a752-236fe3270d99\"}, {\"unit\": \"\", \"field\": \"485ce052-f1f4-11e7-a752-236fe3270d99\", \"type\": \"positive_only\", \"id\": \"a4092660-6309-11ea-99e6-b5eed31db613\"}], \"point_size\": 1, \"label\": \"UPDATE\", \"split_mode\": \"everything\", \"color\": \"rgba(252,220,0,1)\", \"type\": \"timeseries\", \"axis_position\": \"right\", \"stacked\": \"none\", \"id\": \"485ce050-f1f4-11e7-a752-236fe3270d99\"}, {\"fill\": \"0.3\", \"line_width\": 1, \"seperate_axis\": 0, \"formatter\": \"number\", \"chart_type\": \"line\", \"metrics\": [{\"field\": \"mysql.status.command.delete\", \"type\": \"max\", \"id\": \"543a4a71-f1f4-11e7-a752-236fe3270d99\"}, {\"unit\": \"1s\", \"field\": \"543a4a71-f1f4-11e7-a752-236fe3270d99\", \"type\": \"derivative\", \"id\": \"543a4a72-f1f4-11e7-a752-236fe3270d99\"}, {\"unit\": \"\", \"field\": \"543a4a72-f1f4-11e7-a752-236fe3270d99\", \"type\": \"positive_only\", \"id\": \"bae29b50-6309-11ea-99e6-b5eed31db613\"}], \"point_size\": 1, \"label\": \"DELETE\", \"split_mode\": \"everything\", \"color\": \"rgba(244,78,59,1)\", \"type\": \"timeseries\", \"axis_position\": \"right\", \"stacked\": \"none\", \"id\": \"543a4a70-f1f4-11e7-a752-236fe3270d99\"}], \"time_field\": \"@timestamp\", \"default_index_pattern\": \"metricbeat-*\", \"show_legend\": 1, \"isModelInvalid\": false, \"id\": \"61ca57f0-469d-11e7-af02-69e470af7417\", \"axis_scale\": \"normal\", \"bar_color_rules\": [{\"id\": \"d61928d0-6309-11ea-99e6-b5eed31db613\"}], \"type\": \"timeseries\", \"axis_position\": \"left\", \"interval\": \"auto\", \"legend_position\": \"bottom\", \"axis_formatter\": \"number\", \"index_pattern\": \"metricbeat-*\"}, \"title\": \"Insert, Update, Delete rates [Metricbeat MySQL] ECS\", \"type\": \"metrics\"}"
            },
            "id": "779ee920-6309-11ea-a83e-25b8612d00cc",
            "migrationVersion": {
                "visualization": "7.4.2"
            },
            "references": [],
            "type": "visualization",
            "updated_at": "2020-03-16T12:59:32.603Z",
            "version": "WzQ2NTYsMV0="
        },
        {
            "attributes": {
                "description": "",
                "kibanaSavedObjectMeta": {
                    "searchSourceJSON": "{\"query\": {\"query\": \"\", \"language\": \"kuery\"}, \"filter\": []}"
                },
                "title": "Connected Threads [Metricbeat MySQL] ECS",
                "uiStateJSON": "{}",
                "version": 1,
                "visState": "{\"aggs\": [], \"params\": {\"show_grid\": 1, \"default_timefield\": \"@timestamp\", \"legend_position\": \"bottom\", \"background_color_rules\": [{\"id\": \"d5fcf170-630d-11ea-99e6-b5eed31db613\"}], \"gauge_width\": 10, \"gauge_color_rules\": [{\"id\": \"f1321f60-630d-11ea-99e6-b5eed31db613\"}], \"gauge_inner_width\": 10, \"time_field\": \"@timestamp\", \"default_index_pattern\": \"metricbeat-*\", \"series\": [{\"fill\": \"0.3\", \"line_width\": \"2\", \"point_size\": \"0\", \"formatter\": \"number\", \"color\": \"rgba(115,216,255,0.89)\", \"chart_type\": \"line\", \"metrics\": [{\"field\": \"mysql.status.threads.connected\", \"type\": \"max\", \"id\": \"fe9af661-630b-11ea-99e6-b5eed31db613\"}], \"label\": \"Connections\", \"split_mode\": \"everything\", \"separate_axis\": 0, \"type\": \"timeseries\", \"axis_position\": \"right\", \"stacked\": \"none\", \"id\": \"fe9af660-630b-11ea-99e6-b5eed31db613\"}], \"isModelInvalid\": false, \"show_legend\": 1, \"axis_scale\": \"normal\", \"type\": \"gauge\", \"axis_position\": \"left\", \"interval\": \"auto\", \"index_pattern\": \"metricbeat-*\", \"gauge_style\": \"half\", \"axis_formatter\": \"number\", \"id\": \"61ca57f0-469d-11e7-af02-69e470af7417\"}, \"title\": \"Connected Threads [Metricbeat MySQL] ECS\", \"type\": \"metrics\"}"
            },
            "id": "fc6b5a40-630d-11ea-a83e-25b8612d00cc",
            "migrationVersion": {
                "visualization": "7.4.2"
            },
            "references": [],
            "type": "visualization",
            "updated_at": "2020-03-16T12:59:47.044Z",
            "version": "WzQ2NTcsMV0="
        },
        {
            "attributes": {
                "description": "",
                "kibanaSavedObjectMeta": {
                    "searchSourceJSON": "{\"query\": {\"query\": \"\", \"language\": \"kuery\"}, \"filter\": []}"
                },
                "title": "Connections [Metricbeat MySQL] ECS",
                "uiStateJSON": "{}",
                "version": 1,
                "visState": "{\"aggs\": [], \"params\": {\"default_timefield\": \"@timestamp\", \"show_grid\": 1, \"default_index_pattern\": \"metricbeat-*\", \"time_field\": \"@timestamp\", \"series\": [{\"fill\": \"0.2\", \"line_width\": \"2\", \"seperate_axis\": 0, \"formatter\": \"number\", \"chart_type\": \"line\", \"metrics\": [{\"field\": \"mysql.status.connections\", \"type\": \"max\", \"id\": \"61ca57f2-469d-11e7-af02-69e470af7417\"}, {\"unit\": \"1s\", \"field\": \"61ca57f2-469d-11e7-af02-69e470af7417\", \"type\": \"derivative\", \"id\": \"caee3e70-630c-11ea-99e6-b5eed31db613\"}, {\"unit\": \"\", \"field\": \"caee3e70-630c-11ea-99e6-b5eed31db613\", \"type\": \"positive_only\", \"id\": \"d4eb4fd0-630c-11ea-99e6-b5eed31db613\"}], \"point_size\": \"0\", \"label\": \"Connection rate\", \"split_mode\": \"everything\", \"color\": \"rgba(198,135,31,1)\", \"type\": \"timeseries\", \"axis_position\": \"right\", \"stacked\": \"none\", \"id\": \"61ca57f1-469d-11e7-af02-69e470af7417\"}, {\"fill\": \"0.3\", \"line_width\": \"2\", \"point_size\": \"0\", \"formatter\": \"number\", \"color\": \"rgba(115,216,255,0.89)\", \"chart_type\": \"line\", \"metrics\": [{\"field\": \"mysql.status.threads.connected\", \"type\": \"max\", \"id\": \"fe9af661-630b-11ea-99e6-b5eed31db613\"}], \"label\": \"Connected\", \"split_mode\": \"everything\", \"separate_axis\": 0, \"type\": \"timeseries\", \"axis_position\": \"right\", \"stacked\": \"none\", \"id\": \"fe9af660-630b-11ea-99e6-b5eed31db613\"}, {\"fill\": \"0\", \"line_width\": 1, \"point_size\": \"0\", \"formatter\": \"number\", \"color\": \"#68BC00\", \"chart_type\": \"line\", \"metrics\": [{\"field\": \"mysql.status.max_used_connections\", \"type\": \"avg\", \"id\": \"e3d46bf1-630f-11ea-99e6-b5eed31db613\"}], \"label\": \"Max Used Connections\", \"split_mode\": \"everything\", \"separate_axis\": 0, \"type\": \"timeseries\", \"axis_position\": \"right\", \"stacked\": \"none\", \"id\": \"e3d46bf0-630f-11ea-99e6-b5eed31db613\"}], \"show_legend\": 1, \"isModelInvalid\": false, \"id\": \"61ca57f0-469d-11e7-af02-69e470af7417\", \"axis_scale\": \"normal\", \"type\": \"timeseries\", \"axis_position\": \"left\", \"interval\": \"auto\", \"legend_position\": \"bottom\", \"axis_formatter\": \"number\", \"index_pattern\": \"metricbeat-*\"}, \"title\": \"Connections [Metricbeat MySQL] ECS\", \"type\": \"metrics\"}"
            },
            "id": "493e8460-630d-11ea-a83e-25b8612d00cc",
            "migrationVersion": {
                "visualization": "7.4.2"
            },
            "references": [],
            "type": "visualization",
            "updated_at": "2020-03-16T13:00:08.292Z",
            "version": "WzQ2NTgsMV0="
        },
        {
            "attributes": {
                "description": "",
                "kibanaSavedObjectMeta": {
                    "searchSourceJSON": "{\"query\": {\"query\": \"\", \"language\": \"kuery\"}, \"filter\": []}"
                },
                "title": "Aborted Connections Rate [Metricbeat MySQL] ECS",
                "uiStateJSON": "{}",
                "version": 1,
                "visState": "{\"aggs\": [], \"params\": {\"default_timefield\": \"@timestamp\", \"show_grid\": 1, \"series\": [{\"fill\": \"0.3\", \"line_width\": 1, \"seperate_axis\": 0, \"formatter\": \"'0.0a'\", \"chart_type\": \"line\", \"metrics\": [{\"field\": \"mysql.status.aborted.clients\", \"type\": \"max\", \"id\": \"3c2a2a41-f1f4-11e7-a752-236fe3270d99\"}, {\"unit\": \"1s\", \"field\": \"3c2a2a41-f1f4-11e7-a752-236fe3270d99\", \"type\": \"derivative\", \"id\": \"6d053540-639b-11ea-83d6-4f7a6fe5aed4\"}, {\"unit\": \"\", \"field\": \"6d053540-639b-11ea-83d6-4f7a6fe5aed4\", \"type\": \"positive_only\", \"id\": \"7548afc0-639b-11ea-83d6-4f7a6fe5aed4\"}], \"point_size\": 1, \"label\": \"Aborted Connections\", \"split_mode\": \"everything\", \"color\": \"rgba(176,188,0,1)\", \"type\": \"timeseries\", \"axis_position\": \"right\", \"stacked\": \"none\", \"id\": \"3c2a2a40-f1f4-11e7-a752-236fe3270d99\"}, {\"fill\": 0.5, \"line_width\": 1, \"point_size\": 1, \"formatter\": \"number\", \"color\": \"rgba(251,158,0,1)\", \"chart_type\": \"line\", \"metrics\": [{\"field\": \"mysql.status.aborted.connects\", \"type\": \"max\", \"id\": \"d6572ee1-639b-11ea-83d6-4f7a6fe5aed4\"}, {\"unit\": \"1s\", \"field\": \"d6572ee1-639b-11ea-83d6-4f7a6fe5aed4\", \"type\": \"derivative\", \"id\": \"e4a63540-639b-11ea-83d6-4f7a6fe5aed4\"}, {\"type\": \"positive_only\", \"id\": \"ec492a00-639b-11ea-83d6-4f7a6fe5aed4\"}], \"label\": \"Failed Attempts to Connect \", \"split_mode\": \"everything\", \"separate_axis\": 0, \"type\": \"timeseries\", \"axis_position\": \"right\", \"stacked\": \"none\", \"id\": \"d6572ee0-639b-11ea-83d6-4f7a6fe5aed4\"}], \"time_field\": \"@timestamp\", \"default_index_pattern\": \"metricbeat-*\", \"show_legend\": 1, \"isModelInvalid\": false, \"id\": \"61ca57f0-469d-11e7-af02-69e470af7417\", \"axis_scale\": \"normal\", \"bar_color_rules\": [{\"id\": \"d61928d0-6309-11ea-99e6-b5eed31db613\"}], \"type\": \"timeseries\", \"axis_position\": \"left\", \"interval\": \"auto\", \"legend_position\": \"bottom\", \"axis_formatter\": \"number\", \"index_pattern\": \"metricbeat-*\"}, \"title\": \"Aborted Connections Rate [Metricbeat MySQL] ECS\", \"type\": \"metrics\"}"
            },
            "id": "bf60bc10-639b-11ea-a83e-25b8612d00cc",
            "migrationVersion": {
                "visualization": "7.4.2"
            },
            "references": [],
            "type": "visualization",
            "updated_at": "2020-03-16T13:00:17.572Z",
            "version": "WzQ2NTksMV0="
        },
        {
            "attributes": {
                "description": "",
                "kibanaSavedObjectMeta": {
                    "searchSourceJSON": "{\"query\": {\"query\": \"\", \"language\": \"kuery\"}, \"filter\": []}"
                },
                "title": "Thread Activity [Metricbeat MySQL] ECS",
                "uiStateJSON": "{}",
                "version": 1,
                "visState": "{\"aggs\": [], \"params\": {\"default_timefield\": \"@timestamp\", \"show_grid\": 1, \"default_index_pattern\": \"metricbeat-*\", \"time_field\": \"@timestamp\", \"series\": [{\"fill\": 0.5, \"line_width\": 1, \"seperate_axis\": 0, \"formatter\": \"number\", \"chart_type\": \"line\", \"metrics\": [{\"field\": \"mysql.status.threads.running\", \"type\": \"avg\", \"id\": \"61ca57f2-469d-11e7-af02-69e470af7417\"}], \"point_size\": \"0\", \"label\": \"Avg Threads Running\", \"split_mode\": \"everything\", \"color\": \"rgba(226,115,0,1)\", \"axis_position\": \"right\", \"stacked\": \"none\", \"id\": \"61ca57f1-469d-11e7-af02-69e470af7417\"}, {\"fill\": \"0\", \"line_width\": \"2\", \"stacked\": \"none\", \"point_size\": \"0\", \"formatter\": \"number\", \"color\": \"rgba(22,165,165,1)\", \"chart_type\": \"line\", \"metrics\": [{\"field\": \"mysql.status.threads.running\", \"type\": \"max\", \"id\": \"895f0821-630e-11ea-99e6-b5eed31db613\"}], \"label\": \"Peak Threads Running\", \"split_mode\": \"everything\", \"separate_axis\": 0, \"type\": \"timeseries\", \"axis_position\": \"right\", \"split_color_mode\": \"gradient\", \"id\": \"895f0820-630e-11ea-99e6-b5eed31db613\"}, {\"fill\": \"0\", \"line_width\": \"2\", \"point_size\": \"0\", \"formatter\": \"number\", \"color\": \"rgba(77,77,77,1)\", \"chart_type\": \"line\", \"metrics\": [{\"field\": \"mysql.status.threads.connected\", \"type\": \"max\", \"id\": \"f8752461-630e-11ea-99e6-b5eed31db613\"}], \"label\": \"Peak Threads Connected\", \"split_mode\": \"everything\", \"separate_axis\": 0, \"type\": \"timeseries\", \"axis_position\": \"right\", \"stacked\": \"none\", \"id\": \"f8752460-630e-11ea-99e6-b5eed31db613\"}], \"show_legend\": 1, \"isModelInvalid\": false, \"id\": \"61ca57f0-469d-11e7-af02-69e470af7417\", \"axis_scale\": \"normal\", \"type\": \"timeseries\", \"axis_position\": \"left\", \"interval\": \"auto\", \"legend_position\": \"bottom\", \"axis_formatter\": \"number\", \"index_pattern\": \"metricbeat-*\"}, \"title\": \"Thread Activity [Metricbeat MySQL] ECS\", \"type\": \"metrics\"}"
            },
            "id": "822df290-630f-11ea-a83e-25b8612d00cc",
            "migrationVersion": {
                "visualization": "7.4.2"
            },
            "references": [],
            "type": "visualization",
            "updated_at": "2020-03-16T13:00:25.480Z",
            "version": "WzQ2NjAsMV0="
        },
        {
            "attributes": {
                "description": "",
                "kibanaSavedObjectMeta": {
                    "searchSourceJSON": "{\"query\": {\"query\": \"\", \"language\": \"kuery\"}, \"filter\": []}"
                },
                "title": "Buffer Pool Pages [Metricbeat MySQL] ECS",
                "uiStateJSON": "{}",
                "version": 1,
                "visState": "{\"aggs\": [], \"params\": {\"show_grid\": 1, \"default_timefield\": \"@timestamp\", \"filter\": {\"query\": \"\", \"language\": \"kuery\"}, \"series\": [{\"fill\": \"0\", \"line_width\": 1, \"point_size\": 1, \"formatter\": \"'0.0a'\", \"color\": \"#68BC00\", \"chart_type\": \"line\", \"metrics\": [{\"field\": \"mysql.status.innodb.buffer_pool.pages.data\", \"type\": \"avg\", \"id\": \"37f2d601-63a0-11ea-90a2-c51229c5db5f\"}], \"label\": \"Buffer Pool Pages Data\", \"split_mode\": \"everything\", \"separate_axis\": 0, \"type\": \"timeseries\", \"axis_position\": \"right\", \"stacked\": \"none\", \"id\": \"37f2d600-63a0-11ea-90a2-c51229c5db5f\"}, {\"fill\": \"0\", \"line_width\": \"2\", \"point_size\": 1, \"formatter\": \"'0.0a'\", \"color\": \"rgba(22,165,165,1)\", \"chart_type\": \"line\", \"metrics\": [{\"field\": \"mysql.status.innodb.buffer_pool.pages.free\", \"type\": \"avg\", \"id\": \"57ae9d81-63a0-11ea-90a2-c51229c5db5f\"}], \"label\": \"Buffer Pool Pages Free\", \"split_mode\": \"everything\", \"separate_axis\": 0, \"type\": \"timeseries\", \"axis_position\": \"right\", \"stacked\": \"none\", \"id\": \"57ae9d80-63a0-11ea-90a2-c51229c5db5f\"}, {\"fill\": \"0\", \"line_width\": \"2\", \"point_size\": 1, \"formatter\": \"'0.0a'\", \"color\": \"rgba(102,102,102,1)\", \"chart_type\": \"line\", \"metrics\": [{\"field\": \"mysql.status.innodb.buffer_pool.pages.total\", \"type\": \"avg\", \"id\": \"c86ceb80-63a0-11ea-90a2-c51229c5db5f\"}], \"label\": \"Buffer Pool Pages Total\", \"split_mode\": \"everything\", \"separate_axis\": 0, \"type\": \"timeseries\", \"axis_position\": \"right\", \"stacked\": \"none\", \"id\": \"c86cc470-63a0-11ea-90a2-c51229c5db5f\"}], \"time_field\": \"@timestamp\", \"default_index_pattern\": \"metricbeat-*\", \"show_legend\": 1, \"isModelInvalid\": false, \"axis_scale\": \"normal\", \"type\": \"timeseries\", \"axis_position\": \"left\", \"interval\": \"auto\", \"id\": \"515b9dd0-639f-11ea-96d8-1943b9bb65d9\", \"legend_position\": \"bottom\", \"axis_formatter\": \"number\", \"axis_min\": 0, \"index_pattern\": \"metricbeat-*\"}, \"title\": \"Buffer Pool Pages [Metricbeat MySQL] ECS\", \"type\": \"metrics\"}"
            },
            "id": "98c7bca0-63a2-11ea-a83e-25b8612d00cc",
            "migrationVersion": {
                "visualization": "7.4.2"
            },
            "references": [],
            "type": "visualization",
            "updated_at": "2020-03-16T13:00:34.413Z",
            "version": "WzQ2NjQsMV0="
        },
        {
            "attributes": {
                "description": "",
                "kibanaSavedObjectMeta": {
                    "searchSourceJSON": "{\"query\": {\"query\": \"\", \"language\": \"kuery\"}, \"filter\": []}"
                },
                "title": "Buffer Pool Utilization [Metricbeat MySQL] ECS",
                "uiStateJSON": "{}",
                "version": 1,
                "visState": "{\"aggs\": [], \"params\": {\"default_timefield\": \"@timestamp\", \"background_color_rules\": [{\"id\": \"0f20fa60-63a3-11ea-90a2-c51229c5db5f\"}], \"series\": [{\"fill\": \"0.1\", \"line_width\": \"2\", \"point_size\": \"2\", \"formatter\": \"percent\", \"color\": \"rgba(226,115,0,1)\", \"chart_type\": \"line\", \"metrics\": [{\"field\": \"mysql.status.innodb.buffer_pool.pages.total\", \"type\": \"max\", \"id\": \"256f1f41-63a3-11ea-90a2-c51229c5db5f\"}, {\"field\": \"mysql.status.innodb.buffer_pool.pages.free\", \"type\": \"max\", \"id\": \"256f1f43-63a3-11ea-90a2-c51229c5db5f\"}, {\"variables\": [{\"name\": \"total\", \"field\": \"256f1f41-63a3-11ea-90a2-c51229c5db5f\", \"id\": \"256f1f42-63a3-11ea-90a2-c51229c5db5f\"}, {\"name\": \"free\", \"field\": \"256f1f43-63a3-11ea-90a2-c51229c5db5f\", \"id\": \"256f1f44-63a3-11ea-90a2-c51229c5db5f\"}], \"type\": \"calculation\", \"script\": \"params.total != null && params.total > 0 ? (params.total - params.free)/params.total : null\", \"id\": \"256f1f45-63a3-11ea-90a2-c51229c5db5f\"}], \"label\": \"Utilization\", \"split_mode\": \"everything\", \"separate_axis\": 0, \"type\": \"timeseries\", \"axis_position\": \"right\", \"stacked\": \"none\", \"id\": \"256f1f40-63a3-11ea-90a2-c51229c5db5f\"}], \"show_legend\": 1, \"type\": \"timeseries\", \"axis_position\": \"left\", \"interval\": \"auto\", \"show_grid\": 1, \"legend_position\": \"bottom\", \"gauge_width\": 10, \"filter\": {\"query\": \"\", \"language\": \"kuery\"}, \"gauge_color_rules\": [{\"id\": \"07c08ce0-63a3-11ea-90a2-c51229c5db5f\"}], \"gauge_inner_width\": 10, \"default_index_pattern\": \"metricbeat-*\", \"isModelInvalid\": false, \"axis_scale\": \"normal\", \"bar_color_rules\": [{\"id\": \"0e1ecca0-63a3-11ea-90a2-c51229c5db5f\"}], \"time_field\": \"@timestamp\", \"id\": \"515b9dd0-639f-11ea-96d8-1943b9bb65d9\", \"gauge_style\": \"half\", \"axis_formatter\": \"number\", \"axis_min\": 0, \"index_pattern\": \"metricbeat-*\"}, \"title\": \"Buffer Pool Utilization [Metricbeat MySQL] ECS\", \"type\": \"metrics\"}"
            },
            "id": "96d46630-63a4-11ea-a83e-25b8612d00cc",
            "migrationVersion": {
                "visualization": "7.4.2"
            },
            "references": [],
            "type": "visualization",
            "updated_at": "2020-03-16T13:00:42.999Z",
            "version": "WzQ2NjUsMV0="
        },
        {
            "attributes": {
                "description": "",
                "kibanaSavedObjectMeta": {
                    "searchSourceJSON": "{\"query\": {\"query\": \"\", \"language\": \"kuery\"}, \"filter\": []}"
                },
                "title": "Network Traffic [Metricbeat MySQL] ECS",
                "uiStateJSON": "{}",
                "version": 1,
                "visState": "{\"aggs\": [], \"params\": {\"default_timefield\": \"@timestamp\", \"show_grid\": 1, \"default_index_pattern\": \"metricbeat-*\", \"time_field\": \"@timestamp\", \"series\": [{\"fill\": 0.5, \"line_width\": 1, \"seperate_axis\": 0, \"formatter\": \"bytes\", \"chart_type\": \"line\", \"metrics\": [{\"field\": \"mysql.status.bytes.received\", \"type\": \"max\", \"id\": \"2b1c2391-f1f7-11e7-a752-236fe3270d99\"}, {\"unit\": \"1s\", \"field\": \"2b1c2391-f1f7-11e7-a752-236fe3270d99\", \"type\": \"derivative\", \"id\": \"2b1c2392-f1f7-11e7-a752-236fe3270d99\"}, {\"unit\": \"\", \"field\": \"2b1c2392-f1f7-11e7-a752-236fe3270d99\", \"type\": \"positive_only\", \"id\": \"788d3c90-6310-11ea-99e6-b5eed31db613\"}, {\"variables\": [{\"name\": \"received\", \"field\": \"788d3c90-6310-11ea-99e6-b5eed31db613\", \"id\": \"8beb4660-6310-11ea-99e6-b5eed31db613\"}], \"type\": \"calculation\", \"script\": \"params.received != null && params.received > 0 ? params.received * -1 : null\", \"id\": \"88f8e160-6310-11ea-99e6-b5eed31db613\"}], \"point_size\": \"0\", \"label\": \"Received bytes\", \"split_mode\": \"everything\", \"color\": \"rgba(0,98,177,1)\", \"type\": \"timeseries\", \"axis_position\": \"right\", \"stacked\": \"none\", \"id\": \"2b1c2390-f1f7-11e7-a752-236fe3270d99\"}, {\"fill\": 0.5, \"line_width\": 1, \"seperate_axis\": 0, \"formatter\": \"bytes\", \"chart_type\": \"line\", \"metrics\": [{\"field\": \"mysql.status.bytes.sent\", \"type\": \"max\", \"id\": \"61ca57f2-469d-11e7-af02-69e470af7417\"}, {\"unit\": \"1s\", \"field\": \"61ca57f2-469d-11e7-af02-69e470af7417\", \"type\": \"derivative\", \"id\": \"23cfda50-f1f7-11e7-a752-236fe3270d99\"}, {\"unit\": \"\", \"field\": \"23cfda50-f1f7-11e7-a752-236fe3270d99\", \"type\": \"positive_only\", \"id\": \"ad26a900-6310-11ea-99e6-b5eed31db613\"}], \"point_size\": \"0\", \"label\": \"Sent bytes\", \"split_mode\": \"everything\", \"color\": \"#68BC00\", \"type\": \"timeseries\", \"axis_position\": \"right\", \"stacked\": \"none\", \"id\": \"61ca57f1-469d-11e7-af02-69e470af7417\"}], \"show_legend\": 1, \"isModelInvalid\": false, \"id\": \"61ca57f0-469d-11e7-af02-69e470af7417\", \"axis_scale\": \"normal\", \"type\": \"timeseries\", \"axis_position\": \"left\", \"interval\": \"auto\", \"legend_position\": \"bottom\", \"axis_formatter\": \"number\", \"index_pattern\": \"metricbeat-*\"}, \"title\": \"Network Traffic [Metricbeat MySQL] ECS\", \"type\": \"metrics\"}"
            },
            "id": "c8661020-6310-11ea-a83e-25b8612d00cc",
            "migrationVersion": {
                "visualization": "7.4.2"
            },
            "references": [],
            "type": "visualization",
            "updated_at": "2020-03-16T13:00:59.606Z",
            "version": "WzQ2NjcsMV0="
        },
        {
            "attributes": {
                "description": "",
                "kibanaSavedObjectMeta": {
                    "searchSourceJSON": "{\"query\": {\"query\": \"\", \"language\": \"kuery\"}, \"filter\": []}"
                },
                "title": "Buffer Pool Efficiency [Metricbeat MySQL] ECS",
                "uiStateJSON": "{}",
                "version": 1,
                "visState": "{\"aggs\": [], \"params\": {\"default_timefield\": \"@timestamp\", \"background_color_rules\": [{\"id\": \"0f20fa60-63a3-11ea-90a2-c51229c5db5f\"}], \"series\": [{\"fill\": \"0.1\", \"line_width\": \"2\", \"point_size\": \"2\", \"formatter\": \"number\", \"chart_type\": \"line\", \"separate_axis\": 0, \"metrics\": [{\"field\": \"mysql.status.innodb.buffer_pool.pool.reads\", \"type\": \"max\", \"id\": \"a397d571-63a2-11ea-90a2-c51229c5db5f\"}, {\"field\": \"mysql.status.innodb.buffer_pool.read.requests\", \"type\": \"max\", \"id\": \"ad177970-63a2-11ea-90a2-c51229c5db5f\"}, {\"variables\": [{\"name\": \"pool_reads\", \"field\": \"a397d571-63a2-11ea-90a2-c51229c5db5f\", \"id\": \"b1b6cb20-63a2-11ea-90a2-c51229c5db5f\"}, {\"name\": \"pool_read_requests\", \"field\": \"ad177970-63a2-11ea-90a2-c51229c5db5f\", \"id\": \"c3fe5be0-63a2-11ea-90a2-c51229c5db5f\"}], \"type\": \"calculation\", \"script\": \"params.pool_read_requests != null && params.pool_read_requests > 0 ? (params.pool_reads/params.pool_read_requests) * 100: null\", \"id\": \"af58ddf0-63a2-11ea-90a2-c51229c5db5f\"}], \"label\": \"Effeciency (lower is better)\", \"split_mode\": \"everything\", \"color\": \"rgba(87,177,211,1)\", \"type\": \"timeseries\", \"axis_position\": \"right\", \"stacked\": \"none\", \"hidden\": false, \"id\": \"a397d570-63a2-11ea-90a2-c51229c5db5f\"}], \"show_legend\": 1, \"type\": \"timeseries\", \"axis_position\": \"left\", \"interval\": \"auto\", \"show_grid\": 1, \"legend_position\": \"bottom\", \"gauge_width\": 10, \"filter\": {\"query\": \"\", \"language\": \"kuery\"}, \"gauge_color_rules\": [{\"id\": \"07c08ce0-63a3-11ea-90a2-c51229c5db5f\"}], \"gauge_inner_width\": 10, \"default_index_pattern\": \"metricbeat-*\", \"isModelInvalid\": false, \"axis_scale\": \"normal\", \"bar_color_rules\": [{\"id\": \"0e1ecca0-63a3-11ea-90a2-c51229c5db5f\"}], \"time_field\": \"@timestamp\", \"id\": \"515b9dd0-639f-11ea-96d8-1943b9bb65d9\", \"gauge_style\": \"half\", \"axis_formatter\": \"number\", \"axis_min\": 0, \"index_pattern\": \"metricbeat-*\"}, \"title\": \"Buffer Pool Efficiency [Metricbeat MySQL] ECS\", \"type\": \"metrics\"}"
            },
            "id": "a1e00160-63a4-11ea-a83e-25b8612d00cc",
            "migrationVersion": {
                "visualization": "7.4.2"
            },
            "references": [],
            "type": "visualization",
            "updated_at": "2020-03-16T13:00:51.577Z",
            "version": "WzQ2NjYsMV0="
        }
    ],
    "version": "7.3.1"
}