{
    "objects": [
        {
            "attributes": {
                "description": "Kafka analysis of topics and consumer groups",
                "hits": 0,
                "kibanaSavedObjectMeta": {
                    "searchSourceJSON": "{\"query\": {\"query\": \"\", \"language\": \"kuery\"}, \"filter\": [], \"version\": true, \"highlightAll\": true}"
                },
                "optionsJSON": "{\"hidePanelTitles\": false, \"darkTheme\": false, \"useMargins\": true}",
                "panelsJSON": "[{\"title\": \"Kafka Topic & Consumer Offsets\", \"embeddableConfig\": {}, \"gridData\": {\"y\": 20, \"h\": 13, \"i\": \"1\", \"w\": 24, \"x\": 0}, \"panelRefName\": \"panel_0\", \"panelIndex\": \"1\", \"version\": \"7.3.0\"}, {\"title\": \"Kafka Controls\", \"embeddableConfig\": {}, \"gridData\": {\"y\": 0, \"h\": 6, \"i\": \"3\", \"w\": 16, \"x\": 0}, \"panelRefName\": \"panel_1\", \"panelIndex\": \"3\", \"version\": \"7.3.0\"}, {\"title\": \"Consumer Group Lag by Topic\", \"embeddableConfig\": {}, \"gridData\": {\"y\": 6, \"h\": 14, \"i\": \"6\", \"w\": 24, \"x\": 0}, \"panelRefName\": \"panel_2\", \"panelIndex\": \"6\", \"version\": \"7.3.0\"}, {\"title\": \"Kafka Metrics\", \"embeddableConfig\": {\"spy\": null}, \"gridData\": {\"y\": 0, \"h\": 6, \"i\": \"10\", \"w\": 25, \"x\": 16}, \"panelRefName\": \"panel_3\", \"panelIndex\": \"10\", \"version\": \"7.3.0\"}, {\"title\": \"Consumer Partition Reassignments\", \"embeddableConfig\": {}, \"gridData\": {\"y\": 33, \"h\": 7, \"i\": \"12\", \"w\": 24, \"x\": 0}, \"panelRefName\": \"panel_4\", \"panelIndex\": \"12\", \"version\": \"7.3.0\"}, {\"title\": \"Consumer Metrics\", \"embeddableConfig\": {}, \"gridData\": {\"y\": 0, \"h\": 6, \"i\": \"13\", \"w\": 7, \"x\": 41}, \"panelRefName\": \"panel_5\", \"panelIndex\": \"13\", \"version\": \"7.3.0\"}, {\"title\": \"Kafka Consumer Group Clients\", \"embeddableConfig\": {\"spy\": null, \"vis\": {\"params\": {\"sort\": {\"direction\": null, \"columnIndex\": null}}}}, \"gridData\": {\"y\": 27, \"h\": 13, \"i\": \"14\", \"w\": 24, \"x\": 24}, \"panelRefName\": \"panel_6\", \"panelIndex\": \"14\", \"version\": \"7.3.0\"}, {\"title\": \"Kafka Brokers\", \"embeddableConfig\": {}, \"gridData\": {\"y\": 6, \"h\": 10, \"i\": \"15\", \"w\": 24, \"x\": 24}, \"panelRefName\": \"panel_7\", \"panelIndex\": \"15\", \"version\": \"7.3.0\"}, {\"title\": \"Kafka Topic Details\", \"embeddableConfig\": {\"table\": {\"sort\": {\"order\": \"desc\", \"column\": \"26d2cd90-d2f5-11e8-9dd4-c5f03280d7b0\"}}}, \"gridData\": {\"y\": 16, \"h\": 11, \"i\": \"16\", \"w\": 24, \"x\": 24}, \"panelRefName\": \"panel_8\", \"panelIndex\": \"16\", \"version\": \"7.3.0\"}]",
                "timeRestore": false,
                "title": "[Metricbeat Kafka] Overview ECS",
                "version": 1
            },
            "id": "ea488d90-8e63-11e8-8fa2-3d5f811fbd0f-ecs",
            "migrationVersion": {
                "dashboard": "7.3.0"
            },
            "references": [
                {
                    "id": "b9d12c80-8e63-11e8-8fa2-3d5f811fbd0f-ecs",
                    "name": "panel_0",
                    "type": "visualization"
                },
                {
                    "id": "8d2f79a0-8e65-11e8-8fa2-3d5f811fbd0f-ecs",
                    "name": "panel_1",
                    "type": "visualization"
                },
                {
                    "id": "944188f0-8e79-11e8-8fa2-3d5f811fbd0f-ecs",
                    "name": "panel_2",
                    "type": "visualization"
                },
                {
                    "id": "dc89f8d0-8e8e-11e8-8fa2-3d5f811fbd0f-ecs",
                    "name": "panel_3",
                    "type": "visualization"
                },
                {
                    "id": "587f2360-8f21-11e8-8fa2-3d5f811fbd0f-ecs",
                    "name": "panel_4",
                    "type": "visualization"
                },
                {
                    "id": "1681f1a0-90e7-11e8-8fa2-3d5f811fbd0f-ecs",
                    "name": "panel_5",
                    "type": "visualization"
                },
                {
                    "id": "9a7576e0-d231-11e8-8766-dbbdc39e7ba9-ecs",
                    "name": "panel_6",
                    "type": "visualization"
                },
                {
                    "id": "27dd5960-d2ed-11e8-8766-dbbdc39e7ba9-ecs",
                    "name": "panel_7",
                    "type": "visualization"
                },
                {
                    "id": "491fee50-d2f5-11e8-8766-dbbdc39e7ba9-ecs",
                    "name": "panel_8",
                    "type": "visualization"
                }
            ],
            "type": "dashboard",
            "updated_at": "2019-11-29T09:36:17.646Z",
            "version": "WzI2NDgsMV0="
        },
        {
            "attributes": {
                "description": "",
                "kibanaSavedObjectMeta": {
                    "searchSourceJSON": "{}"
                },
                "title": "Kafka Topic & Consumer Offsets [Metricbeat Kafka] ECS",
                "uiStateJSON": "{}",
                "version": 1,
                "visState": "{\"aggs\": [], \"params\": {\"id\": \"61ca57f0-469d-11e7-af02-69e470af7417\", \"filter\": {\"query\": \"NOT kafka.topic.name:__consumer_offsets\", \"language\": \"lucene\"}, \"background_color_rules\": [{\"id\": \"8b27e6a0-8e61-11e8-b741-c3e458b74a68\"}], \"axis_position\": \"left\", \"series\": [{\"fill\": \"0.1\", \"line_width\": \"0.5\", \"filter\": {\"query\": \"metricset.name: partition AND kafka.partition.partition.is_leader: true\", \"language\": \"lucene\"}, \"point_size\": \"0\", \"formatter\": \"number\", \"chart_type\": \"bar\", \"metrics\": [{\"field\": \"kafka.partition.offset.newest\", \"type\": \"sum\", \"id\": \"61ca57f2-469d-11e7-af02-69e470af7417\"}], \"stacked\": \"none\", \"label\": \"Topic Offsets\", \"terms_field\": \"kafka.topic.name\", \"split_mode\": \"terms\", \"color\": \"rgba(244,78,59,1)\", \"axis_position\": \"right\", \"terms_order_by\": \"_term\", \"seperate_axis\": 0, \"value_template\": \"{{value}}\", \"split_color_mode\": \"rainbow\", \"id\": \"61ca57f1-469d-11e7-af02-69e470af7417\"}, {\"fill\": \"0\", \"split_filters\": [{\"color\": \"#68BC00\", \"id\": \"dd41ada0-8f1e-11e8-8784-cd0acd161a28\"}], \"line_width\": \"1\", \"filter\": {\"query\": \"metricset.name: consumergroup\", \"language\": \"lucene\"}, \"point_size\": \"1.5\", \"formatter\": \"number\", \"chart_type\": \"line\", \"metrics\": [{\"field\": \"kafka.consumergroup.offset\", \"type\": \"sum\", \"id\": \"d43034c1-8f1e-11e8-8784-cd0acd161a28\"}], \"stacked\": \"none\", \"label\": \"Consumer Offsets\", \"terms_field\": \"kafka.consumergroup.id\", \"split_mode\": \"terms\", \"color\": \"rgba(244,78,59,0.52)\", \"axis_position\": \"right\", \"terms_order_by\": \"_term\", \"seperate_axis\": 0, \"value_template\": \"{{value}}\", \"split_color_mode\": \"rainbow\", \"id\": \"d43034c0-8f1e-11e8-8784-cd0acd161a28\"}], \"show_legend\": 1, \"type\": \"timeseries\", \"time_field\": \"@timestamp\", \"interval\": \"auto\", \"show_grid\": 1, \"axis_formatter\": \"number\", \"index_pattern\": \"metricbeat-*\"}, \"title\": \"Kafka Topic & Consumer Offsets [Metricbeat Kafka] ECS\", \"type\": \"metrics\"}"
            },
            "id": "b9d12c80-8e63-11e8-8fa2-3d5f811fbd0f-ecs",
            "migrationVersion": {
                "visualization": "7.3.1"
            },
            "references": [],
            "type": "visualization",
            "updated_at": "2019-11-29T09:36:17.646Z",
            "version": "WzI2MzksMV0="
        },
        {
            "attributes": {
                "description": "",
                "kibanaSavedObjectMeta": {
                    "searchSourceJSON": "{}"
                },
                "title": "Kafka Controls [Metricbeat Kafka] ECS",
                "uiStateJSON": "{}",
                "version": 1,
                "visState": "{\"aggs\": [], \"params\": {\"pinFilters\": false, \"useTimeFilter\": false, \"controls\": [{\"label\": \"Topic Name\", \"indexPatternRefName\": \"control_0_index_pattern\", \"type\": \"list\", \"fieldName\": \"kafka.topic.name\", \"options\": {\"multiselect\": true, \"size\": 10, \"order\": \"desc\", \"type\": \"terms\"}, \"parent\": \"\", \"id\": \"1532342651170\"}, {\"label\": \"Partition\", \"indexPatternRefName\": \"control_1_index_pattern\", \"type\": \"list\", \"fieldName\": \"kafka.partition.id\", \"options\": {\"multiselect\": true, \"size\": 5, \"order\": \"desc\", \"type\": \"terms\"}, \"parent\": \"1532342651170\", \"id\": \"1539799686678\"}], \"updateFiltersOnChange\": true}, \"title\": \"Kafka Controls [Metricbeat Kafka] ECS\", \"type\": \"input_control_vis\"}"
            },
            "id": "8d2f79a0-8e65-11e8-8fa2-3d5f811fbd0f-ecs",
            "migrationVersion": {
                "visualization": "7.3.1"
            },
            "references": [
                {
                    "id": "metricbeat-*",
                    "name": "control_0_index_pattern",
                    "type": "index-pattern"
                },
                {
                    "id": "metricbeat-*",
                    "name": "control_1_index_pattern",
                    "type": "index-pattern"
                }
            ],
            "type": "visualization",
            "updated_at": "2019-11-29T09:36:17.646Z",
            "version": "WzI2NDAsMV0="
        },
        {
            "attributes": {
                "description": "",
                "kibanaSavedObjectMeta": {
                    "searchSourceJSON": "{\"query\": {\"query\": \"\", \"language\": \"kuery\"}, \"filter\": []}"
                },
                "title": "Kafka Consumer Group Lag vs Time [Metricbeat Kafka] ECS",
                "uiStateJSON": "{}",
                "version": 1,
                "visState": "{\"aggs\": [], \"params\": {\"show_grid\": 1, \"default_timefield\": \"@timestamp\", \"filter\": {\"query\": \"(metricset.name: consumergroup) AND NOT kafka.consumergroup.topic.name:__consumer_offsets\", \"language\": \"lucene\"}, \"background_color_rules\": [{\"id\": \"1966adf0-1298-11ea-abd7-b5bb8e05b5d6\"}], \"gauge_width\": 10, \"gauge_color_rules\": [{\"id\": \"1eee15b0-1298-11ea-abd7-b5bb8e05b5d6\"}], \"gauge_inner_width\": 10, \"time_field\": \"@timestamp\", \"default_index_pattern\": \"metricbeat-*\", \"interval\": \"auto\", \"series\": [{\"fill\": \"0.2\", \"line_width\": 1, \"stacked\": \"none\", \"seperate_axis\": 0, \"formatter\": \"number\", \"chart_type\": \"line\", \"metrics\": [{\"field\": \"kafka.consumergroup.consumer_lag\", \"type\": \"max\", \"id\": \"0dcb8021-8e6d-11e8-bfab-6f29bad3a6f2\"}], \"point_size\": \"0\", \"label\": \"Consumer Groups\", \"terms_field\": \"kafka.consumergroup.topic\", \"split_mode\": \"terms\", \"color\": \"rgba(0,156,224,1)\", \"type\": \"timeseries\", \"axis_position\": \"right\", \"split_color_mode\": \"rainbow\", \"id\": \"0dcb8020-8e6d-11e8-bfab-6f29bad3a6f2\"}], \"isModelInvalid\": false, \"show_legend\": 1, \"bar_color_rules\": [{\"id\": \"1dbe6f50-1298-11ea-abd7-b5bb8e05b5d6\"}], \"type\": \"timeseries\", \"axis_position\": \"left\", \"index_pattern\": \"metricbeat-*\", \"id\": \"61ca57f0-469d-11e7-af02-69e470af7417\", \"gauge_style\": \"half\", \"axis_formatter\": \"number\", \"axis_scale\": \"normal\"}, \"title\": \"Kafka Consumer Group Lag vs Time [Metricbeat Kafka] ECS\", \"type\": \"metrics\"}"
            },
            "id": "944188f0-8e79-11e8-8fa2-3d5f811fbd0f-ecs",
            "migrationVersion": {
                "visualization": "7.3.1"
            },
            "references": [],
            "type": "visualization",
            "updated_at": "2019-11-29T11:07:58.021Z",
            "version": "WzI4MjMsMV0="
        },
        {
            "attributes": {
                "description": "",
                "kibanaSavedObjectMeta": {
                    "searchSourceJSON": "{\"query\": {\"query\": \"\", \"language\": \"kuery\"}, \"filter\": [{\"query\": {\"match\": {\"metricset.name\": {\"query\": \"partition\", \"type\": \"phrase\"}}}, \"meta\": {\"value\": \"partition\", \"key\": \"metricset.name\", \"negate\": false, \"params\": {\"query\": \"partition\", \"type\": \"phrase\"}, \"type\": \"phrase\", \"alias\": \"Partition Metricset\", \"disabled\": false, \"indexRefName\": \"kibanaSavedObjectMeta.searchSourceJSON.filter[0].meta.index\"}, \"$state\": {\"store\": \"appState\"}}, {\"query\": {\"match\": {\"kafka.topic.name\": {\"query\": \"__consumer_offsets\", \"type\": \"phrase\"}}}, \"meta\": {\"value\": \"__consumer_offsets\", \"key\": \"kafka.topic.name\", \"negate\": true, \"params\": {\"query\": \"__consumer_offsets\", \"type\": \"phrase\"}, \"type\": \"phrase\", \"alias\": null, \"disabled\": false, \"indexRefName\": \"kibanaSavedObjectMeta.searchSourceJSON.filter[1].meta.index\"}, \"$state\": {\"store\": \"appState\"}}], \"indexRefName\": \"kibanaSavedObjectMeta.searchSourceJSON.index\"}"
                },
                "title": "Kafka Metrics [Metricbeat Kafka] ECS",
                "uiStateJSON": "{}",
                "version": 1,
                "visState": "{\"aggs\": [{\"params\": {\"field\": \"kafka.topic.name\", \"customLabel\": \"Topics\"}, \"schema\": \"metric\", \"enabled\": true, \"type\": \"cardinality\", \"id\": \"1\"}, {\"params\": {\"field\": \"kafka.partition.broker.id\", \"customLabel\": \"Brokers\"}, \"schema\": \"metric\", \"enabled\": true, \"type\": \"cardinality\", \"id\": \"3\"}, {\"params\": {\"field\": \"kafka.partition.topic_id\", \"customLabel\": \"Partitions\"}, \"schema\": \"metric\", \"enabled\": true, \"type\": \"cardinality\", \"id\": \"5\"}, {\"params\": {\"field\": \"kafka.partition.topic_broker_id\", \"customLabel\": \"Replicas\"}, \"schema\": \"metric\", \"enabled\": true, \"type\": \"cardinality\", \"id\": \"6\"}], \"params\": {\"addTooltip\": true, \"metric\": {\"percentageMode\": false, \"style\": {\"subText\": \"\", \"labelColor\": false, \"bgFill\": \"#000\", \"bgColor\": false, \"fontSize\": 32}, \"metricColorMode\": \"None\", \"useRanges\": false, \"colorsRange\": [{\"to\": 10000, \"from\": 0}], \"colorSchema\": \"Green to Red\", \"labels\": {\"show\": true}, \"invertColors\": false}, \"type\": \"metric\", \"addLegend\": false}, \"title\": \"Kafka Metrics [Metricbeat Kafka] ECS\", \"type\": \"metric\"}"
            },
            "id": "dc89f8d0-8e8e-11e8-8fa2-3d5f811fbd0f-ecs",
            "migrationVersion": {
                "visualization": "7.3.1"
            },
            "references": [
                {
                    "id": "metricbeat-*",
                    "name": "kibanaSavedObjectMeta.searchSourceJSON.index",
                    "type": "index-pattern"
                },
                {
                    "id": "metricbeat-*",
                    "name": "kibanaSavedObjectMeta.searchSourceJSON.filter[0].meta.index",
                    "type": "index-pattern"
                },
                {
                    "id": "metricbeat-*",
                    "name": "kibanaSavedObjectMeta.searchSourceJSON.filter[1].meta.index",
                    "type": "index-pattern"
                }
            ],
            "type": "visualization",
            "updated_at": "2019-11-29T09:36:17.646Z",
            "version": "WzI2NDIsMV0="
        },
        {
            "attributes": {
                "description": "",
                "kibanaSavedObjectMeta": {
                    "searchSourceJSON": "{}"
                },
                "title": "Consumer Partition Reassignments [Metricbeat Kafka] ECS",
                "uiStateJSON": "{}",
                "version": 1,
                "visState": "{\"aggs\": [], \"params\": {\"id\": \"61ca57f0-469d-11e7-af02-69e470af7417\", \"filter\": {\"query\": \"NOT kafka.topic.name:__consumer_offsets\", \"language\": \"lucene\"}, \"time_field\": \"@timestamp\", \"series\": [{\"fill\": \"0\", \"line_width\": \"1\", \"hide_in_legend\": 0, \"point_size\": \"20\", \"formatter\": \"number\", \"chart_type\": \"line\", \"metrics\": [{\"field\": \"kafka.consumergroup.partition\", \"type\": \"sum\", \"id\": \"61ca57f2-469d-11e7-af02-69e470af7417\"}, {\"unit\": \"\", \"field\": \"61ca57f2-469d-11e7-af02-69e470af7417\", \"type\": \"derivative\", \"id\": \"6b69c760-8f20-11e8-8927-d7e991b5b6ab\"}, {\"variables\": [{\"name\": \"sum_partition\", \"field\": \"6b69c760-8f20-11e8-8927-d7e991b5b6ab\", \"id\": \"99cc2b20-8f20-11e8-8927-d7e991b5b6ab\"}], \"type\": \"calculation\", \"script\": \"if (params.sum_partition < 0) { return -1 } else if (params.sum_partition > 0) { return 1 }\", \"id\": \"976f9d80-8f20-11e8-8927-d7e991b5b6ab\"}], \"stacked\": \"none\", \"label\": \"Consumer -> Partition Reassignment\", \"terms_field\": \"kafka.consumergroup.id\", \"split_mode\": \"terms\", \"color\": \"#68BC00\", \"axis_position\": \"right\", \"seperate_axis\": 0, \"value_template\": \"\", \"split_color_mode\": \"rainbow\", \"id\": \"61ca57f1-469d-11e7-af02-69e470af7417\"}], \"show_legend\": 1, \"axis_max\": \"1\", \"type\": \"timeseries\", \"axis_position\": \"right\", \"interval\": \"auto\", \"show_grid\": 1, \"axis_formatter\": \"number\", \"axis_min\": \"-1\", \"index_pattern\": \"metricbeat-*\"}, \"title\": \"Consumer Partition Reassignments [Metricbeat Kafka] ECS\", \"type\": \"metrics\"}"
            },
            "id": "587f2360-8f21-11e8-8fa2-3d5f811fbd0f-ecs",
            "migrationVersion": {
                "visualization": "7.3.1"
            },
            "references": [],
            "type": "visualization",
            "updated_at": "2019-11-29T09:36:17.646Z",
            "version": "WzI2NDMsMV0="
        },
        {
            "attributes": {
                "description": "",
                "kibanaSavedObjectMeta": {
                    "searchSourceJSON": "{\"query\": {\"query\": \"\", \"language\": \"kuery\"}, \"filter\": [{\"query\": {\"match\": {\"kafka.topic.name\": {\"query\": \"__consumer_offsets\", \"type\": \"phrase\"}}}, \"meta\": {\"value\": \"__consumer_offsets\", \"key\": \"kafka.topic.name\", \"negate\": true, \"params\": {\"query\": \"__consumer_offsets\", \"type\": \"phrase\"}, \"type\": \"phrase\", \"alias\": null, \"disabled\": false, \"indexRefName\": \"kibanaSavedObjectMeta.searchSourceJSON.filter[0].meta.index\"}, \"$state\": {\"store\": \"appState\"}}], \"indexRefName\": \"kibanaSavedObjectMeta.searchSourceJSON.index\"}"
                },
                "title": "Consumer Metrics [Metricbeat Kafka] ECS",
                "uiStateJSON": "{}",
                "version": 1,
                "visState": "{\"aggs\": [{\"params\": {\"field\": \"kafka.consumergroup.id\", \"customLabel\": \"Consumer Groups\"}, \"schema\": \"metric\", \"enabled\": true, \"type\": \"cardinality\", \"id\": \"1\"}], \"params\": {\"addTooltip\": true, \"metric\": {\"percentageMode\": false, \"style\": {\"subText\": \"\", \"labelColor\": false, \"bgFill\": \"#000\", \"bgColor\": false, \"fontSize\": 32}, \"metricColorMode\": \"None\", \"useRanges\": false, \"colorsRange\": [{\"to\": 10000, \"from\": 0}], \"colorSchema\": \"Green to Red\", \"labels\": {\"show\": true}, \"invertColors\": false}, \"type\": \"metric\", \"addLegend\": false}, \"title\": \"Consumer Metrics [Metricbeat Kafka] ECS\", \"type\": \"metric\"}"
            },
            "id": "1681f1a0-90e7-11e8-8fa2-3d5f811fbd0f-ecs",
            "migrationVersion": {
                "visualization": "7.3.1"
            },
            "references": [
                {
                    "id": "metricbeat-*",
                    "name": "kibanaSavedObjectMeta.searchSourceJSON.index",
                    "type": "index-pattern"
                },
                {
                    "id": "metricbeat-*",
                    "name": "kibanaSavedObjectMeta.searchSourceJSON.filter[0].meta.index",
                    "type": "index-pattern"
                }
            ],
            "type": "visualization",
            "updated_at": "2019-11-29T09:36:17.646Z",
            "version": "WzI2NDQsMV0="
        },
        {
            "attributes": {
                "description": "",
                "kibanaSavedObjectMeta": {
                    "searchSourceJSON": "{\"query\": {\"query\": \"\", \"language\": \"kuery\"}, \"filter\": [], \"indexRefName\": \"kibanaSavedObjectMeta.searchSourceJSON.index\"}"
                },
                "title": "Kafka Consumer Group Clients [Metricbeat Kafka] ECS",
                "uiStateJSON": "{\"vis\": {\"params\": {\"sort\": {\"direction\": null, \"columnIndex\": null}}}}",
                "version": 1,
                "visState": "{\"aggs\": [{\"params\": {\"field\": \"kafka.consumergroup.offset\", \"customLabel\": \"Newest Offset\"}, \"schema\": \"metric\", \"enabled\": true, \"type\": \"max\", \"id\": \"1\"}, {\"params\": {\"size\": 64, \"missingBucket\": false, \"otherBucketLabel\": \"Other\", \"otherBucket\": false, \"orderBy\": \"_term\", \"order\": \"desc\", \"field\": \"kafka.consumergroup.client.id\", \"missingBucketLabel\": \"Missing\", \"customLabel\": \"Consumer group client\"}, \"schema\": \"bucket\", \"enabled\": true, \"type\": \"terms\", \"id\": \"2\"}, {\"params\": {\"size\": 64, \"missingBucket\": false, \"otherBucketLabel\": \"Other\", \"otherBucket\": false, \"orderBy\": \"1\", \"order\": \"desc\", \"field\": \"kafka.topic.name\", \"missingBucketLabel\": \"Missing\", \"customLabel\": \"Topic\"}, \"schema\": \"bucket\", \"enabled\": true, \"type\": \"terms\", \"id\": \"3\"}, {\"params\": {\"size\": 256, \"missingBucket\": false, \"otherBucketLabel\": \"Other\", \"otherBucket\": false, \"orderBy\": \"1\", \"order\": \"desc\", \"field\": \"kafka.partition.id\", \"missingBucketLabel\": \"Missing\", \"customLabel\": \"Partition\"}, \"schema\": \"bucket\", \"enabled\": true, \"type\": \"terms\", \"id\": \"4\"}], \"params\": {\"perPage\": 10, \"showPartialRows\": false, \"showMeticsAtAllLevels\": false, \"showTotal\": false, \"totalFunc\": \"sum\", \"sort\": {\"direction\": null, \"columnIndex\": null}}, \"title\": \"Kafka Consumer Group Clients [Metricbeat Kafka] ECS\", \"type\": \"table\"}"
            },
            "id": "9a7576e0-d231-11e8-8766-dbbdc39e7ba9-ecs",
            "migrationVersion": {
                "visualization": "7.3.1"
            },
            "references": [
                {
                    "id": "metricbeat-*",
                    "name": "kibanaSavedObjectMeta.searchSourceJSON.index",
                    "type": "index-pattern"
                }
            ],
            "type": "visualization",
            "updated_at": "2019-11-29T09:36:17.646Z",
            "version": "WzI2NDUsMV0="
        },
        {
            "attributes": {
                "description": "",
                "kibanaSavedObjectMeta": {
                    "searchSourceJSON": "{}"
                },
                "title": "Kafka Broker Details [Metricbeat Kafka] ECS",
                "uiStateJSON": "{\"table\": {\"sort\": {\"order\": \"asc\", \"column\": \"cf09c940-d2ec-11e8-88c8-af5b2a9ee6b2\"}}}",
                "version": 1,
                "visState": "{\"aggs\": [], \"params\": {\"pivot_label\": \"Broker ID\", \"id\": \"61ca57f0-469d-11e7-af02-69e470af7417\", \"filter\": \"\", \"time_field\": \"@timestamp\", \"series\": [{\"fill\": 0.5, \"terms_size\": \"100\", \"line_width\": 1, \"seperate_axis\": 0, \"formatter\": \"number\", \"chart_type\": \"line\", \"metrics\": [{\"field\": \"kafka.topic.name\", \"type\": \"cardinality\", \"id\": \"61ca57f2-469d-11e7-af02-69e470af7417\"}], \"point_size\": 1, \"label\": \"Topics\", \"terms_field\": \"kafka.broker.id\", \"split_mode\": \"terms\", \"color\": \"#68BC00\", \"axis_position\": \"right\", \"stacked\": \"none\", \"id\": \"61ca57f1-469d-11e7-af02-69e470af7417\"}, {\"fill\": 0.5, \"line_width\": 1, \"filter\": {\"query\": \"kafka.partition.partition.is_leader: true\", \"language\": \"lucene\"}, \"point_size\": 1, \"formatter\": \"number\", \"color_rules\": [{\"id\": \"7e9ee780-d2ef-11e8-9dd4-c5f03280d7b0\"}], \"chart_type\": \"line\", \"metrics\": [{\"field\": \"kafka.partition.topic_id\", \"type\": \"cardinality\", \"id\": \"b38eb8b0-d2ec-11e8-88c8-af5b2a9ee6b2\"}], \"stacked\": \"none\", \"label\": \"Leader Partitions\", \"split_mode\": \"everything\", \"color\": \"#68BC00\", \"axis_position\": \"right\", \"seperate_axis\": 0, \"id\": \"b38e91a0-d2ec-11e8-88c8-af5b2a9ee6b2\"}, {\"fill\": 0.5, \"line_width\": 1, \"filter\": \"\", \"point_size\": 1, \"formatter\": \"number\", \"color_rules\": [{\"id\": \"d4d9d2c0-d2ec-11e8-88c8-af5b2a9ee6b2\"}], \"chart_type\": \"line\", \"metrics\": [{\"field\": \"kafka.partition.topic_broker_id\", \"type\": \"cardinality\", \"id\": \"cf09f050-d2ec-11e8-88c8-af5b2a9ee6b2\"}], \"stacked\": \"none\", \"label\": \"Replicas\", \"split_mode\": \"everything\", \"color\": \"#68BC00\", \"axis_position\": \"right\", \"seperate_axis\": 0, \"id\": \"cf09c940-d2ec-11e8-88c8-af5b2a9ee6b2\"}], \"show_legend\": 1, \"bar_color_rules\": [{\"id\": \"7fb31e00-d2ec-11e8-88c8-af5b2a9ee6b2\"}], \"type\": \"table\", \"axis_position\": \"left\", \"show_grid\": 1, \"interval\": \"auto\", \"pivot_rows\": \"256\", \"pivot_id\": \"kafka.partition.partition.replica\", \"axis_formatter\": \"number\", \"index_pattern\": \"metricbeat-*\"}, \"title\": \"Kafka Broker Details [Metricbeat Kafka] ECS\", \"type\": \"metrics\"}"
            },
            "id": "27dd5960-d2ed-11e8-8766-dbbdc39e7ba9-ecs",
            "migrationVersion": {
                "visualization": "7.3.1"
            },
            "references": [],
            "type": "visualization",
            "updated_at": "2019-11-29T09:36:17.646Z",
            "version": "WzI2NDYsMV0="
        },
        {
            "attributes": {
                "description": "",
                "kibanaSavedObjectMeta": {
                    "searchSourceJSON": "{}"
                },
                "title": "Kafka Topic Details [Metricbeat Kafka] ECS",
                "uiStateJSON": "{\"table\": {\"sort\": {\"order\": \"asc\", \"column\": \"_default_\"}}}",
                "version": 1,
                "visState": "{\"aggs\": [], \"params\": {\"pivot_label\": \"Topic Name\", \"id\": \"61ca57f0-469d-11e7-af02-69e470af7417\", \"filter\": {\"query\": \"NOT kafka.topic.name: __consumer_offsets\", \"language\": \"lucene\"}, \"time_field\": \"@timestamp\", \"series\": [{\"fill\": 0.5, \"line_width\": 1, \"filter\": {\"query\": \" metricset.name: partition\", \"language\": \"lucene\"}, \"point_size\": 1, \"formatter\": \"number\", \"color_rules\": [{\"id\": \"f07881d0-d2f5-11e8-95b9-eb9260148efc\"}], \"chart_type\": \"line\", \"metrics\": [{\"field\": \"kafka.broker.id\", \"type\": \"cardinality\", \"id\": \"61ca57f2-469d-11e7-af02-69e470af7417\"}], \"stacked\": \"none\", \"label\": \"Brokers\", \"split_mode\": \"everything\", \"color\": \"#68BC00\", \"axis_position\": \"right\", \"seperate_axis\": 0, \"id\": \"61ca57f1-469d-11e7-af02-69e470af7417\"}, {\"fill\": 0.5, \"line_width\": 1, \"filter\": {\"query\": \" metricset.name: partition\", \"language\": \"lucene\"}, \"point_size\": 1, \"formatter\": \"number\", \"color_rules\": [{\"id\": \"fb759e10-d2f5-11e8-95b9-eb9260148efc\"}], \"chart_type\": \"line\", \"metrics\": [{\"field\": \"kafka.partition.id\", \"type\": \"cardinality\", \"id\": \"7d640441-d2f4-11e8-9dd4-c5f03280d7b0\"}], \"stacked\": \"none\", \"label\": \"Partitions\", \"split_mode\": \"everything\", \"color\": \"#68BC00\", \"axis_position\": \"right\", \"seperate_axis\": 0, \"id\": \"7d640440-d2f4-11e8-9dd4-c5f03280d7b0\"}, {\"fill\": 0.5, \"line_width\": 1, \"filter\": {\"query\": \" metricset.name: partition\", \"language\": \"lucene\"}, \"point_size\": 1, \"formatter\": \"number\", \"color_rules\": [{\"id\": \"fdb1ab60-d2f5-11e8-95b9-eb9260148efc\"}], \"chart_type\": \"line\", \"metrics\": [{\"field\": \"kafka.partition.topic_broker_id\", \"type\": \"cardinality\", \"id\": \"ad26e261-d2f4-11e8-9dd4-c5f03280d7b0\"}], \"stacked\": \"none\", \"label\": \"Replicas\", \"split_mode\": \"everything\", \"color\": \"#68BC00\", \"axis_position\": \"right\", \"seperate_axis\": 0, \"id\": \"ad26e260-d2f4-11e8-9dd4-c5f03280d7b0\"}, {\"fill\": 0.5, \"line_width\": 1, \"filter\": {\"query\": \" metricset.name: consumergroup\", \"language\": \"lucene\"}, \"point_size\": 1, \"formatter\": \"number\", \"color_rules\": [{\"id\": \"ff90f2b0-d2f5-11e8-95b9-eb9260148efc\"}], \"chart_type\": \"line\", \"metrics\": [{\"field\": \"kafka.consumergroup.client.id\", \"type\": \"cardinality\", \"id\": \"26d2cd91-d2f5-11e8-9dd4-c5f03280d7b0\"}], \"stacked\": \"none\", \"label\": \"Consumers\", \"split_mode\": \"everything\", \"color\": \"#68BC00\", \"axis_position\": \"right\", \"seperate_axis\": 0, \"id\": \"26d2cd90-d2f5-11e8-9dd4-c5f03280d7b0\"}, {\"fill\": 0.5, \"line_width\": 1, \"filter\": {\"query\": \" metricset.name: partition\", \"language\": \"lucene\"}, \"point_size\": 1, \"formatter\": \"number\", \"color_rules\": [{\"id\": \"ea4984e0-d2f4-11e8-9dd4-c5f03280d7b0\"}], \"chart_type\": \"line\", \"metrics\": [{\"field\": \"kafka.partition.offset.newest\", \"type\": \"max\", \"id\": \"dc393530-d2f4-11e8-9dd4-c5f03280d7b0\"}], \"stacked\": \"none\", \"label\": \"Newest Offset\", \"split_mode\": \"everything\", \"color\": \"#68BC00\", \"axis_position\": \"right\", \"seperate_axis\": 0, \"id\": \"dc390e20-d2f4-11e8-9dd4-c5f03280d7b0\"}, {\"fill\": 0.5, \"line_width\": 1, \"filter\": {\"query\": \" metricset.name: partition\", \"language\": \"lucene\"}, \"point_size\": 1, \"formatter\": \"number\", \"color_rules\": [{\"id\": \"043b67f0-d2f6-11e8-95b9-eb9260148efc\"}], \"chart_type\": \"line\", \"metrics\": [{\"field\": \"kafka.partition.offset.oldest\", \"type\": \"min\", \"id\": \"11366c81-d2f5-11e8-9dd4-c5f03280d7b0\"}], \"stacked\": \"none\", \"label\": \"Oldest Offset\", \"split_mode\": \"everything\", \"color\": \"#68BC00\", \"axis_position\": \"right\", \"seperate_axis\": 0, \"id\": \"11366c80-d2f5-11e8-9dd4-c5f03280d7b0\"}], \"show_legend\": 1, \"bar_color_rules\": [{\"id\": \"f81e47a0-d2f3-11e8-9dd4-c5f03280d7b0\"}], \"type\": \"table\", \"axis_position\": \"left\", \"interval\": \"auto\", \"show_grid\": 1, \"pivot_id\": \"kafka.topic.name\", \"axis_formatter\": \"number\", \"index_pattern\": \"metricbeat-*\"}, \"title\": \"Kafka Topic Details [Metricbeat Kafka] ECS\", \"type\": \"metrics\"}"
            },
            "id": "491fee50-d2f5-11e8-8766-dbbdc39e7ba9-ecs",
            "migrationVersion": {
                "visualization": "7.3.1"
            },
            "references": [],
            "type": "visualization",
            "updated_at": "2019-11-29T09:36:17.646Z",
            "version": "WzI2NDcsMV0="
        }
    ],
    "version": "7.4.0"
}