{
    "objects": [
        {
            "attributes": {
                "description": "Overview of Consul",
                "hits": 0,
                "kibanaSavedObjectMeta": {
                    "searchSourceJSON": "{\"query\": {\"query\": \"\", \"language\": \"lucene\"}, \"filter\": []}"
                },
                "optionsJSON": "{\"hidePanelTitles\": false, \"useMargins\": true}",
                "panelsJSON": "[{\"title\": \"Garbage Collector stats\", \"embeddableConfig\": {}, \"gridData\": {\"y\": 0, \"h\": 15, \"i\": \"1\", \"w\": 24, \"x\": 0}, \"panelRefName\": \"panel_0\", \"panelIndex\": \"1\", \"version\": \"7.0.0-SNAPSHOT\"}, {\"title\": \"Goroutines\", \"embeddableConfig\": {}, \"gridData\": {\"y\": 15, \"h\": 15, \"i\": \"2\", \"w\": 16, \"x\": 15}, \"panelRefName\": \"panel_1\", \"panelIndex\": \"2\", \"version\": \"7.0.0-SNAPSHOT\"}, {\"title\": \"Bytes Allocated\", \"embeddableConfig\": {}, \"gridData\": {\"y\": 0, \"h\": 15, \"i\": \"3\", \"w\": 24, \"x\": 24}, \"panelRefName\": \"panel_2\", \"panelIndex\": \"3\", \"version\": \"7.0.0-SNAPSHOT\"}, {\"title\": \"Heap Objects\", \"embeddableConfig\": {}, \"gridData\": {\"y\": 15, \"h\": 15, \"i\": \"4\", \"w\": 17, \"x\": 31}, \"panelRefName\": \"panel_3\", \"panelIndex\": \"4\", \"version\": \"7.0.0-SNAPSHOT\"}, {\"title\": \"Bytes of memory obtained from the OS\", \"embeddableConfig\": {}, \"gridData\": {\"y\": 15, \"h\": 15, \"i\": \"5\", \"w\": 15, \"x\": 0}, \"panelRefName\": \"panel_4\", \"panelIndex\": \"5\", \"version\": \"7.0.0-SNAPSHOT\"}, {\"title\": \"Malloc count\", \"embeddableConfig\": {}, \"gridData\": {\"y\": 30, \"h\": 15, \"i\": \"6\", \"w\": 16, \"x\": 31}, \"panelRefName\": \"panel_5\", \"panelIndex\": \"6\", \"version\": \"7.0.0-SNAPSHOT\"}, {\"title\": \"Garbage Collector pause ms\", \"embeddableConfig\": {}, \"gridData\": {\"y\": 30, \"h\": 15, \"i\": \"7\", \"w\": 14, \"x\": 0}, \"panelRefName\": \"panel_6\", \"panelIndex\": \"7\", \"version\": \"7.0.0-SNAPSHOT\"}, {\"title\": \"Garbage Collector Runs\", \"embeddableConfig\": {}, \"gridData\": {\"y\": 30, \"h\": 15, \"i\": \"8\", \"w\": 17, \"x\": 14}, \"panelRefName\": \"panel_7\", \"panelIndex\": \"8\", \"version\": \"7.0.0-SNAPSHOT\"}]",
                "timeRestore": false,
                "title": "[Metricbeat Consul] Overview",
                "version": 1
            },
            "id": "6d0cf140-2deb-11e9-bf7e-f35bf5d2e71b",
            "migrationVersion": {
                "dashboard": "7.0.0"
            },
            "references": [
                {
                    "id": "dda0c950-2dea-11e9-bf7e-f35bf5d2e71b",
                    "name": "panel_0",
                    "type": "visualization"
                },
                {
                    "id": "ea842730-2de9-11e9-bf7e-f35bf5d2e71b",
                    "name": "panel_1",
                    "type": "visualization"
                },
                {
                    "id": "6c39d4b0-2de9-11e9-bf7e-f35bf5d2e71b",
                    "name": "panel_2",
                    "type": "visualization"
                },
                {
                    "id": "37c75bc0-2dea-11e9-bf7e-f35bf5d2e71b",
                    "name": "panel_3",
                    "type": "visualization"
                },
                {
                    "id": "69b29820-2dea-11e9-bf7e-f35bf5d2e71b",
                    "name": "panel_4",
                    "type": "visualization"
                },
                {
                    "id": "8ab67000-2dea-11e9-bf7e-f35bf5d2e71b",
                    "name": "panel_5",
                    "type": "visualization"
                },
                {
                    "id": "d275dbc0-2de9-11e9-bf7e-f35bf5d2e71b",
                    "name": "panel_6",
                    "type": "visualization"
                },
                {
                    "id": "1e97c1d0-2dea-11e9-bf7e-f35bf5d2e71b",
                    "name": "panel_7",
                    "type": "visualization"
                }
            ],
            "type": "dashboard",
            "updated_at": "2019-02-11T10:55:39.323Z",
            "version": "WzU5NywzXQ=="
        },
        {
            "attributes": {
                "description": "",
                "kibanaSavedObjectMeta": {
                    "searchSourceJSON": "{\"query\": {\"query\": \"\", \"language\": \"lucene\"}, \"filter\": []}"
                },
                "title": "Garbage Collector stats [Metricbeat Consul]",
                "uiStateJSON": "{}",
                "version": 1,
                "visState": "{\"aggs\": [], \"params\": {\"time_field\": \"@timestamp\", \"show_grid\": 1, \"show_legend\": 1, \"axis_scale\": \"normal\", \"type\": \"timeseries\", \"axis_position\": \"left\", \"interval\": \"auto\", \"index_pattern\": \"metricbeat-*\", \"series\": [{\"fill\": \"0\", \"line_width\": \"1\", \"point_size\": 1, \"formatter\": \"ns,ms,2\", \"color\": \"#68BC00\", \"chart_type\": \"line\", \"metrics\": [{\"field\": \"consul.agent.runtime.garbage_collector.pause.current.ns\", \"type\": \"avg\", \"id\": \"61ca57f2-469d-11e7-af02-69e470af7417\"}], \"label\": \"Pause time\", \"split_mode\": \"everything\", \"separate_axis\": 0, \"axis_position\": \"right\", \"stacked\": \"none\", \"value_template\": \"{{value}} ms\", \"id\": \"61ca57f1-469d-11e7-af02-69e470af7417\"}, {\"fill\": \"0.5\", \"line_width\": 1, \"point_size\": 1, \"formatter\": \"number\", \"steps\": 1, \"color\": \"rgba(115,216,255,1)\", \"chart_type\": \"bar\", \"metrics\": [{\"field\": \"consul.agent.runtime.garbage_collector.runs\", \"type\": \"sum\", \"id\": \"9728a011-2dea-11e9-83ed-b7c793d35de5\"}, {\"unit\": \"\", \"field\": \"9728a011-2dea-11e9-83ed-b7c793d35de5\", \"type\": \"derivative\", \"id\": \"9ed22480-2dea-11e9-83ed-b7c793d35de5\"}], \"label\": \"Runs\", \"split_mode\": \"everything\", \"separate_axis\": 1, \"axis_position\": \"right\", \"stacked\": \"none\", \"id\": \"9728a010-2dea-11e9-83ed-b7c793d35de5\"}], \"axis_formatter\": \"number\", \"id\": \"61ca57f0-469d-11e7-af02-69e470af7417\"}, \"title\": \"Garbage Collector stats [Metricbeat Consul]\", \"type\": \"metrics\"}"
            },
            "id": "dda0c950-2dea-11e9-bf7e-f35bf5d2e71b",
            "migrationVersion": {
                "visualization": "7.0.0"
            },
            "references": [],
            "type": "visualization",
            "updated_at": "2019-02-11T10:55:03.187Z",
            "version": "WzU5NSwzXQ=="
        },
        {
            "attributes": {
                "description": "",
                "kibanaSavedObjectMeta": {
                    "searchSourceJSON": "{\"query\": {\"query\": \"\", \"language\": \"lucene\"}, \"filter\": []}"
                },
                "title": "Goroutines [Metricbeat Consul]",
                "uiStateJSON": "{}",
                "version": 1,
                "visState": "{\"aggs\": [], \"params\": {\"id\": \"61ca57f0-469d-11e7-af02-69e470af7417\", \"axis_position\": \"left\", \"series\": [{\"fill\": 0.5, \"line_width\": 1, \"point_size\": 1, \"formatter\": \"number\", \"color\": \"#68BC00\", \"chart_type\": \"line\", \"metrics\": [{\"field\": \"consul.agent.runtime.goroutines\", \"type\": \"avg\", \"id\": \"61ca57f2-469d-11e7-af02-69e470af7417\"}], \"label\": \"Goroutines\", \"split_mode\": \"everything\", \"separate_axis\": 0, \"axis_position\": \"right\", \"stacked\": \"none\", \"id\": \"61ca57f1-469d-11e7-af02-69e470af7417\"}], \"show_legend\": 1, \"axis_scale\": \"normal\", \"type\": \"timeseries\", \"time_field\": \"@timestamp\", \"interval\": \"auto\", \"show_grid\": 1, \"axis_formatter\": \"number\", \"axis_min\": \"0\", \"index_pattern\": \"metricbeat-*\"}, \"title\": \"Goroutines [Metricbeat Consul]\", \"type\": \"metrics\"}"
            },
            "id": "ea842730-2de9-11e9-bf7e-f35bf5d2e71b",
            "migrationVersion": {
                "visualization": "7.0.0"
            },
            "references": [],
            "type": "visualization",
            "updated_at": "2019-02-11T10:43:49.667Z",
            "version": "WzU4NywzXQ=="
        },
        {
            "attributes": {
                "description": "",
                "kibanaSavedObjectMeta": {
                    "searchSourceJSON": "{\"query\": {\"query\": \"\", \"language\": \"lucene\"}, \"filter\": []}"
                },
                "title": "Bytes Allocated [Metricbeat Consul]",
                "uiStateJSON": "{}",
                "version": 1,
                "visState": "{\"aggs\": [], \"params\": {\"id\": \"61ca57f0-469d-11e7-af02-69e470af7417\", \"axis_position\": \"left\", \"series\": [{\"fill\": 0.5, \"line_width\": 1, \"point_size\": 1, \"formatter\": \"bytes\", \"color\": \"#68BC00\", \"chart_type\": \"line\", \"metrics\": [{\"field\": \"consul.agent.runtime.alloc.bytes\", \"type\": \"avg\", \"id\": \"61ca57f2-469d-11e7-af02-69e470af7417\"}], \"label\": \"Bytes allocated\", \"split_mode\": \"everything\", \"separate_axis\": 0, \"axis_position\": \"right\", \"stacked\": \"none\", \"id\": \"61ca57f1-469d-11e7-af02-69e470af7417\"}], \"show_legend\": 1, \"axis_scale\": \"normal\", \"type\": \"timeseries\", \"time_field\": \"@timestamp\", \"interval\": \"auto\", \"show_grid\": 1, \"axis_formatter\": \"number\", \"axis_min\": \"0\", \"index_pattern\": \"metricbeat-*\"}, \"title\": \"Bytes Allocated [Metricbeat Consul]\", \"type\": \"metrics\"}"
            },
            "id": "6c39d4b0-2de9-11e9-bf7e-f35bf5d2e71b",
            "migrationVersion": {
                "visualization": "7.0.0"
            },
            "references": [],
            "type": "visualization",
            "updated_at": "2019-02-11T10:40:41.790Z",
            "version": "WzU4NSwzXQ=="
        },
        {
            "attributes": {
                "description": "",
                "kibanaSavedObjectMeta": {
                    "searchSourceJSON": "{\"query\": {\"query\": \"\", \"language\": \"lucene\"}, \"filter\": []}"
                },
                "title": "Heap Objects [Metricbeat Consul]",
                "uiStateJSON": "{}",
                "version": 1,
                "visState": "{\"aggs\": [], \"params\": {\"id\": \"61ca57f0-469d-11e7-af02-69e470af7417\", \"axis_position\": \"left\", \"series\": [{\"fill\": 0.5, \"line_width\": 1, \"point_size\": 1, \"formatter\": \"number\", \"color\": \"#68BC00\", \"chart_type\": \"line\", \"metrics\": [{\"field\": \"consul.agent.runtime.heap_objects\", \"type\": \"avg\", \"id\": \"61ca57f2-469d-11e7-af02-69e470af7417\"}], \"label\": \"Heap Objects\", \"split_mode\": \"everything\", \"separate_axis\": 0, \"axis_position\": \"right\", \"stacked\": \"none\", \"id\": \"61ca57f1-469d-11e7-af02-69e470af7417\"}], \"show_legend\": 1, \"axis_scale\": \"normal\", \"type\": \"timeseries\", \"time_field\": \"@timestamp\", \"interval\": \"auto\", \"show_grid\": 1, \"axis_formatter\": \"number\", \"axis_min\": \"0\", \"index_pattern\": \"metricbeat-*\"}, \"title\": \"Heap Objects [Metricbeat Consul]\", \"type\": \"metrics\"}"
            },
            "id": "37c75bc0-2dea-11e9-bf7e-f35bf5d2e71b",
            "migrationVersion": {
                "visualization": "7.0.0"
            },
            "references": [],
            "type": "visualization",
            "updated_at": "2019-02-11T10:45:59.292Z",
            "version": "WzU4OSwzXQ=="
        },
        {
            "attributes": {
                "description": "",
                "kibanaSavedObjectMeta": {
                    "searchSourceJSON": "{\"query\": {\"query\": \"\", \"language\": \"lucene\"}, \"filter\": []}"
                },
                "title": "Bytes of memory obtained from the OS [Metricbeat Consul]",
                "uiStateJSON": "{}",
                "version": 1,
                "visState": "{\"aggs\": [], \"params\": {\"id\": \"61ca57f0-469d-11e7-af02-69e470af7417\", \"axis_position\": \"left\", \"series\": [{\"fill\": 0.5, \"line_width\": 1, \"point_size\": 1, \"formatter\": \"bytes\", \"color\": \"#68BC00\", \"chart_type\": \"line\", \"metrics\": [{\"field\": \"consul.agent.runtime.sys.bytes\", \"type\": \"avg\", \"id\": \"61ca57f2-469d-11e7-af02-69e470af7417\"}], \"label\": \"Bytes of memory obtained from the OS\", \"split_mode\": \"everything\", \"separate_axis\": 0, \"axis_position\": \"right\", \"stacked\": \"none\", \"id\": \"61ca57f1-469d-11e7-af02-69e470af7417\"}], \"show_legend\": 1, \"axis_scale\": \"normal\", \"type\": \"timeseries\", \"time_field\": \"@timestamp\", \"interval\": \"auto\", \"show_grid\": 1, \"axis_formatter\": \"number\", \"axis_min\": \"0\", \"index_pattern\": \"metricbeat-*\"}, \"title\": \"Bytes of memory obtained from the OS [Metricbeat Consul]\", \"type\": \"metrics\"}"
            },
            "id": "69b29820-2dea-11e9-bf7e-f35bf5d2e71b",
            "migrationVersion": {
                "visualization": "7.0.0"
            },
            "references": [],
            "type": "visualization",
            "updated_at": "2019-02-11T10:47:23.042Z",
            "version": "WzU5MCwzXQ=="
        },
        {
            "attributes": {
                "description": "",
                "kibanaSavedObjectMeta": {
                    "searchSourceJSON": "{\"query\": {\"query\": \"\", \"language\": \"lucene\"}, \"filter\": []}"
                },
                "title": "Malloc count [Metricbeat Consul]",
                "uiStateJSON": "{}",
                "version": 1,
                "visState": "{\"aggs\": [], \"params\": {\"id\": \"61ca57f0-469d-11e7-af02-69e470af7417\", \"axis_position\": \"left\", \"series\": [{\"fill\": 0.5, \"line_width\": 1, \"point_size\": 1, \"formatter\": \"number\", \"color\": \"#68BC00\", \"chart_type\": \"line\", \"metrics\": [{\"field\": \"consul.agent.runtime.malloc_count\", \"type\": \"sum\", \"id\": \"61ca57f2-469d-11e7-af02-69e470af7417\"}, {\"unit\": \"\", \"field\": \"61ca57f2-469d-11e7-af02-69e470af7417\", \"type\": \"derivative\", \"id\": \"7a6e0aa0-2dea-11e9-83ed-b7c793d35de5\"}], \"label\": \"Malloc Count\", \"split_mode\": \"everything\", \"separate_axis\": 0, \"axis_position\": \"right\", \"stacked\": \"none\", \"id\": \"61ca57f1-469d-11e7-af02-69e470af7417\"}], \"show_legend\": 1, \"axis_scale\": \"normal\", \"type\": \"timeseries\", \"time_field\": \"@timestamp\", \"interval\": \"auto\", \"show_grid\": 1, \"axis_formatter\": \"number\", \"axis_min\": \"0\", \"index_pattern\": \"metricbeat-*\"}, \"title\": \"Malloc count [Metricbeat Consul]\", \"type\": \"metrics\"}"
            },
            "id": "8ab67000-2dea-11e9-bf7e-f35bf5d2e71b",
            "migrationVersion": {
                "visualization": "7.0.0"
            },
            "references": [],
            "type": "visualization",
            "updated_at": "2019-02-11T10:48:18.432Z",
            "version": "WzU5MSwzXQ=="
        },
        {
            "attributes": {
                "description": "",
                "kibanaSavedObjectMeta": {
                    "searchSourceJSON": "{\"query\": {\"query\": \"\", \"language\": \"lucene\"}, \"filter\": []}"
                },
                "title": "Garbage Collector pause ms [Metricbeat Consul]",
                "uiStateJSON": "{}",
                "version": 1,
                "visState": "{\"aggs\": [], \"params\": {\"id\": \"61ca57f0-469d-11e7-af02-69e470af7417\", \"axis_position\": \"left\", \"series\": [{\"fill\": 0.5, \"line_width\": 1, \"point_size\": 1, \"formatter\": \"ns,ms,4\", \"color\": \"#68BC00\", \"chart_type\": \"line\", \"metrics\": [{\"field\": \"consul.agent.runtime.garbage_collector.pause.current.ns\", \"type\": \"avg\", \"id\": \"61ca57f2-469d-11e7-af02-69e470af7417\"}], \"label\": \"Garbage Collector pause\", \"split_mode\": \"everything\", \"separate_axis\": 0, \"axis_position\": \"right\", \"stacked\": \"none\", \"value_template\": \"{{value}} ms\", \"id\": \"61ca57f1-469d-11e7-af02-69e470af7417\"}], \"show_legend\": 1, \"axis_scale\": \"normal\", \"type\": \"timeseries\", \"time_field\": \"@timestamp\", \"interval\": \"auto\", \"show_grid\": 1, \"axis_formatter\": \"number\", \"axis_min\": \"0\", \"index_pattern\": \"metricbeat-*\"}, \"title\": \"Garbage Collector pause ms [Metricbeat Consul]\", \"type\": \"metrics\"}"
            },
            "id": "d275dbc0-2de9-11e9-bf7e-f35bf5d2e71b",
            "migrationVersion": {
                "visualization": "7.0.0"
            },
            "references": [],
            "type": "visualization",
            "updated_at": "2019-02-11T10:43:09.308Z",
            "version": "WzU4NiwzXQ=="
        },
        {
            "attributes": {
                "description": "",
                "kibanaSavedObjectMeta": {
                    "searchSourceJSON": "{\"query\": {\"query\": \"\", \"language\": \"lucene\"}, \"filter\": []}"
                },
                "title": "Garbage Collector Runs [Metricbeat Consul]",
                "uiStateJSON": "{}",
                "version": 1,
                "visState": "{\"aggs\": [], \"params\": {\"id\": \"61ca57f0-469d-11e7-af02-69e470af7417\", \"axis_position\": \"left\", \"series\": [{\"fill\": 0.5, \"line_width\": 1, \"point_size\": 1, \"formatter\": \"number\", \"steps\": 1, \"color\": \"#68BC00\", \"chart_type\": \"line\", \"metrics\": [{\"field\": \"consul.agent.runtime.garbage_collector.runs\", \"type\": \"sum\", \"id\": \"61ca57f2-469d-11e7-af02-69e470af7417\"}, {\"unit\": \"\", \"field\": \"61ca57f2-469d-11e7-af02-69e470af7417\", \"type\": \"derivative\", \"id\": \"ffaa1fc0-2de9-11e9-83ed-b7c793d35de5\"}], \"label\": \"Garbage Collector Runs\", \"split_mode\": \"everything\", \"separate_axis\": 0, \"axis_position\": \"right\", \"stacked\": \"none\", \"id\": \"61ca57f1-469d-11e7-af02-69e470af7417\"}], \"show_legend\": 1, \"axis_scale\": \"normal\", \"type\": \"timeseries\", \"time_field\": \"@timestamp\", \"interval\": \"auto\", \"show_grid\": 1, \"axis_formatter\": \"number\", \"axis_min\": \"0\", \"index_pattern\": \"metricbeat-*\"}, \"title\": \"Garbage Collector Runs [Metricbeat Consul]\", \"type\": \"metrics\"}"
            },
            "id": "1e97c1d0-2dea-11e9-bf7e-f35bf5d2e71b",
            "migrationVersion": {
                "visualization": "7.0.0"
            },
            "references": [],
            "type": "visualization",
            "updated_at": "2019-02-11T10:51:44.187Z",
            "version": "WzU5MywzXQ=="
        }
    ],
    "version": "7.0.0-SNAPSHOT"
}