{
    "objects": [
        {
            "attributes": {
                "description": "",
                "kibanaSavedObjectMeta": {
                    "searchSourceJSON": "{}"
                },
                "title": "Request Rate [Metricbeat Nginx] ECS",
                "uiStateJSON": "{}",
                "version": 1,
                "visState": "{\"aggs\": [], \"params\": {\"show_grid\": 1, \"legend_position\": \"bottom\", \"show_legend\": 1, \"time_field\": \"@timestamp\", \"type\": \"timeseries\", \"axis_position\": \"left\", \"interval\": \"auto\", \"id\": \"61ca57f0-469d-11e7-af02-69e470af7417\", \"series\": [{\"fill\": 0.5, \"line_width\": 1, \"seperate_axis\": 0, \"formatter\": \"number\", \"chart_type\": \"line\", \"metrics\": [{\"field\": \"nginx.stubstatus.requests\", \"type\": \"avg\", \"id\": \"61ca57f2-469d-11e7-af02-69e470af7417\"}, {\"unit\": \"\", \"field\": \"61ca57f2-469d-11e7-af02-69e470af7417\", \"type\": \"derivative\", \"id\": \"396ec980-f1a1-11e7-95d0-8ddf041d42a2\"}], \"point_size\": 1, \"label\": \"Request rate\", \"split_mode\": \"everything\", \"color\": \"#68BC00\", \"axis_position\": \"right\", \"stacked\": \"none\", \"id\": \"61ca57f1-469d-11e7-af02-69e470af7417\"}], \"axis_formatter\": \"number\", \"index_pattern\": \"metricbeat-*\"}, \"title\": \"Request Rate [Metricbeat Nginx] ECS\", \"type\": \"metrics\"}"
            },
            "id": "555df8a0-f1a1-11e7-a9ef-93c69af7b129-ecs",
            "type": "visualization",
            "updated_at": "2018-01-04T22:48:58.542Z",
            "version": 2
        },
        {
            "attributes": {
                "description": "",
                "kibanaSavedObjectMeta": {
                    "searchSourceJSON": "{}"
                },
                "title": "Accepts and Handled Rate [Metricbeat Nginx] ECS",
                "uiStateJSON": "{}",
                "version": 1,
                "visState": "{\"aggs\": [], \"params\": {\"id\": \"61ca57f0-469d-11e7-af02-69e470af7417\", \"legend_position\": \"bottom\", \"axis_position\": \"left\", \"series\": [{\"fill\": \"0.5\", \"line_width\": 1, \"stacked\": \"none\", \"seperate_axis\": 0, \"formatter\": \"number\", \"chart_type\": \"line\", \"metrics\": [{\"field\": \"nginx.stubstatus.accepts\", \"type\": \"avg\", \"id\": \"61ca57f2-469d-11e7-af02-69e470af7417\"}, {\"unit\": \"\", \"field\": \"61ca57f2-469d-11e7-af02-69e470af7417\", \"type\": \"derivative\", \"id\": \"396ec980-f1a1-11e7-95d0-8ddf041d42a2\"}], \"point_size\": 1, \"label\": \"Accepts rate\", \"split_mode\": \"everything\", \"color\": \"#68BC00\", \"axis_position\": \"right\", \"split_color_mode\": \"gradient\", \"id\": \"61ca57f1-469d-11e7-af02-69e470af7417\"}, {\"fill\": \"0.9\", \"line_width\": 1, \"seperate_axis\": 0, \"formatter\": \"number\", \"chart_type\": \"line\", \"metrics\": [{\"field\": \"nginx.stubstatus.handled\", \"type\": \"avg\", \"id\": \"56dd33b1-f1a3-11e7-95d0-8ddf041d42a2\"}, {\"unit\": \"\", \"field\": \"56dd33b1-f1a3-11e7-95d0-8ddf041d42a2\", \"type\": \"derivative\", \"id\": \"56dd33b2-f1a3-11e7-95d0-8ddf041d42a2\"}], \"point_size\": \"3\", \"label\": \"Handled rate\", \"split_mode\": \"everything\", \"color\": \"rgba(0,156,224,1)\", \"axis_position\": \"right\", \"stacked\": \"none\", \"id\": \"56dd33b0-f1a3-11e7-95d0-8ddf041d42a2\"}], \"show_legend\": 1, \"annotations\": [{\"ignore_panel_filters\": 1, \"ignore_global_filters\": 1, \"time_field\": \"@timestamp\", \"icon\": \"fa-tag\", \"index_pattern\": \"*\", \"color\": \"#F00\", \"id\": \"8644f980-f1a3-11e7-95d0-8ddf041d42a2\"}], \"type\": \"timeseries\", \"time_field\": \"@timestamp\", \"interval\": \"auto\", \"show_grid\": 1, \"axis_formatter\": \"number\", \"index_pattern\": \"metricbeat-*\"}, \"title\": \"Accepts and Handled Rate [Metricbeat Nginx] ECS\", \"type\": \"metrics\"}"
            },
            "id": "a1d92240-f1a1-11e7-a9ef-93c69af7b129-ecs",
            "type": "visualization",
            "updated_at": "2018-01-04T23:07:23.056Z",
            "version": 2
        },
        {
            "attributes": {
                "description": "",
                "kibanaSavedObjectMeta": {
                    "searchSourceJSON": "{}"
                },
                "title": "Drops Rate [Metricbeat Nginx] ECS",
                "uiStateJSON": "{}",
                "version": 1,
                "visState": "{\"aggs\": [], \"params\": {\"show_grid\": 1, \"legend_position\": \"bottom\", \"show_legend\": 1, \"time_field\": \"@timestamp\", \"type\": \"timeseries\", \"axis_position\": \"left\", \"interval\": \"auto\", \"id\": \"61ca57f0-469d-11e7-af02-69e470af7417\", \"series\": [{\"fill\": 0.5, \"line_width\": 1, \"seperate_axis\": 0, \"formatter\": \"number\", \"chart_type\": \"line\", \"metrics\": [{\"field\": \"nginx.stubstatus.dropped\", \"type\": \"avg\", \"id\": \"61ca57f2-469d-11e7-af02-69e470af7417\"}, {\"unit\": \"\", \"field\": \"61ca57f2-469d-11e7-af02-69e470af7417\", \"type\": \"derivative\", \"id\": \"396ec980-f1a1-11e7-95d0-8ddf041d42a2\"}], \"point_size\": 1, \"label\": \"Drops rate\", \"split_mode\": \"everything\", \"color\": \"rgba(188,0,65,1)\", \"axis_position\": \"right\", \"stacked\": \"none\", \"id\": \"61ca57f1-469d-11e7-af02-69e470af7417\"}], \"axis_formatter\": \"number\", \"index_pattern\": \"metricbeat-*\"}, \"title\": \"Drops Rate [Metricbeat Nginx] ECS\", \"type\": \"metrics\"}"
            },
            "id": "d763a570-f1a1-11e7-a9ef-93c69af7b129-ecs",
            "type": "visualization",
            "updated_at": "2018-01-04T22:51:46.375Z",
            "version": 1
        },
        {
            "attributes": {
                "description": "",
                "kibanaSavedObjectMeta": {
                    "searchSourceJSON": "{}"
                },
                "title": "Active connections [Metricbeat Nginx] ECS",
                "uiStateJSON": "{}",
                "version": 1,
                "visState": "{\"aggs\": [], \"params\": {\"show_grid\": 1, \"legend_position\": \"bottom\", \"show_legend\": 1, \"time_field\": \"@timestamp\", \"type\": \"timeseries\", \"axis_position\": \"left\", \"interval\": \"auto\", \"id\": \"61ca57f0-469d-11e7-af02-69e470af7417\", \"series\": [{\"fill\": 0.5, \"line_width\": 1, \"seperate_axis\": 0, \"formatter\": \"number\", \"chart_type\": \"line\", \"metrics\": [{\"field\": \"nginx.stubstatus.active\", \"type\": \"avg\", \"id\": \"61ca57f2-469d-11e7-af02-69e470af7417\"}], \"point_size\": 1, \"split_mode\": \"everything\", \"color\": \"#68BC00\", \"axis_position\": \"right\", \"stacked\": \"none\", \"id\": \"61ca57f1-469d-11e7-af02-69e470af7417\"}], \"axis_formatter\": \"number\", \"index_pattern\": \"metricbeat-*\"}, \"title\": \"Active connections [Metricbeat Nginx] ECS\", \"type\": \"metrics\"}"
            },
            "id": "47a8e0f0-f1a4-11e7-a9ef-93c69af7b129-ecs",
            "type": "visualization",
            "updated_at": "2018-01-04T23:09:55.944Z",
            "version": 2
        },
        {
            "attributes": {
                "description": "",
                "kibanaSavedObjectMeta": {
                    "searchSourceJSON": "{}"
                },
                "title": "Reading / Writing / Waiting Rates [Metricbeat Nginx] ECS",
                "uiStateJSON": "{}",
                "version": 1,
                "visState": "{\"aggs\": [], \"params\": {\"show_grid\": 1, \"legend_position\": \"bottom\", \"show_legend\": 1, \"time_field\": \"@timestamp\", \"type\": \"timeseries\", \"axis_position\": \"left\", \"interval\": \"auto\", \"id\": \"61ca57f0-469d-11e7-af02-69e470af7417\", \"series\": [{\"fill\": 0.5, \"line_width\": 1, \"seperate_axis\": 0, \"formatter\": \"number\", \"chart_type\": \"line\", \"metrics\": [{\"field\": \"nginx.stubstatus.reading\", \"type\": \"avg\", \"id\": \"61ca57f2-469d-11e7-af02-69e470af7417\"}], \"point_size\": 1, \"label\": \"Reading\", \"split_mode\": \"everything\", \"color\": \"#68BC00\", \"axis_position\": \"right\", \"stacked\": \"none\", \"id\": \"61ca57f1-469d-11e7-af02-69e470af7417\"}, {\"fill\": 0.5, \"line_width\": 1, \"seperate_axis\": 0, \"formatter\": \"number\", \"chart_type\": \"line\", \"metrics\": [{\"field\": \"nginx.stubstatus.writing\", \"type\": \"avg\", \"id\": \"b1773681-f1a4-11e7-95d0-8ddf041d42a2\"}], \"point_size\": 1, \"label\": \"Writing\", \"split_mode\": \"everything\", \"color\": \"rgba(0,156,224,1)\", \"axis_position\": \"right\", \"stacked\": \"none\", \"id\": \"b1773680-f1a4-11e7-95d0-8ddf041d42a2\"}, {\"fill\": 0.5, \"line_width\": 1, \"seperate_axis\": 0, \"formatter\": \"number\", \"chart_type\": \"line\", \"metrics\": [{\"field\": \"nginx.stubstatus.waiting\", \"type\": \"avg\", \"id\": \"b68aa6c1-f1a4-11e7-95d0-8ddf041d42a2\"}], \"point_size\": 1, \"label\": \"Waiting\", \"split_mode\": \"everything\", \"color\": \"rgba(252,220,0,1)\", \"axis_position\": \"right\", \"stacked\": \"none\", \"id\": \"b68aa6c0-f1a4-11e7-95d0-8ddf041d42a2\"}], \"axis_formatter\": \"number\", \"index_pattern\": \"metricbeat-*\"}, \"title\": \"Reading / Writing / Waiting Rates [Metricbeat Nginx] ECS\", \"type\": \"metrics\"}"
            },
            "id": "dcbffe30-f1a4-11e7-a9ef-93c69af7b129-ecs",
            "type": "visualization",
            "updated_at": "2018-01-04T23:13:23.859Z",
            "version": 1
        },
        {
            "attributes": {
                "description": "Overview dashboard for the Nginx module in Metricbeat",
                "hits": 0,
                "kibanaSavedObjectMeta": {
                    "searchSourceJSON": "{\"query\": {\"query\": \"\", \"language\": \"kuery\"}, \"filter\": [], \"version\": true, \"highlightAll\": true}"
                },
                "optionsJSON": "{\"hidePanelTitles\": false, \"darkTheme\": false, \"useMargins\": true}",
                "panelsJSON": "[{\"gridData\": {\"y\": 0, \"h\": 3, \"i\": \"1\", \"w\": 6, \"x\": 6}, \"version\": \"6.2.4\", \"panelIndex\": \"1\", \"type\": \"visualization\", \"id\": \"555df8a0-f1a1-11e7-a9ef-93c69af7b129-ecs\"}, {\"gridData\": {\"y\": 3, \"h\": 3, \"i\": \"2\", \"w\": 6, \"x\": 6}, \"version\": \"6.2.4\", \"panelIndex\": \"2\", \"type\": \"visualization\", \"id\": \"a1d92240-f1a1-11e7-a9ef-93c69af7b129-ecs\"}, {\"gridData\": {\"y\": 3, \"h\": 3, \"i\": \"3\", \"w\": 6, \"x\": 0}, \"version\": \"6.2.4\", \"panelIndex\": \"3\", \"type\": \"visualization\", \"id\": \"d763a570-f1a1-11e7-a9ef-93c69af7b129-ecs\"}, {\"gridData\": {\"y\": 0, \"h\": 3, \"i\": \"4\", \"w\": 6, \"x\": 0}, \"version\": \"6.2.4\", \"panelIndex\": \"4\", \"type\": \"visualization\", \"id\": \"47a8e0f0-f1a4-11e7-a9ef-93c69af7b129-ecs\"}, {\"gridData\": {\"y\": 6, \"h\": 3, \"i\": \"5\", \"w\": 12, \"x\": 0}, \"version\": \"6.2.4\", \"panelIndex\": \"5\", \"type\": \"visualization\", \"id\": \"dcbffe30-f1a4-11e7-a9ef-93c69af7b129-ecs\"}]",
                "timeRestore": false,
                "title": "[Metricbeat Nginx] Overview ECS",
                "version": 1
            },
            "id": "023d2930-f1a5-11e7-a9ef-93c69af7b129-ecs",
            "type": "dashboard",
            "updated_at": "2018-01-04T23:14:26.755Z",
            "version": 1
        }
    ],
    "version": "6.2.4"
}