{
    "objects": [
        {
            "attributes": {
                "description": "Various stats for Prometheus Server",
                "hits": 0,
                "kibanaSavedObjectMeta": {
                    "searchSourceJSON": "{\"query\": {\"query\": \"\", \"language\": \"kuery\"}, \"filter\": []}"
                },
                "optionsJSON": "{\"hidePanelTitles\": false, \"useMargins\": true}",
                "panelsJSON": "[{\"title\": \"HTTP Requests\", \"embeddableConfig\": {}, \"gridData\": {\"y\": 0, \"h\": 15, \"i\": \"1\", \"w\": 24, \"x\": 0}, \"panelRefName\": \"panel_0\", \"panelIndex\": \"1\", \"version\": \"7.3.0\"}, {\"title\": \"Query Durations\", \"embeddableConfig\": {}, \"gridData\": {\"y\": 0, \"h\": 15, \"i\": \"2\", \"w\": 24, \"x\": 24}, \"panelRefName\": \"panel_1\", \"panelIndex\": \"2\", \"version\": \"7.3.0\"}, {\"title\": \"Number of Targets\", \"embeddableConfig\": {}, \"gridData\": {\"y\": 15, \"h\": 7, \"i\": \"3\", \"w\": 24, \"x\": 24}, \"panelRefName\": \"panel_2\", \"panelIndex\": \"3\", \"version\": \"7.3.0\"}, {\"title\": \"Head Chunks\", \"embeddableConfig\": {}, \"gridData\": {\"y\": 22, \"h\": 15, \"i\": \"4\", \"w\": 24, \"x\": 0}, \"panelRefName\": \"panel_3\", \"panelIndex\": \"4\", \"version\": \"7.3.0\"}, {\"title\": \"WAL Stats\", \"embeddableConfig\": {}, \"gridData\": {\"y\": 15, \"h\": 7, \"i\": \"5\", \"w\": 11, \"x\": 0}, \"panelRefName\": \"panel_4\", \"panelIndex\": \"5\", \"version\": \"7.3.0\"}, {\"title\": \"Reload Count\", \"embeddableConfig\": {}, \"gridData\": {\"y\": 15, \"h\": 7, \"i\": \"6\", \"w\": 13, \"x\": 11}, \"panelRefName\": \"panel_5\", \"panelIndex\": \"6\", \"version\": \"7.3.0\"}, {\"title\": \"Remote API Reads\", \"embeddableConfig\": {}, \"gridData\": {\"y\": 22, \"h\": 15, \"i\": \"7\", \"w\": 10, \"x\": 24}, \"panelRefName\": \"panel_6\", \"panelIndex\": \"7\", \"version\": \"7.3.0\"}, {\"title\": \"Alert Notifications\", \"embeddableConfig\": {}, \"gridData\": {\"y\": 22, \"h\": 15, \"i\": \"8\", \"w\": 14, \"x\": 34}, \"panelRefName\": \"panel_7\", \"panelIndex\": \"8\", \"version\": \"7.3.0\"}]",
                "timeRestore": false,
                "title": "[Metricbeat Prometheus] Overview",
                "version": 1
            },
            "id": "6a9b80c0-b2ed-11e9-9a23-67ee28886a4b",
            "migrationVersion": {
                "dashboard": "7.3.0"
            },
            "references": [
                {
                    "id": "19886730-b2e7-11e9-9a23-67ee28886a4b",
                    "name": "panel_0",
                    "type": "visualization"
                },
                {
                    "id": "f77c5900-b2e4-11e9-9a23-67ee28886a4b",
                    "name": "panel_1",
                    "type": "visualization"
                },
                {
                    "id": "ffb70040-b2ec-11e9-9a23-67ee28886a4b",
                    "name": "panel_2",
                    "type": "visualization"
                },
                {
                    "id": "79345b00-b2e5-11e9-9a23-67ee28886a4b",
                    "name": "panel_3",
                    "type": "visualization"
                },
                {
                    "id": "138704c0-b2f8-11e9-9a23-67ee28886a4b",
                    "name": "panel_4",
                    "type": "visualization"
                },
                {
                    "id": "d7740b40-b2fc-11e9-9a23-67ee28886a4b",
                    "name": "panel_5",
                    "type": "visualization"
                },
                {
                    "id": "edd33100-b305-11e9-9a23-67ee28886a4b",
                    "name": "panel_6",
                    "type": "visualization"
                },
                {
                    "id": "0b356630-b308-11e9-9a23-67ee28886a4b",
                    "name": "panel_7",
                    "type": "visualization"
                }
            ],
            "type": "dashboard",
            "updated_at": "2019-08-02T10:59:13.474Z",
            "version": "WzYxMCwxXQ=="
        },
        {
            "attributes": {
                "description": "",
                "kibanaSavedObjectMeta": {
                    "searchSourceJSON": "{\"query\": {\"query\": \"\", \"language\": \"kuery\"}, \"filter\": []}"
                },
                "title": "HTTP Requests [Metricbeat Prometheus]",
                "uiStateJSON": "{}",
                "version": 1,
                "visState": "{\"aggs\": [], \"params\": {\"default_timefield\": \"@timestamp\", \"filter\": {\"query\": \"\", \"language\": \"kuery\"}, \"default_index_pattern\": \"metricbeat-*\", \"time_field\": \"@timestamp\", \"series\": [{\"fill\": 0, \"terms_size\": \"5\", \"line_width\": 2, \"point_size\": 0, \"formatter\": \"number\", \"color\": \"rgba(219,223,0,1)\", \"chart_type\": \"line\", \"metrics\": [{\"field\": \"prometheus.metrics.prometheus_http_requests_total\", \"type\": \"max\", \"id\": \"b2579fe2-b2e6-11e9-96a9-535735f478e7\"}, {\"unit\": \"1s\", \"field\": \"b2579fe2-b2e6-11e9-96a9-535735f478e7\", \"type\": \"derivative\", \"id\": \"4ff83340-b445-11e9-88c2-81f27aea5920\"}], \"label\": \"HTTP Requests\", \"terms_field\": \"prometheus.labels.handler\", \"split_mode\": \"terms\", \"separate_axis\": 0, \"axis_position\": \"right\", \"stacked\": \"none\", \"value_template\": \"{{value}}\", \"id\": \"b2579fe1-b2e6-11e9-96a9-535735f478e7\"}], \"show_legend\": 1, \"id\": \"b2579fe0-b2e6-11e9-96a9-535735f478e7\", \"axis_scale\": \"normal\", \"type\": \"timeseries\", \"axis_position\": \"left\", \"interval\": \"auto\", \"show_grid\": 1, \"axis_formatter\": \"number\", \"index_pattern\": \"metricbeat-*\"}, \"title\": \"HTTP Requests [Metricbeat Prometheus]\", \"type\": \"metrics\"}"
            },
            "id": "19886730-b2e7-11e9-9a23-67ee28886a4b",
            "migrationVersion": {
                "visualization": "7.3.0"
            },
            "references": [],
            "type": "visualization",
            "updated_at": "2019-08-01T10:16:22.004Z",
            "version": "WzUwMCwxXQ=="
        },
        {
            "attributes": {
                "description": "",
                "kibanaSavedObjectMeta": {
                    "searchSourceJSON": "{\"query\": {\"query\": \"\", \"language\": \"kuery\"}, \"filter\": []}"
                },
                "title": "Query Durations [Metricbeat Prometheus]",
                "uiStateJSON": "{}",
                "version": 1,
                "visState": "{\"aggs\": [], \"params\": {\"default_timefield\": \"@timestamp\", \"filter\": {\"query\": \"prometheus.labels.quantile : \\\"0.99\\\"\", \"language\": \"kuery\"}, \"default_index_pattern\": \"metricbeat-*\", \"time_field\": \"@timestamp\", \"series\": [{\"fill\": 0, \"split_filters\": [{\"label\": \"Inner\", \"filter\": {\"query\": \"prometheus.labels.slice : \\\"inner_eval\\\" \", \"language\": \"kuery\"}, \"color\": \"#3185FC\", \"id\": \"5089a8b0-b2e3-11e9-a478-1744b9617108\"}], \"line_width\": 2, \"filter\": {\"query\": \"prometheus.labels.quantile : \\\"0.99\\\" \", \"language\": \"kuery\"}, \"point_size\": 0, \"formatter\": \"'0.0[0000]'\", \"chart_type\": \"line\", \"separate_axis\": 0, \"metrics\": [{\"field\": \"prometheus.metrics.prometheus_engine_query_duration_seconds\", \"type\": \"max\", \"id\": \"0fa40ac2-b2e3-11e9-9d48-591d2f459020\"}], \"label\": \"Query Durations p99\", \"terms_field\": \"prometheus.labels.slice\", \"split_mode\": \"terms\", \"color\": \"rgba(0,156,224,1)\", \"axis_position\": \"right\", \"terms_order_by\": \"_count\", \"stacked\": \"none\", \"value_template\": \"{{value}}\", \"id\": \"0fa40ac1-b2e3-11e9-9d48-591d2f459020\"}], \"show_legend\": 1, \"id\": \"0fa40ac0-b2e3-11e9-9d48-591d2f459020\", \"axis_scale\": \"normal\", \"type\": \"timeseries\", \"axis_position\": \"left\", \"interval\": \"auto\", \"show_grid\": 1, \"axis_formatter\": \"number\", \"index_pattern\": \"metricbeat-*\"}, \"title\": \"Query Durations [Metricbeat Prometheus]\", \"type\": \"metrics\"}"
            },
            "id": "f77c5900-b2e4-11e9-9a23-67ee28886a4b",
            "migrationVersion": {
                "visualization": "7.3.0"
            },
            "references": [],
            "type": "visualization",
            "updated_at": "2019-07-31T12:29:35.301Z",
            "version": "WzQ0MSwxXQ=="
        },
        {
            "attributes": {
                "description": "",
                "kibanaSavedObjectMeta": {
                    "searchSourceJSON": "{\"query\": {\"query\": \"\", \"language\": \"kuery\"}, \"filter\": []}"
                },
                "title": "Number of Targets [Metricbeat Prometheus]",
                "uiStateJSON": "{}",
                "version": 1,
                "visState": "{\"aggs\": [], \"params\": {\"default_timefield\": \"@timestamp\", \"filter\": {\"query\": \"\", \"language\": \"kuery\"}, \"default_index_pattern\": \"metricbeat-*\", \"time_field\": \"@timestamp\", \"series\": [{\"fill\": \"0.2\", \"line_width\": \"1\", \"filter\": {\"query\": \"\", \"language\": \"kuery\"}, \"point_size\": \"0\", \"formatter\": \"number\", \"steps\": 1, \"terms_direction\": \"desc\", \"chart_type\": \"line\", \"separate_axis\": 0, \"metrics\": [{\"field\": \"prometheus.metrics.prometheus_sd_discovered_targets\", \"type\": \"max\", \"id\": \"08298162-b2ea-11e9-a1e3-dd90a90fb461\"}], \"label\": \"Total Number of Discovered Targets\", \"terms_field\": \"prometheus.labels.name\", \"split_mode\": \"terms\", \"color\": \"rgba(0,156,224,1)\", \"axis_position\": \"right\", \"terms_order_by\": \"08298162-b2ea-11e9-a1e3-dd90a90fb461\", \"stacked\": \"none\", \"value_template\": \"{{value}}\", \"id\": \"08298161-b2ea-11e9-a1e3-dd90a90fb461\"}], \"show_legend\": 1, \"id\": \"08298160-b2ea-11e9-a1e3-dd90a90fb461\", \"axis_scale\": \"normal\", \"type\": \"timeseries\", \"axis_position\": \"left\", \"interval\": \"auto\", \"show_grid\": 1, \"axis_formatter\": \"number\", \"index_pattern\": \"metricbeat-*\"}, \"title\": \"Number of Targets [Metricbeat Prometheus]\", \"type\": \"metrics\"}"
            },
            "id": "ffb70040-b2ec-11e9-9a23-67ee28886a4b",
            "migrationVersion": {
                "visualization": "7.3.0"
            },
            "references": [],
            "type": "visualization",
            "updated_at": "2019-07-31T12:34:36.214Z",
            "version": "WzQ2MiwxXQ=="
        },
        {
            "attributes": {
                "description": "",
                "kibanaSavedObjectMeta": {
                    "searchSourceJSON": "{\"query\": {\"query\": \"\", \"language\": \"kuery\"}, \"filter\": []}"
                },
                "title": "Head Chunks [Metricbeat Prometheus]",
                "uiStateJSON": "{}",
                "version": 1,
                "visState": "{\"aggs\": [], \"params\": {\"default_timefield\": \"@timestamp\", \"filter\": {\"query\": \"\", \"language\": \"kuery\"}, \"default_index_pattern\": \"metricbeat-*\", \"time_field\": \"@timestamp\", \"series\": [{\"fill\": 0, \"line_width\": 2, \"point_size\": 0, \"formatter\": \"number\", \"color\": \"rgba(101,50,148,1)\", \"chart_type\": \"line\", \"metrics\": [{\"field\": \"prometheus.metrics.prometheus_tsdb_head_chunks\", \"type\": \"max\", \"id\": \"2f5a9031-b2e5-11e9-b248-0162f01eb4ee\"}], \"label\": \"Head Chunks\", \"split_mode\": \"everything\", \"separate_axis\": 0, \"axis_position\": \"right\", \"stacked\": \"none\", \"value_template\": \"{{value}}\", \"id\": \"2f5a9030-b2e5-11e9-b248-0162f01eb4ee\"}], \"show_legend\": 1, \"id\": \"2f5a6920-b2e5-11e9-b248-0162f01eb4ee\", \"axis_scale\": \"normal\", \"type\": \"timeseries\", \"axis_position\": \"left\", \"interval\": \"auto\", \"show_grid\": 1, \"axis_formatter\": \"number\", \"index_pattern\": \"metricbeat-*\"}, \"title\": \"Head Chunks [Metricbeat Prometheus]\", \"type\": \"metrics\"}"
            },
            "id": "79345b00-b2e5-11e9-9a23-67ee28886a4b",
            "migrationVersion": {
                "visualization": "7.3.0"
            },
            "references": [],
            "type": "visualization",
            "updated_at": "2019-07-31T12:35:36.349Z",
            "version": "WzQ2OSwxXQ=="
        },
        {
            "attributes": {
                "description": "",
                "kibanaSavedObjectMeta": {
                    "searchSourceJSON": "{\"query\": {\"query\": \"\", \"language\": \"kuery\"}, \"filter\": []}"
                },
                "title": "WAL [Metricbeat Prometheus]",
                "uiStateJSON": "{}",
                "version": 1,
                "visState": "{\"aggs\": [], \"params\": {\"show_grid\": 1, \"default_timefield\": \"@timestamp\", \"filter\": {\"query\": \"\", \"language\": \"kuery\"}, \"default_index_pattern\": \"metricbeat-*\", \"time_field\": \"@timestamp\", \"series\": [{\"fill\": 0, \"line_width\": 2, \"point_size\": 0, \"formatter\": \"number\", \"color\": \"rgba(247,75,56,1)\", \"chart_type\": \"line\", \"metrics\": [{\"field\": \"prometheus.metrics.prometheus_tsdb_wal_truncations_failed_total\", \"type\": \"max\", \"id\": \"ce91f911-b2f7-11e9-9e3f-5b12e64d4361\"}], \"label\": \"Failed WAL Truncations\", \"split_mode\": \"everything\", \"separate_axis\": 0, \"axis_position\": \"right\", \"stacked\": \"none\", \"value_template\": \"{{value}}\", \"id\": \"ce91f910-b2f7-11e9-9e3f-5b12e64d4361\"}, {\"fill\": 0, \"line_width\": 2, \"point_size\": 0, \"formatter\": \"number\", \"color\": \"rgba(251,158,0,1)\", \"chart_type\": \"line\", \"metrics\": [{\"field\": \"prometheus.metrics.prometheus_tsdb_wal_corruptions_total\", \"type\": \"max\", \"id\": \"ce91f913-b2f7-11e9-9e3f-5b12e64d4361\"}], \"label\": \"WAL Corruptions Total\", \"split_mode\": \"everything\", \"separate_axis\": 0, \"axis_position\": \"right\", \"stacked\": \"none\", \"value_template\": \"{{value}}\", \"id\": \"ce91f912-b2f7-11e9-9e3f-5b12e64d4361\"}], \"show_legend\": 1, \"axis_scale\": \"normal\", \"bar_color_rules\": [{\"id\": \"f4985140-b2f7-11e9-8481-37d39feabbb2\"}], \"type\": \"top_n\", \"axis_position\": \"left\", \"interval\": \"auto\", \"id\": \"ce91d200-b2f7-11e9-9e3f-5b12e64d4361\", \"axis_formatter\": \"number\", \"index_pattern\": \"metricbeat-*\"}, \"title\": \"WAL [Metricbeat Prometheus]\", \"type\": \"metrics\"}"
            },
            "id": "138704c0-b2f8-11e9-9a23-67ee28886a4b",
            "migrationVersion": {
                "visualization": "7.3.0"
            },
            "references": [],
            "type": "visualization",
            "updated_at": "2019-07-31T12:31:29.355Z",
            "version": "WzQ0NywxXQ=="
        },
        {
            "attributes": {
                "description": "",
                "kibanaSavedObjectMeta": {
                    "searchSourceJSON": "{\"query\": {\"query\": \"\", \"language\": \"kuery\"}, \"filter\": []}"
                },
                "title": "Reload Count [Metricbeat Prometheus]",
                "uiStateJSON": "{}",
                "version": 1,
                "visState": "{\"aggs\": [], \"params\": {\"default_timefield\": \"@timestamp\", \"filter\": {\"query\": \"\", \"language\": \"kuery\"}, \"default_index_pattern\": \"metricbeat-*\", \"time_field\": \"@timestamp\", \"series\": [{\"fill\": \"0.2\", \"line_width\": \"1\", \"point_size\": 0, \"formatter\": \"'0.0[0000]'\", \"steps\": 1, \"color\": \"rgba(12,121,125,1)\", \"chart_type\": \"line\", \"metrics\": [{\"field\": \"prometheus.metrics.prometheus_tsdb_reloads_total\", \"type\": \"max\", \"id\": \"6acaf762-b2fc-11e9-86ff-9300d5a00260\"}, {\"unit\": \"1s\", \"field\": \"6acaf762-b2fc-11e9-86ff-9300d5a00260\", \"type\": \"derivative\", \"id\": \"6acaf764-b2fc-11e9-86ff-9300d5a00260\"}, {\"field\": \"6acaf764-b2fc-11e9-86ff-9300d5a00260\", \"type\": \"positive_only\", \"id\": \"6acaf763-b2fc-11e9-86ff-9300d5a00260\"}], \"label\": \"reloads\", \"split_mode\": \"everything\", \"separate_axis\": 0, \"axis_position\": \"right\", \"stacked\": \"none\", \"value_template\": \"{{value}}\", \"id\": \"6acaf761-b2fc-11e9-86ff-9300d5a00260\"}, {\"fill\": \"0.2\", \"line_width\": \"1\", \"point_size\": 0, \"formatter\": \"'0.0[0000]'\", \"steps\": 1, \"color\": \"#DB1374\", \"chart_type\": \"line\", \"metrics\": [{\"field\": \"prometheus.metrics.prometheus_tsdb_reloads_failures_total\", \"type\": \"max\", \"id\": \"6acaf766-b2fc-11e9-86ff-9300d5a00260\"}, {\"unit\": \"1s\", \"field\": \"6acaf766-b2fc-11e9-86ff-9300d5a00260\", \"type\": \"derivative\", \"id\": \"6acaf768-b2fc-11e9-86ff-9300d5a00260\"}, {\"field\": \"6acaf768-b2fc-11e9-86ff-9300d5a00260\", \"type\": \"positive_only\", \"id\": \"6acaf767-b2fc-11e9-86ff-9300d5a00260\"}], \"label\": \"failures\", \"split_mode\": \"everything\", \"separate_axis\": 0, \"axis_position\": \"right\", \"stacked\": \"none\", \"value_template\": \"{{value}}\", \"id\": \"6acaf765-b2fc-11e9-86ff-9300d5a00260\"}], \"show_legend\": 1, \"id\": \"6acaf760-b2fc-11e9-86ff-9300d5a00260\", \"axis_scale\": \"normal\", \"type\": \"timeseries\", \"axis_position\": \"left\", \"interval\": \"auto\", \"show_grid\": 1, \"axis_formatter\": \"number\", \"index_pattern\": \"metricbeat-*\"}, \"title\": \"Reload Count [Metricbeat Prometheus]\", \"type\": \"metrics\"}"
            },
            "id": "d7740b40-b2fc-11e9-9a23-67ee28886a4b",
            "migrationVersion": {
                "visualization": "7.3.0"
            },
            "references": [],
            "type": "visualization",
            "updated_at": "2019-07-30T19:05:35.833Z",
            "version": "WzM3OSwxXQ=="
        },
        {
            "attributes": {
                "description": "",
                "kibanaSavedObjectMeta": {
                    "searchSourceJSON": "{\"query\": {\"query\": \"\", \"language\": \"kuery\"}, \"filter\": []}"
                },
                "title": "Remote API Reads [Metricbeat Prometheus]",
                "uiStateJSON": "{}",
                "version": 1,
                "visState": "{\"aggs\": [], \"params\": {\"default_timefield\": \"@timestamp\", \"filter\": {\"query\": \"\", \"language\": \"kuery\"}, \"default_index_pattern\": \"metricbeat-*\", \"time_field\": \"@timestamp\", \"series\": [{\"fill\": 0, \"line_width\": 2, \"point_size\": 0, \"formatter\": \"number\", \"color\": \"rgba(219,223,0,1)\", \"chart_type\": \"line\", \"metrics\": [{\"field\": \"prometheus.metrics.prometheus_api_remote_read_queries\", \"type\": \"max\", \"id\": \"a3dbf322-b305-11e9-a86d-99bede5bfcc3\"}, {\"unit\": \"1s\", \"field\": \"a3dbf322-b305-11e9-a86d-99bede5bfcc3\", \"type\": \"derivative\", \"id\": \"a3dbf324-b305-11e9-a86d-99bede5bfcc3\"}, {\"field\": \"a3dbf324-b305-11e9-a86d-99bede5bfcc3\", \"type\": \"positive_only\", \"id\": \"a3dbf323-b305-11e9-a86d-99bede5bfcc3\"}], \"label\": \"# of remote read queries\", \"split_mode\": \"everything\", \"separate_axis\": 0, \"axis_position\": \"right\", \"stacked\": \"none\", \"value_template\": \"{{value}}\", \"id\": \"a3dbf321-b305-11e9-a86d-99bede5bfcc3\"}], \"show_legend\": 1, \"id\": \"a3dbf320-b305-11e9-a86d-99bede5bfcc3\", \"axis_scale\": \"normal\", \"type\": \"timeseries\", \"axis_position\": \"left\", \"interval\": \"auto\", \"show_grid\": 1, \"axis_formatter\": \"number\", \"index_pattern\": \"metricbeat-*\"}, \"title\": \"Remote API Reads [Metricbeat Prometheus]\", \"type\": \"metrics\"}"
            },
            "id": "edd33100-b305-11e9-9a23-67ee28886a4b",
            "migrationVersion": {
                "visualization": "7.3.0"
            },
            "references": [],
            "type": "visualization",
            "updated_at": "2019-07-30T20:09:25.775Z",
            "version": "WzM5NCwxXQ=="
        },
        {
            "attributes": {
                "description": "",
                "kibanaSavedObjectMeta": {
                    "searchSourceJSON": "{\"query\": {\"query\": \"\", \"language\": \"kuery\"}, \"filter\": []}"
                },
                "title": "Alert Notifications [Metricbeat Prometheus]",
                "uiStateJSON": "{}",
                "version": 1,
                "visState": "{\"aggs\": [], \"params\": {\"default_timefield\": \"@timestamp\", \"filter\": {\"query\": \"\", \"language\": \"kuery\"}, \"default_index_pattern\": \"metricbeat-*\", \"time_field\": \"@timestamp\", \"series\": [{\"fill\": 0, \"line_width\": 2, \"point_size\": 0, \"formatter\": \"number\", \"color\": \"rgba(211,49,21,1)\", \"chart_type\": \"line\", \"metrics\": [{\"field\": \"prometheus.metrics.prometheus_notifications_queue_capacity\", \"type\": \"max\", \"id\": \"b1741ab2-b307-11e9-95cd-c3f5589dc7d2\"}], \"label\": \"Capacity of the alert notifications queue\", \"split_mode\": \"everything\", \"separate_axis\": 0, \"axis_position\": \"right\", \"stacked\": \"none\", \"value_template\": \"{{value}}\", \"id\": \"b1741ab1-b307-11e9-95cd-c3f5589dc7d2\"}, {\"fill\": \"0.2\", \"line_width\": \"1\", \"point_size\": 0, \"formatter\": \"number\", \"color\": \"rgba(176,188,0,1)\", \"chart_type\": \"line\", \"metrics\": [{\"field\": \"prometheus.metrics.prometheus_notifications_queue_length\", \"type\": \"max\", \"id\": \"b1741ab4-b307-11e9-95cd-c3f5589dc7d2\"}], \"label\": \"Alert notifications in the queue\", \"split_mode\": \"everything\", \"separate_axis\": 0, \"axis_position\": \"right\", \"stacked\": \"none\", \"value_template\": \"{{value}}\", \"id\": \"b1741ab3-b307-11e9-95cd-c3f5589dc7d2\"}], \"show_legend\": 1, \"id\": \"b1741ab0-b307-11e9-95cd-c3f5589dc7d2\", \"axis_scale\": \"normal\", \"type\": \"timeseries\", \"axis_position\": \"left\", \"interval\": \"auto\", \"show_grid\": 1, \"axis_formatter\": \"number\", \"index_pattern\": \"metricbeat-*\"}, \"title\": \"Alert Notifications [Metricbeat Prometheus]\", \"type\": \"metrics\"}"
            },
            "id": "0b356630-b308-11e9-9a23-67ee28886a4b",
            "migrationVersion": {
                "visualization": "7.3.0"
            },
            "references": [],
            "type": "visualization",
            "updated_at": "2019-07-30T20:24:34.067Z",
            "version": "WzQwMiwxXQ=="
        }
    ],
    "version": "7.3.0"
}