{
    "objects": [
        {
            "attributes": {
                "description": "",
                "kibanaSavedObjectMeta": {
                    "searchSourceJSON": "{\"query\": {\"query\": \"\", \"language\": \"kuery\"}, \"filter\": []}"
                },
                "title": "Keyspace selector [Metricbeat Redis] ECS",
                "uiStateJSON": "{}",
                "version": 1,
                "visState": "{\"aggs\": [], \"params\": {\"pinFilters\": false, \"useTimeFilter\": false, \"controls\": [{\"label\": \"Keyspace\", \"type\": \"list\", \"indexPattern\": \"metricbeat-*\", \"fieldName\": \"redis.keyspace.id\", \"options\": {\"dynamicOptions\": true, \"size\": 5, \"order\": \"desc\", \"type\": \"terms\", \"multiselect\": true}, \"parent\": \"\", \"id\": \"1545388837304\"}], \"updateFiltersOnChange\": true}, \"title\": \"Keyspace selector [Metricbeat Redis] ECS\", \"type\": \"input_control_vis\"}"
            },
            "id": "00d39210-050d-11e9-9c60-d582a238e2c5-ecs",
            "type": "visualization",
            "updated_at": "2018-12-21T11:19:04.179Z",
            "version": 5
        },
        {
            "attributes": {
                "description": "",
                "kibanaSavedObjectMeta": {
                    "searchSourceJSON": "{\"query\": {\"query\": \"\", \"language\": \"kuery\"}, \"filter\": [{\"query\": {\"match\": {\"redis.key.type\": {\"query\": \"list\", \"type\": \"phrase\"}}}, \"meta\": {\"value\": \"list\", \"key\": \"redis.key.type\", \"negate\": false, \"params\": {\"query\": \"list\", \"type\": \"phrase\"}, \"type\": \"phrase\", \"alias\": null, \"disabled\": false, \"index\": \"metricbeat-*\"}, \"$state\": {\"store\": \"appState\"}}], \"index\": \"metricbeat-*\"}"
                },
                "title": "Lists length [Metricbeat Redis] ECS",
                "uiStateJSON": "{}",
                "version": 1,
                "visState": "{\"aggs\": [{\"params\": {\"field\": \"redis.key.length\", \"customLabel\": \"Number of elements\"}, \"schema\": \"metric\", \"enabled\": true, \"type\": \"max\", \"id\": \"1\"}, {\"params\": {\"size\": 16, \"missingBucket\": false, \"otherBucketLabel\": \"Other\", \"otherBucket\": false, \"orderBy\": \"1\", \"order\": \"desc\", \"field\": \"redis.keyspace.id\", \"missingBucketLabel\": \"Missing\", \"customLabel\": \"Keyspace\"}, \"schema\": \"group\", \"enabled\": true, \"type\": \"terms\", \"id\": \"3\"}, {\"params\": {\"size\": 20, \"missingBucket\": false, \"otherBucketLabel\": \"Other\", \"otherBucket\": true, \"orderBy\": \"1\", \"order\": \"desc\", \"field\": \"redis.key.name\", \"missingBucketLabel\": \"Missing\", \"customLabel\": \"Key name\"}, \"schema\": \"group\", \"enabled\": true, \"type\": \"terms\", \"id\": \"2\"}, {\"params\": {\"time_zone\": \"Europe/Berlin\", \"timeRange\": {\"mode\": \"quick\", \"to\": \"now\", \"from\": \"now-15m\"}, \"min_doc_count\": 1, \"customInterval\": \"2h\", \"interval\": \"auto\", \"extended_bounds\": {}, \"field\": \"@timestamp\", \"drop_partials\": false, \"useNormalizedEsInterval\": true}, \"schema\": \"segment\", \"enabled\": true, \"type\": \"date_histogram\", \"id\": \"4\"}], \"params\": {\"categoryAxes\": [{\"style\": {}, \"title\": {}, \"type\": \"category\", \"scale\": {\"type\": \"linear\"}, \"id\": \"CategoryAxis-1\", \"labels\": {\"truncate\": 100, \"show\": true}, \"show\": true, \"position\": \"bottom\"}], \"seriesParams\": [{\"data\": {\"label\": \"Number of elements\", \"id\": \"1\"}, \"type\": \"line\", \"interpolate\": \"linear\", \"drawLinesBetweenPoints\": true, \"valueAxis\": \"ValueAxis-1\", \"showCircles\": true, \"show\": \"true\", \"mode\": \"normal\"}], \"grid\": {\"style\": {\"color\": \"#eee\"}, \"categoryLines\": false}, \"valueAxes\": [{\"style\": {}, \"name\": \"LeftAxis-1\", \"type\": \"value\", \"scale\": {\"type\": \"linear\", \"mode\": \"normal\"}, \"id\": \"ValueAxis-1\", \"title\": {\"text\": \"Number of elements\"}, \"labels\": {\"rotate\": 0, \"filter\": false, \"truncate\": 100, \"show\": true}, \"show\": true, \"position\": \"left\"}], \"addTooltip\": true, \"times\": [], \"type\": \"line\", \"addLegend\": true, \"legendPosition\": \"right\", \"addTimeMarker\": false}, \"title\": \"Lists length [Metricbeat Redis] ECS\", \"type\": \"line\"}"
            },
            "id": "7f4bc7d0-050c-11e9-9c60-d582a238e2c5-ecs",
            "type": "visualization",
            "updated_at": "2018-12-21T11:22:12.807Z",
            "version": 4
        },
        {
            "attributes": {
                "description": "",
                "kibanaSavedObjectMeta": {
                    "searchSourceJSON": "{\"query\": {\"query\": \"\", \"language\": \"kuery\"}, \"filter\": [], \"index\": \"metricbeat-*\"}"
                },
                "title": "Keys by type [Metricbeat Redis] ECS",
                "uiStateJSON": "{\"vis\": {\"legendOpen\": false}}",
                "version": 1,
                "visState": "{\"aggs\": [{\"params\": {\"field\": \"redis.key.id\", \"customLabel\": \"Number of keys\"}, \"schema\": \"metric\", \"enabled\": true, \"type\": \"cardinality\", \"id\": \"1\"}, {\"params\": {\"size\": 5, \"missingBucket\": false, \"otherBucketLabel\": \"Other\", \"otherBucket\": false, \"orderBy\": \"1\", \"order\": \"desc\", \"field\": \"redis.key.type\", \"missingBucketLabel\": \"Missing\", \"customLabel\": \"Key type\"}, \"schema\": \"group\", \"enabled\": true, \"type\": \"terms\", \"id\": \"2\"}, {\"params\": {\"time_zone\": \"Europe/Berlin\", \"timeRange\": {\"mode\": \"quick\", \"to\": \"now\", \"from\": \"now-15m\"}, \"useNormalizedEsInterval\": true, \"min_doc_count\": 1, \"customInterval\": \"2h\", \"interval\": \"auto\", \"extended_bounds\": {}, \"field\": \"@timestamp\", \"drop_partials\": false, \"customLabel\": \"\"}, \"schema\": \"segment\", \"enabled\": true, \"type\": \"date_histogram\", \"id\": \"3\"}], \"params\": {\"categoryAxes\": [{\"style\": {}, \"title\": {}, \"type\": \"category\", \"scale\": {\"type\": \"linear\"}, \"id\": \"CategoryAxis-1\", \"labels\": {\"truncate\": 100, \"show\": true}, \"show\": true, \"position\": \"bottom\"}], \"seriesParams\": [{\"data\": {\"label\": \"Number of keys\", \"id\": \"1\"}, \"type\": \"line\", \"drawLinesBetweenPoints\": true, \"valueAxis\": \"ValueAxis-1\", \"showCircles\": true, \"show\": \"true\", \"mode\": \"normal\"}], \"grid\": {\"style\": {\"color\": \"#eee\"}, \"categoryLines\": false}, \"valueAxes\": [{\"style\": {}, \"name\": \"LeftAxis-1\", \"type\": \"value\", \"scale\": {\"type\": \"linear\", \"mode\": \"normal\"}, \"id\": \"ValueAxis-1\", \"title\": {\"text\": \"Number of keys\"}, \"labels\": {\"rotate\": 0, \"filter\": false, \"truncate\": 100, \"show\": true}, \"show\": true, \"position\": \"left\"}], \"addTooltip\": true, \"times\": [], \"type\": \"line\", \"addLegend\": true, \"legendPosition\": \"right\", \"addTimeMarker\": false}, \"title\": \"Keys by type [Metricbeat Redis] ECS\", \"type\": \"line\"}"
            },
            "id": "4435ac40-050e-11e9-9c60-d582a238e2c5-ecs",
            "type": "visualization",
            "updated_at": "2018-12-21T11:23:46.207Z",
            "version": 5
        },
        {
            "attributes": {
                "description": "",
                "kibanaSavedObjectMeta": {
                    "searchSourceJSON": "{\"query\": {\"query\": \"\", \"language\": \"kuery\"}, \"filter\": [{\"query\": {\"match\": {\"redis.key.type\": {\"query\": \"string\", \"type\": \"phrase\"}}}, \"meta\": {\"value\": \"string\", \"key\": \"redis.key.type\", \"negate\": false, \"params\": {\"query\": \"string\", \"type\": \"phrase\"}, \"type\": \"phrase\", \"alias\": null, \"disabled\": false, \"index\": \"metricbeat-*\"}, \"$state\": {\"store\": \"appState\"}}], \"index\": \"metricbeat-*\"}"
                },
                "title": "Average string key size [Metricbeat Redis] ECS",
                "uiStateJSON": "{}",
                "version": 1,
                "visState": "{\"aggs\": [{\"params\": {\"field\": \"redis.key.length\", \"customLabel\": \"Average key size\"}, \"schema\": \"metric\", \"enabled\": true, \"type\": \"avg\", \"id\": \"1\"}, {\"params\": {\"size\": 5, \"missingBucket\": false, \"otherBucketLabel\": \"Other\", \"otherBucket\": false, \"orderBy\": \"1\", \"order\": \"desc\", \"field\": \"redis.keyspace.id\", \"missingBucketLabel\": \"Missing\", \"customLabel\": \"Keyspace\"}, \"schema\": \"group\", \"enabled\": true, \"type\": \"terms\", \"id\": \"3\"}, {\"params\": {\"time_zone\": \"Europe/Berlin\", \"timeRange\": {\"mode\": \"quick\", \"to\": \"now\", \"from\": \"now-15m\"}, \"min_doc_count\": 1, \"customInterval\": \"2h\", \"interval\": \"auto\", \"extended_bounds\": {}, \"field\": \"@timestamp\", \"drop_partials\": false, \"useNormalizedEsInterval\": true}, \"schema\": \"segment\", \"enabled\": true, \"type\": \"date_histogram\", \"id\": \"2\"}], \"params\": {\"categoryAxes\": [{\"style\": {}, \"title\": {}, \"type\": \"category\", \"scale\": {\"type\": \"linear\"}, \"id\": \"CategoryAxis-1\", \"labels\": {\"truncate\": 100, \"show\": true}, \"show\": true, \"position\": \"bottom\"}], \"seriesParams\": [{\"data\": {\"label\": \"Average key size\", \"id\": \"1\"}, \"type\": \"line\", \"drawLinesBetweenPoints\": true, \"valueAxis\": \"ValueAxis-1\", \"showCircles\": true, \"show\": \"true\", \"mode\": \"normal\"}], \"grid\": {\"style\": {\"color\": \"#eee\"}, \"categoryLines\": false}, \"valueAxes\": [{\"style\": {}, \"name\": \"LeftAxis-1\", \"type\": \"value\", \"scale\": {\"type\": \"linear\", \"mode\": \"normal\"}, \"id\": \"ValueAxis-1\", \"title\": {\"text\": \"Average key size\"}, \"labels\": {\"rotate\": 0, \"filter\": false, \"truncate\": 100, \"show\": true}, \"show\": true, \"position\": \"left\"}], \"addTooltip\": true, \"times\": [], \"type\": \"line\", \"addLegend\": true, \"legendPosition\": \"right\", \"addTimeMarker\": false}, \"title\": \"Average string key size [Metricbeat Redis] ECS\", \"type\": \"line\"}"
            },
            "id": "8541a4a0-0513-11e9-9c60-d582a238e2c5-ecs",
            "type": "visualization",
            "updated_at": "2018-12-21T11:28:20.970Z",
            "version": 1
        },
        {
            "attributes": {
                "description": "",
                "kibanaSavedObjectMeta": {
                    "searchSourceJSON": "{\"query\": {\"query\": \"\", \"language\": \"kuery\"}, \"filter\": [{\"meta\": {\"value\": \"0 to +\\u221e\", \"key\": \"redis.key.expire.ttl\", \"negate\": false, \"params\": {\"lt\": null, \"gte\": 0}, \"type\": \"range\", \"alias\": null, \"disabled\": false, \"index\": \"metricbeat-*\"}, \"range\": {\"redis.key.expire.ttl\": {\"lt\": null, \"gte\": 0}}, \"$state\": {\"store\": \"appState\"}}], \"index\": \"metricbeat-*\"}"
                },
                "title": "Average keys TTL [Metricbeat Redis] ECS",
                "uiStateJSON": "{}",
                "version": 1,
                "visState": "{\"aggs\": [{\"params\": {\"field\": \"redis.key.expire.ttl\", \"customLabel\": \"Average TTL\"}, \"schema\": \"metric\", \"enabled\": true, \"type\": \"avg\", \"id\": \"1\"}, {\"params\": {\"size\": 5, \"missingBucket\": false, \"otherBucketLabel\": \"Other\", \"otherBucket\": false, \"orderBy\": \"1\", \"order\": \"desc\", \"field\": \"redis.keyspace.id\", \"missingBucketLabel\": \"Missing\", \"customLabel\": \"Keyspace\"}, \"schema\": \"group\", \"enabled\": true, \"type\": \"terms\", \"id\": \"4\"}, {\"params\": {\"size\": 5, \"missingBucket\": false, \"otherBucketLabel\": \"Other\", \"otherBucket\": false, \"orderBy\": \"1\", \"order\": \"desc\", \"field\": \"redis.key.type\", \"missingBucketLabel\": \"Missing\", \"customLabel\": \"Key type\"}, \"schema\": \"group\", \"enabled\": true, \"type\": \"terms\", \"id\": \"2\"}, {\"params\": {\"time_zone\": \"Europe/Berlin\", \"timeRange\": {\"mode\": \"quick\", \"to\": \"now\", \"from\": \"now-15m\"}, \"min_doc_count\": 1, \"customInterval\": \"2h\", \"interval\": \"auto\", \"extended_bounds\": {}, \"field\": \"@timestamp\", \"drop_partials\": false, \"useNormalizedEsInterval\": true}, \"schema\": \"segment\", \"enabled\": true, \"type\": \"date_histogram\", \"id\": \"3\"}], \"params\": {\"categoryAxes\": [{\"style\": {}, \"title\": {}, \"type\": \"category\", \"scale\": {\"type\": \"linear\"}, \"id\": \"CategoryAxis-1\", \"labels\": {\"truncate\": 100, \"show\": true}, \"show\": true, \"position\": \"bottom\"}], \"seriesParams\": [{\"data\": {\"label\": \"Average TTL\", \"id\": \"1\"}, \"type\": \"line\", \"drawLinesBetweenPoints\": true, \"valueAxis\": \"ValueAxis-1\", \"showCircles\": true, \"show\": \"true\", \"mode\": \"normal\"}], \"grid\": {\"style\": {\"color\": \"#eee\"}, \"categoryLines\": false}, \"valueAxes\": [{\"style\": {}, \"name\": \"LeftAxis-1\", \"type\": \"value\", \"scale\": {\"type\": \"linear\", \"mode\": \"normal\"}, \"id\": \"ValueAxis-1\", \"title\": {\"text\": \"Average TTL\"}, \"labels\": {\"rotate\": 0, \"filter\": false, \"truncate\": 100, \"show\": true}, \"show\": true, \"position\": \"left\"}], \"addTooltip\": true, \"times\": [], \"type\": \"line\", \"addLegend\": true, \"legendPosition\": \"right\", \"addTimeMarker\": false}, \"title\": \"Average keys TTL [Metricbeat Redis] ECS\", \"type\": \"line\"}"
            },
            "id": "517a5fd0-0514-11e9-9c60-d582a238e2c5-ecs",
            "type": "visualization",
            "updated_at": "2018-12-21T11:34:03.597Z",
            "version": 1
        },
        {
            "attributes": {
                "description": "Redis keys metrics",
                "hits": 0,
                "kibanaSavedObjectMeta": {
                    "searchSourceJSON": "{\"query\": {\"query\": \"\", \"language\": \"kuery\"}, \"filter\": [{\"query\": {\"bool\": {\"minimum_should_match\": 1, \"should\": [{\"match_phrase\": {\"redis.keyspace.id\": \"db0\"}}, {\"match_phrase\": {\"redis.keyspace.id\": \"db1\"}}]}}, \"meta\": {\"value\": \"db0, db1\", \"negate\": false, \"key\": \"redis.keyspace.id\", \"params\": [\"db0\", \"db1\"], \"type\": \"phrases\", \"controlledBy\": \"1545388837304\", \"alias\": null, \"index\": \"metricbeat-*\", \"disabled\": false}, \"$state\": {\"store\": \"appState\"}}]}"
                },
                "optionsJSON": "{\"hidePanelTitles\": false, \"darkTheme\": false, \"useMargins\": true}",
                "panelsJSON": "[{\"embeddableConfig\": {}, \"type\": \"visualization\", \"gridData\": {\"y\": 0, \"h\": 5, \"i\": \"1\", \"w\": 12, \"x\": 0}, \"title\": \"Keyspace selector\", \"version\": \"6.5.2\", \"panelIndex\": \"1\", \"id\": \"00d39210-050d-11e9-9c60-d582a238e2c5-ecs\"}, {\"embeddableConfig\": {}, \"type\": \"visualization\", \"gridData\": {\"y\": 0, \"h\": 15, \"i\": \"2\", \"w\": 36, \"x\": 12}, \"title\": \"Lists length\", \"version\": \"6.5.2\", \"panelIndex\": \"2\", \"id\": \"7f4bc7d0-050c-11e9-9c60-d582a238e2c5-ecs\"}, {\"embeddableConfig\": {\"vis\": {\"legendOpen\": false}}, \"type\": \"visualization\", \"gridData\": {\"y\": 5, \"h\": 10, \"i\": \"3\", \"w\": 12, \"x\": 0}, \"title\": \"Keys by type\", \"version\": \"6.5.2\", \"panelIndex\": \"3\", \"id\": \"4435ac40-050e-11e9-9c60-d582a238e2c5-ecs\"}, {\"embeddableConfig\": {}, \"type\": \"visualization\", \"gridData\": {\"y\": 15, \"h\": 15, \"i\": \"4\", \"w\": 24, \"x\": 0}, \"title\": \"Average size of string keys\", \"version\": \"6.5.2\", \"panelIndex\": \"4\", \"id\": \"8541a4a0-0513-11e9-9c60-d582a238e2c5-ecs\"}, {\"embeddableConfig\": {}, \"type\": \"visualization\", \"gridData\": {\"y\": 15, \"h\": 15, \"i\": \"5\", \"w\": 24, \"x\": 24}, \"title\": \"Average keys TTL\", \"version\": \"6.5.2\", \"panelIndex\": \"5\", \"id\": \"517a5fd0-0514-11e9-9c60-d582a238e2c5-ecs\"}]",
                "timeRestore": false,
                "title": "[Metricbeat Redis] Keys ECS",
                "version": 1
            },
            "id": "28969190-0511-11e9-9c60-d582a238e2c5-ecs",
            "type": "dashboard",
            "updated_at": "2018-12-21T11:39:13.143Z",
            "version": 4
        }
    ],
    "version": "6.5.2"
}