{
    "objects": [
        {
            "attributes": {
                "description": "Overview of host metrics",
                "hits": 0,
                "kibanaSavedObjectMeta": {
                    "searchSourceJSON": "{\"query\": {\"query\": \"host.name:\\\"CHANGEME_HOSTNAME\\\"\", \"language\": \"kuery\"}, \"filter\": [], \"version\": true, \"highlightAll\": true}"
                },
                "optionsJSON": "{\"darkTheme\": false}",
                "panelsJSON": "[{\"gridData\": {\"y\": 55, \"h\": 15, \"i\": \"1\", \"w\": 24, \"x\": 0}, \"panelRefName\": \"panel_0\", \"embeddableConfig\": {}, \"panelIndex\": \"1\", \"version\": \"7.6.0\"}, {\"gridData\": {\"y\": 25, \"h\": 15, \"i\": \"2\", \"w\": 24, \"x\": 24}, \"panelRefName\": \"panel_1\", \"embeddableConfig\": {}, \"panelIndex\": \"2\", \"version\": \"7.6.0\"}, {\"gridData\": {\"y\": 55, \"h\": 15, \"i\": \"3\", \"w\": 24, \"x\": 24}, \"panelRefName\": \"panel_2\", \"embeddableConfig\": {}, \"panelIndex\": \"3\", \"version\": \"7.6.0\"}, {\"gridData\": {\"y\": 40, \"h\": 15, \"i\": \"4\", \"w\": 24, \"x\": 0}, \"panelRefName\": \"panel_3\", \"embeddableConfig\": {}, \"panelIndex\": \"4\", \"version\": \"7.6.0\"}, {\"gridData\": {\"y\": 70, \"h\": 15, \"i\": \"5\", \"w\": 24, \"x\": 24}, \"panelRefName\": \"panel_4\", \"embeddableConfig\": {}, \"panelIndex\": \"5\", \"version\": \"7.6.0\"}, {\"gridData\": {\"y\": 70, \"h\": 15, \"i\": \"6\", \"w\": 24, \"x\": 0}, \"panelRefName\": \"panel_5\", \"embeddableConfig\": {}, \"panelIndex\": \"6\", \"version\": \"7.6.0\"}, {\"gridData\": {\"y\": 25, \"h\": 15, \"i\": \"7\", \"w\": 24, \"x\": 0}, \"panelRefName\": \"panel_6\", \"embeddableConfig\": {}, \"panelIndex\": \"7\", \"version\": \"7.6.0\"}, {\"gridData\": {\"y\": 40, \"h\": 15, \"i\": \"8\", \"w\": 24, \"x\": 24}, \"panelRefName\": \"panel_7\", \"embeddableConfig\": {}, \"panelIndex\": \"8\", \"version\": \"7.6.0\"}, {\"gridData\": {\"y\": 5, \"h\": 10, \"i\": \"9\", \"w\": 8, \"x\": 16}, \"panelRefName\": \"panel_8\", \"embeddableConfig\": {}, \"panelIndex\": \"9\", \"version\": \"7.6.0\"}, {\"gridData\": {\"y\": 5, \"h\": 10, \"i\": \"10\", \"w\": 8, \"x\": 0}, \"panelRefName\": \"panel_9\", \"embeddableConfig\": {}, \"panelIndex\": \"10\", \"version\": \"7.6.0\"}, {\"gridData\": {\"y\": 5, \"h\": 10, \"i\": \"11\", \"w\": 8, \"x\": 8}, \"panelRefName\": \"panel_10\", \"embeddableConfig\": {}, \"panelIndex\": \"11\", \"version\": \"7.6.0\"}, {\"gridData\": {\"y\": 5, \"h\": 10, \"i\": \"12\", \"w\": 8, \"x\": 24}, \"panelRefName\": \"panel_11\", \"embeddableConfig\": {}, \"panelIndex\": \"12\", \"version\": \"7.6.0\"}, {\"gridData\": {\"y\": 5, \"h\": 10, \"i\": \"13\", \"w\": 8, \"x\": 32}, \"panelRefName\": \"panel_12\", \"embeddableConfig\": {}, \"panelIndex\": \"13\", \"version\": \"7.6.0\"}, {\"gridData\": {\"y\": 15, \"h\": 10, \"i\": \"14\", \"w\": 16, \"x\": 32}, \"panelRefName\": \"panel_13\", \"embeddableConfig\": {}, \"panelIndex\": \"14\", \"version\": \"7.6.0\"}, {\"gridData\": {\"y\": 0, \"h\": 5, \"i\": \"16\", \"w\": 24, \"x\": 0}, \"panelRefName\": \"panel_14\", \"embeddableConfig\": {}, \"panelIndex\": \"16\", \"version\": \"7.6.0\"}, {\"gridData\": {\"y\": 15, \"h\": 10, \"i\": \"21\", \"w\": 8, \"x\": 0}, \"panelRefName\": \"panel_15\", \"embeddableConfig\": {}, \"panelIndex\": \"21\", \"version\": \"7.6.0\"}, {\"gridData\": {\"y\": 15, \"h\": 10, \"i\": \"22\", \"w\": 8, \"x\": 8}, \"panelRefName\": \"panel_16\", \"embeddableConfig\": {}, \"panelIndex\": \"22\", \"version\": \"7.6.0\"}, {\"gridData\": {\"y\": 15, \"h\": 10, \"i\": \"23\", \"w\": 8, \"x\": 24}, \"panelRefName\": \"panel_17\", \"embeddableConfig\": {}, \"panelIndex\": \"23\", \"version\": \"7.6.0\"}, {\"gridData\": {\"y\": 5, \"h\": 10, \"i\": \"25\", \"w\": 8, \"x\": 40}, \"panelRefName\": \"panel_18\", \"embeddableConfig\": {}, \"panelIndex\": \"25\", \"version\": \"7.6.0\"}, {\"gridData\": {\"y\": 85, \"h\": 15, \"i\": \"27\", \"w\": 24, \"x\": 0}, \"panelRefName\": \"panel_19\", \"embeddableConfig\": {}, \"panelIndex\": \"27\", \"version\": \"7.6.0\"}, {\"gridData\": {\"y\": 85, \"h\": 15, \"i\": \"28\", \"w\": 24, \"x\": 24}, \"panelRefName\": \"panel_20\", \"embeddableConfig\": {}, \"panelIndex\": \"28\", \"version\": \"7.6.0\"}, {\"gridData\": {\"y\": 15, \"h\": 10, \"i\": \"29\", \"w\": 8, \"x\": 16}, \"panelRefName\": \"panel_21\", \"embeddableConfig\": {\"vis\": {\"defaultColors\": {\"0 - 100\": \"rgb(0,104,55)\"}}}, \"panelIndex\": \"29\", \"version\": \"7.6.0\"}, {\"gridData\": {\"y\": 0, \"h\": 5, \"i\": \"30\", \"w\": 24, \"x\": 24}, \"panelRefName\": \"panel_22\", \"embeddableConfig\": {}, \"panelIndex\": \"30\", \"version\": \"7.6.0\"}]",
                "timeRestore": false,
                "title": "[Metricbeat System] Host overview ECS",
                "version": 1
            },
            "id": "79ffd6e0-faa0-11e6-947f-177f697178b8-ecs",
            "migrationVersion": {
                "dashboard": "7.3.0"
            },
            "references": [
                {
                    "id": "6b7b9a40-faa1-11e6-86b1-cd7735ff7e23-ecs",
                    "name": "panel_0",
                    "type": "visualization"
                },
                {
                    "id": "4d546850-1b15-11e7-b09e-037021c4f8df-ecs",
                    "name": "panel_1",
                    "type": "visualization"
                },
                {
                    "id": "089b85d0-1b16-11e7-b09e-037021c4f8df-ecs",
                    "name": "panel_2",
                    "type": "visualization"
                },
                {
                    "id": "bfa5e400-1b16-11e7-b09e-037021c4f8df-ecs",
                    "name": "panel_3",
                    "type": "visualization"
                },
                {
                    "id": "e0f001c0-1b18-11e7-b09e-037021c4f8df-ecs",
                    "name": "panel_4",
                    "type": "visualization"
                },
                {
                    "id": "2e224660-1b19-11e7-b09e-037021c4f8df-ecs",
                    "name": "panel_5",
                    "type": "visualization"
                },
                {
                    "id": "ab2d1e90-1b1a-11e7-b09e-037021c4f8df-ecs",
                    "name": "panel_6",
                    "type": "visualization"
                },
                {
                    "id": "4e4bb1e0-1b1b-11e7-b09e-037021c4f8df-ecs",
                    "name": "panel_7",
                    "type": "visualization"
                },
                {
                    "id": "26732e20-1b91-11e7-bec4-a5e9ec5cab8b-ecs",
                    "name": "panel_8",
                    "type": "visualization"
                },
                {
                    "id": "83e12df0-1b91-11e7-bec4-a5e9ec5cab8b-ecs",
                    "name": "panel_9",
                    "type": "visualization"
                },
                {
                    "id": "d3166e80-1b91-11e7-bec4-a5e9ec5cab8b-ecs",
                    "name": "panel_10",
                    "type": "visualization"
                },
                {
                    "id": "522ee670-1b92-11e7-bec4-a5e9ec5cab8b-ecs",
                    "name": "panel_11",
                    "type": "visualization"
                },
                {
                    "id": "1aae9140-1b93-11e7-8ada-3df93aab833e-ecs",
                    "name": "panel_12",
                    "type": "visualization"
                },
                {
                    "id": "34f97ee0-1b96-11e7-8ada-3df93aab833e-ecs",
                    "name": "panel_13",
                    "type": "visualization"
                },
                {
                    "id": "System-Navigation-ecs",
                    "name": "panel_14",
                    "type": "visualization"
                },
                {
                    "id": "19e123b0-4d5a-11e7-aee5-fdc812cc3bec-ecs",
                    "name": "panel_15",
                    "type": "visualization"
                },
                {
                    "id": "d2e80340-4d5c-11e7-aa29-87a97a796de6-ecs",
                    "name": "panel_16",
                    "type": "visualization"
                },
                {
                    "id": "825fdb80-4d1d-11e7-b5f2-2b7c1895bf32-ecs",
                    "name": "panel_17",
                    "type": "visualization"
                },
                {
                    "id": "96976150-4d5d-11e7-aa29-87a97a796de6-ecs",
                    "name": "panel_18",
                    "type": "visualization"
                },
                {
                    "id": "99381c80-4d60-11e7-9a4c-ed99bbcaa42b-ecs",
                    "name": "panel_19",
                    "type": "visualization"
                },
                {
                    "id": "c5e3cf90-4d60-11e7-9a4c-ed99bbcaa42b-ecs",
                    "name": "panel_20",
                    "type": "visualization"
                },
                {
                    "id": "590a60f0-5d87-11e7-8884-1bb4c3b890e4-ecs",
                    "name": "panel_21",
                    "type": "visualization"
                },
                {
                    "id": "3d65d450-a9c3-11e7-af20-67db8aecb295-ecs",
                    "name": "panel_22",
                    "type": "visualization"
                }
            ],
            "type": "dashboard",
            "updated_at": "2020-03-26T18:07:09.250Z",
            "version": "WzY4MDMsN10="
        },
        {
            "attributes": {
                "description": "",
                "kibanaSavedObjectMeta": {
                    "searchSourceJSON": "{\"query\": {\"query\": \"\", \"language\": \"kuery\"}, \"filter\": []}"
                },
                "title": "Network Traffic (Packets) [Metricbeat System] ECS",
                "uiStateJSON": "{}",
                "version": 1,
                "visState": "{\"aggs\": [], \"params\": {\"filter\": {\"query\": \"-system.network.name:l*\", \"language\": \"lucene\"}, \"show_legend\": 1, \"time_field\": \"@timestamp\", \"type\": \"timeseries\", \"axis_position\": \"left\", \"interval\": \"auto\", \"index_pattern\": \"metricbeat-*\", \"series\": [{\"fill\": \"1\", \"line_width\": \"0\", \"seperate_axis\": 0, \"formatter\": \"0.[00]a\", \"chart_type\": \"line\", \"metrics\": [{\"field\": \"system.network.in.packets\", \"type\": \"max\", \"id\": \"da1046f2-faa0-11e6-86b1-cd7735ff7e23\"}, {\"unit\": \"1s\", \"field\": \"da1046f2-faa0-11e6-86b1-cd7735ff7e23\", \"type\": \"derivative\", \"id\": \"f41f9280-faa0-11e6-86b1-cd7735ff7e23\"}, {\"unit\": \"\", \"field\": \"f41f9280-faa0-11e6-86b1-cd7735ff7e23\", \"type\": \"positive_only\", \"id\": \"c0da3d80-1b93-11e7-8ada-3df93aab833e\"}, {\"function\": \"sum\", \"type\": \"series_agg\", \"id\": \"ecaad010-2c2c-11e7-be71-3162da85303f\"}], \"point_size\": \"0\", \"label\": \"Inbound\", \"terms_field\": \"system.network.name\", \"split_mode\": \"terms\", \"color\": \"rgba(0,156,224,1)\", \"axis_position\": \"right\", \"stacked\": \"none\", \"value_template\": \"{{value}}/s\", \"id\": \"da1046f1-faa0-11e6-86b1-cd7735ff7e23\"}, {\"fill\": \"1\", \"line_width\": \"0\", \"seperate_axis\": 0, \"formatter\": \"0.[00]a\", \"chart_type\": \"line\", \"metrics\": [{\"field\": \"system.network.out.packets\", \"type\": \"max\", \"id\": \"fbbd7e30-faa0-11e6-86b1-cd7735ff7e23\"}, {\"unit\": \"1s\", \"field\": \"fbbd7e30-faa0-11e6-86b1-cd7735ff7e23\", \"type\": \"derivative\", \"id\": \"fbbd7e31-faa0-11e6-86b1-cd7735ff7e23\"}, {\"variables\": [{\"name\": \"rate\", \"field\": \"fbbd7e31-faa0-11e6-86b1-cd7735ff7e23\", \"id\": \"1940bad0-faa1-11e6-86b1-cd7735ff7e23\"}], \"type\": \"calculation\", \"script\": \"params.rate != null && params.rate > 0 ? params.rate * -1 : null\", \"id\": \"17e597a0-faa1-11e6-86b1-cd7735ff7e23\"}, {\"function\": \"sum\", \"type\": \"series_agg\", \"id\": \"fe5fbdc0-2c2c-11e7-be71-3162da85303f\"}], \"point_size\": \"0\", \"label\": \"Outbound\", \"terms_field\": \"system.network.name\", \"split_mode\": \"terms\", \"color\": \"rgba(250,40,255,1)\", \"axis_position\": \"right\", \"stacked\": \"none\", \"value_template\": \"{{value}}/s\", \"id\": \"fbbd5720-faa0-11e6-86b1-cd7735ff7e23\"}], \"axis_formatter\": \"number\", \"id\": \"da1046f0-faa0-11e6-86b1-cd7735ff7e23\"}, \"title\": \"Mericbeat: Network Traffic (Packets) ECS\", \"type\": \"metrics\", \"listeners\": {}}"
            },
            "id": "6b7b9a40-faa1-11e6-86b1-cd7735ff7e23-ecs",
            "migrationVersion": {
                "visualization": "7.4.2"
            },
            "references": [],
            "type": "visualization",
            "updated_at": "2020-03-03T20:18:18.996Z",
            "version": "WzUxNjMsM10="
        },
        {
            "attributes": {
                "description": "",
                "kibanaSavedObjectMeta": {
                    "searchSourceJSON": "{\"query\": {\"query\": \"\", \"language\": \"kuery\"}, \"filter\": []}"
                },
                "title": "System Load [Metricbeat System] ECS",
                "uiStateJSON": "{}",
                "version": 1,
                "visState": "{\"aggs\": [], \"params\": {\"show_grid\": 1, \"show_legend\": 1, \"time_field\": \"@timestamp\", \"type\": \"timeseries\", \"axis_position\": \"left\", \"interval\": \"auto\", \"id\": \"f6264ad0-1b14-11e7-b09e-037021c4f8df\", \"series\": [{\"fill\": \"0\", \"line_width\": \"3\", \"seperate_axis\": 0, \"formatter\": \"number\", \"chart_type\": \"line\", \"metrics\": [{\"field\": \"system.load.1\", \"type\": \"avg\", \"id\": \"f62671e1-1b14-11e7-b09e-037021c4f8df\"}], \"point_size\": 1, \"label\": \"1m\", \"split_mode\": \"everything\", \"color\": \"rgba(115,216,255,1)\", \"axis_position\": \"right\", \"stacked\": \"none\", \"id\": \"f62671e0-1b14-11e7-b09e-037021c4f8df\"}, {\"fill\": \"0\", \"line_width\": \"3\", \"seperate_axis\": 0, \"formatter\": \"number\", \"chart_type\": \"line\", \"metrics\": [{\"field\": \"system.load.5\", \"type\": \"avg\", \"id\": \"1c324851-1b15-11e7-b09e-037021c4f8df\"}], \"point_size\": \"0\", \"label\": \"5m\", \"split_mode\": \"everything\", \"color\": \"rgba(0,156,224,1)\", \"axis_position\": \"right\", \"stacked\": \"none\", \"id\": \"1c324850-1b15-11e7-b09e-037021c4f8df\"}, {\"fill\": \"0\", \"line_width\": \"3\", \"seperate_axis\": 0, \"formatter\": \"number\", \"chart_type\": \"line\", \"metrics\": [{\"field\": \"system.load.15\", \"type\": \"avg\", \"id\": \"32880e50-1b15-11e7-b09e-037021c4f8df\"}], \"point_size\": \"0\", \"label\": \"15m\", \"split_mode\": \"everything\", \"color\": \"rgba(0,98,177,1)\", \"axis_position\": \"right\", \"stacked\": \"none\", \"id\": \"3287e740-1b15-11e7-b09e-037021c4f8df\"}], \"axis_formatter\": \"number\", \"index_pattern\": \"metricbeat-*\"}, \"title\": \"System Load [Metricbeat System] ECS\", \"type\": \"metrics\"}"
            },
            "id": "4d546850-1b15-11e7-b09e-037021c4f8df-ecs",
            "migrationVersion": {
                "visualization": "7.4.2"
            },
            "references": [],
            "type": "visualization",
            "updated_at": "2020-03-03T20:18:18.996Z",
            "version": "WzUxNjQsM10="
        },
        {
            "attributes": {
                "description": "",
                "kibanaSavedObjectMeta": {
                    "searchSourceJSON": "{\"query\": {\"query\": \"\", \"language\": \"kuery\"}, \"filter\": []}"
                },
                "title": "Network Traffic (Bytes) [Metricbeat System] ECS",
                "uiStateJSON": "{}",
                "version": 1,
                "visState": "{\"aggs\": [], \"params\": {\"filter\": {\"query\": \"-system.network.name:l*\", \"language\": \"lucene\"}, \"show_legend\": 1, \"time_field\": \"@timestamp\", \"type\": \"timeseries\", \"axis_position\": \"left\", \"interval\": \"auto\", \"index_pattern\": \"metricbeat-*\", \"series\": [{\"fill\": \"1\", \"line_width\": \"0\", \"seperate_axis\": 0, \"formatter\": \"bytes\", \"chart_type\": \"line\", \"metrics\": [{\"field\": \"system.network.in.bytes\", \"type\": \"max\", \"id\": \"da1046f2-faa0-11e6-86b1-cd7735ff7e23\"}, {\"unit\": \"1s\", \"field\": \"da1046f2-faa0-11e6-86b1-cd7735ff7e23\", \"type\": \"derivative\", \"id\": \"f41f9280-faa0-11e6-86b1-cd7735ff7e23\"}, {\"unit\": \"\", \"field\": \"f41f9280-faa0-11e6-86b1-cd7735ff7e23\", \"type\": \"positive_only\", \"id\": \"a87398e0-1b93-11e7-8ada-3df93aab833e\"}, {\"function\": \"sum\", \"type\": \"series_agg\", \"id\": \"2d533df0-2c2d-11e7-be71-3162da85303f\"}], \"point_size\": \"0\", \"label\": \"Inbound \", \"terms_field\": \"system.network.name\", \"split_mode\": \"terms\", \"color\": \"rgba(0,156,224,1)\", \"axis_position\": \"right\", \"stacked\": \"none\", \"value_template\": \"{{value}}/s\", \"id\": \"da1046f1-faa0-11e6-86b1-cd7735ff7e23\"}, {\"fill\": \"1\", \"line_width\": \"0\", \"seperate_axis\": 0, \"formatter\": \"bytes\", \"chart_type\": \"line\", \"metrics\": [{\"field\": \"system.network.out.bytes\", \"type\": \"max\", \"id\": \"fbbd7e30-faa0-11e6-86b1-cd7735ff7e23\"}, {\"unit\": \"1s\", \"field\": \"fbbd7e30-faa0-11e6-86b1-cd7735ff7e23\", \"type\": \"derivative\", \"id\": \"fbbd7e31-faa0-11e6-86b1-cd7735ff7e23\"}, {\"variables\": [{\"name\": \"rate\", \"field\": \"fbbd7e31-faa0-11e6-86b1-cd7735ff7e23\", \"id\": \"1940bad0-faa1-11e6-86b1-cd7735ff7e23\"}], \"type\": \"calculation\", \"script\": \"params.rate != null && params.rate > 0 ? params.rate * -1 : null\", \"id\": \"17e597a0-faa1-11e6-86b1-cd7735ff7e23\"}, {\"function\": \"sum\", \"type\": \"series_agg\", \"id\": \"533da9b0-2c2d-11e7-be71-3162da85303f\"}], \"point_size\": \"0\", \"label\": \"Outbound \", \"terms_field\": \"system.network.name\", \"split_mode\": \"terms\", \"color\": \"rgba(250,40,255,1)\", \"axis_position\": \"right\", \"stacked\": \"none\", \"value_template\": \"{{value}}/s\", \"id\": \"fbbd5720-faa0-11e6-86b1-cd7735ff7e23\"}], \"axis_formatter\": \"number\", \"id\": \"da1046f0-faa0-11e6-86b1-cd7735ff7e23\"}, \"title\": \"Mericbeat: Network Traffic (Bytes) ECS\", \"type\": \"metrics\", \"listeners\": {}}"
            },
            "id": "089b85d0-1b16-11e7-b09e-037021c4f8df-ecs",
            "migrationVersion": {
                "visualization": "7.4.2"
            },
            "references": [],
            "type": "visualization",
            "updated_at": "2020-03-03T20:18:18.996Z",
            "version": "WzUxNjUsM10="
        },
        {
            "attributes": {
                "description": "",
                "kibanaSavedObjectMeta": {
                    "searchSourceJSON": "{\"query\": {\"query\": \"\", \"language\": \"kuery\"}, \"filter\": []}"
                },
                "title": "Memory Usage [Metricbeat System] ECS",
                "uiStateJSON": "{}",
                "version": 1,
                "visState": "{\"aggs\": [], \"params\": {\"show_grid\": 1, \"show_legend\": 1, \"time_field\": \"@timestamp\", \"type\": \"timeseries\", \"axis_position\": \"left\", \"interval\": \"auto\", \"id\": \"32f46f40-1b16-11e7-b09e-037021c4f8df\", \"series\": [{\"fill\": \"1\", \"line_width\": 1, \"seperate_axis\": 0, \"formatter\": \"bytes\", \"chart_type\": \"line\", \"metrics\": [{\"field\": \"system.memory.actual.used.bytes\", \"type\": \"avg\", \"id\": \"4ff61fd1-1b16-11e7-b09e-037021c4f8df\"}], \"point_size\": \"0\", \"label\": \"Used\", \"split_mode\": \"everything\", \"color\": \"rgba(211,49,21,1)\", \"axis_position\": \"right\", \"stacked\": \"stacked\", \"id\": \"4ff61fd0-1b16-11e7-b09e-037021c4f8df\"}, {\"fill\": \"1\", \"line_width\": 1, \"seperate_axis\": 0, \"formatter\": \"bytes\", \"chart_type\": \"line\", \"metrics\": [{\"field\": \"system.memory.actual.used.bytes\", \"type\": \"avg\", \"id\": \"753a6081-1b16-11e7-b09e-037021c4f8df\"}, {\"field\": \"system.memory.used.bytes\", \"type\": \"avg\", \"id\": \"7c9d3f00-1b16-11e7-b09e-037021c4f8df\"}, {\"variables\": [{\"name\": \"actual\", \"field\": \"753a6081-1b16-11e7-b09e-037021c4f8df\", \"id\": \"890f9620-1b16-11e7-b09e-037021c4f8df\"}, {\"name\": \"used\", \"field\": \"7c9d3f00-1b16-11e7-b09e-037021c4f8df\", \"id\": \"8f3ab7f0-1b16-11e7-b09e-037021c4f8df\"}], \"type\": \"calculation\", \"script\": \"params.actual != null && params.used != null ? params.used - params.actual : null\", \"id\": \"869cc160-1b16-11e7-b09e-037021c4f8df\"}], \"point_size\": \"0\", \"label\": \"Cache\", \"split_mode\": \"everything\", \"color\": \"rgba(0,156,224,1)\", \"axis_position\": \"right\", \"stacked\": \"stacked\", \"id\": \"753a6080-1b16-11e7-b09e-037021c4f8df\"}, {\"fill\": \"1\", \"line_width\": 1, \"seperate_axis\": 0, \"formatter\": \"bytes\", \"chart_type\": \"line\", \"metrics\": [{\"field\": \"system.memory.free\", \"type\": \"avg\", \"id\": \"32f46f42-1b16-11e7-b09e-037021c4f8df\"}], \"point_size\": \"0\", \"label\": \"Free\", \"split_mode\": \"everything\", \"color\": \"#68BC00\", \"axis_position\": \"right\", \"stacked\": \"stacked\", \"id\": \"32f46f41-1b16-11e7-b09e-037021c4f8df\"}], \"axis_formatter\": \"number\", \"index_pattern\": \"metricbeat-*\"}, \"title\": \"Memory Usage [Metricbeat System] ECS\", \"type\": \"metrics\"}"
            },
            "id": "bfa5e400-1b16-11e7-b09e-037021c4f8df-ecs",
            "migrationVersion": {
                "visualization": "7.4.2"
            },
            "references": [],
            "type": "visualization",
            "updated_at": "2020-03-03T20:18:18.996Z",
            "version": "WzUxNjYsM10="
        },
        {
            "attributes": {
                "description": "",
                "kibanaSavedObjectMeta": {
                    "searchSourceJSON": "{\"query\": {\"query\": \"\", \"language\": \"kuery\"}, \"filter\": []}"
                },
                "title": "Top Processes By CPU [Metricbeat System] ECS",
                "uiStateJSON": "{}",
                "version": 1,
                "visState": "{\"aggs\": [], \"params\": {\"id\": \"5f5b8d50-1b18-11e7-b09e-037021c4f8df\", \"filter\": \"\", \"time_field\": \"@timestamp\", \"series\": [{\"fill\": 0.5, \"line_width\": 1, \"seperate_axis\": 0, \"formatter\": \"percent\", \"chart_type\": \"line\", \"metrics\": [{\"field\": \"system.process.cpu.total.pct\", \"type\": \"avg\", \"id\": \"5f5b8d52-1b18-11e7-b09e-037021c4f8df\"}], \"point_size\": 1, \"terms_order_by\": \"5f5b8d52-1b18-11e7-b09e-037021c4f8df\", \"terms_field\": \"process.name\", \"split_mode\": \"terms\", \"color\": \"#68BC00\", \"axis_position\": \"right\", \"stacked\": \"none\", \"id\": \"5f5b8d51-1b18-11e7-b09e-037021c4f8df\"}], \"show_legend\": 1, \"bar_color_rules\": [{\"operator\": \"gte\", \"bar_color\": \"rgba(104,188,0,1)\", \"value\": 0, \"id\": \"60e11be0-1b18-11e7-b09e-037021c4f8df\"}], \"type\": \"top_n\", \"axis_position\": \"left\", \"drilldown_url\": \"\", \"interval\": \"auto\", \"show_grid\": 1, \"axis_formatter\": \"number\", \"index_pattern\": \"metricbeat-*\"}, \"title\": \"Top Processes By CPU [Metricbeat System] ECS\", \"type\": \"metrics\"}"
            },
            "id": "e0f001c0-1b18-11e7-b09e-037021c4f8df-ecs",
            "migrationVersion": {
                "visualization": "7.4.2"
            },
            "references": [],
            "type": "visualization",
            "updated_at": "2020-03-03T20:18:18.996Z",
            "version": "WzUxNjcsM10="
        },
        {
            "attributes": {
                "description": "",
                "kibanaSavedObjectMeta": {
                    "searchSourceJSON": "{\"query\": {\"query\": \"\", \"language\": \"kuery\"}, \"filter\": []}"
                },
                "title": "Processes By Memory [Metricbeat System] ECS",
                "uiStateJSON": "{}",
                "version": 1,
                "visState": "{\"aggs\": [], \"params\": {\"id\": \"edfceb30-1b18-11e7-b09e-037021c4f8df\", \"filter\": \"\", \"time_field\": \"@timestamp\", \"series\": [{\"fill\": 0.5, \"line_width\": 1, \"seperate_axis\": 0, \"formatter\": \"percent\", \"chart_type\": \"line\", \"metrics\": [{\"field\": \"system.process.memory.rss.pct\", \"type\": \"avg\", \"id\": \"edfceb32-1b18-11e7-b09e-037021c4f8df\"}], \"point_size\": 1, \"terms_order_by\": \"edfceb32-1b18-11e7-b09e-037021c4f8df\", \"terms_field\": \"process.name\", \"split_mode\": \"terms\", \"color\": \"#68BC00\", \"axis_position\": \"right\", \"stacked\": \"none\", \"id\": \"edfceb31-1b18-11e7-b09e-037021c4f8df\"}], \"show_legend\": 1, \"bar_color_rules\": [{\"operator\": \"gte\", \"bar_color\": \"rgba(104,188,0,1)\", \"value\": 0, \"id\": \"efb9b660-1b18-11e7-b09e-037021c4f8df\"}, {\"operator\": \"gte\", \"bar_color\": \"rgba(254,146,0,1)\", \"value\": 0.7, \"id\": \"17fcb820-1b19-11e7-b09e-037021c4f8df\"}, {\"operator\": \"gte\", \"bar_color\": \"rgba(211,49,21,1)\", \"value\": 0.85, \"id\": \"1dd61070-1b19-11e7-b09e-037021c4f8df\"}], \"type\": \"top_n\", \"axis_position\": \"left\", \"drilldown_url\": \"\", \"interval\": \"auto\", \"show_grid\": 1, \"axis_formatter\": \"number\", \"index_pattern\": \"metricbeat-*\"}, \"title\": \"Processes By Memory [Metricbeat System] ECS\", \"type\": \"metrics\"}"
            },
            "id": "2e224660-1b19-11e7-b09e-037021c4f8df-ecs",
            "migrationVersion": {
                "visualization": "7.4.2"
            },
            "references": [],
            "type": "visualization",
            "updated_at": "2020-03-03T20:18:18.996Z",
            "version": "WzUxNjgsM10="
        },
        {
            "attributes": {
                "description": "",
                "kibanaSavedObjectMeta": {
                    "searchSourceJSON": "{\"query\": {\"query\": \"\", \"language\": \"kuery\"}, \"filter\": []}"
                },
                "title": "CPU Usage [Metricbeat System] ECS",
                "uiStateJSON": "{}",
                "version": 1,
                "visState": "{\"aggs\": [], \"params\": {\"show_grid\": 1, \"show_legend\": 1, \"time_field\": \"@timestamp\", \"type\": \"timeseries\", \"axis_position\": \"left\", \"interval\": \"auto\", \"id\": \"80a04950-1b19-11e7-b09e-037021c4f8df\", \"series\": [{\"fill\": \"1\", \"line_width\": 1, \"seperate_axis\": 0, \"formatter\": \"percent\", \"chart_type\": \"line\", \"metrics\": [{\"field\": \"system.cpu.user.pct\", \"type\": \"avg\", \"id\": \"80a04952-1b19-11e7-b09e-037021c4f8df\"}], \"point_size\": \"0\", \"label\": \"user\", \"split_mode\": \"everything\", \"color\": \"#68BC00\", \"axis_position\": \"right\", \"stacked\": \"stacked\", \"id\": \"80a04951-1b19-11e7-b09e-037021c4f8df\"}, {\"fill\": \"1\", \"line_width\": 1, \"seperate_axis\": 0, \"formatter\": \"percent\", \"chart_type\": \"line\", \"metrics\": [{\"field\": \"system.cpu.system.pct\", \"type\": \"avg\", \"id\": \"993acf31-1b19-11e7-b09e-037021c4f8df\"}], \"point_size\": \"0\", \"label\": \"system\", \"split_mode\": \"everything\", \"color\": \"rgba(211,49,21,1)\", \"axis_position\": \"right\", \"stacked\": \"stacked\", \"id\": \"993acf30-1b19-11e7-b09e-037021c4f8df\"}, {\"fill\": \"1\", \"line_width\": 1, \"seperate_axis\": 0, \"formatter\": \"percent\", \"chart_type\": \"line\", \"metrics\": [{\"field\": \"system.cpu.nice.pct\", \"type\": \"avg\", \"id\": \"65ca5cf0-1b1a-11e7-b09e-037021c4f8df\"}], \"point_size\": \"0\", \"label\": \"nice\", \"split_mode\": \"everything\", \"color\": \"rgba(123,100,255,1)\", \"axis_position\": \"right\", \"stacked\": \"stacked\", \"id\": \"65ca35e0-1b1a-11e7-b09e-037021c4f8df\"}, {\"fill\": \"1\", \"line_width\": 1, \"seperate_axis\": 0, \"formatter\": \"percent\", \"chart_type\": \"line\", \"metrics\": [{\"field\": \"system.cpu.irq.pct\", \"type\": \"avg\", \"id\": \"741b5f21-1b1a-11e7-b09e-037021c4f8df\"}], \"point_size\": \"0\", \"label\": \"irq\", \"split_mode\": \"everything\", \"color\": \"rgba(226,115,0,1)\", \"axis_position\": \"right\", \"stacked\": \"stacked\", \"id\": \"741b5f20-1b1a-11e7-b09e-037021c4f8df\"}, {\"fill\": \"1\", \"line_width\": 1, \"seperate_axis\": 0, \"formatter\": \"percent\", \"chart_type\": \"line\", \"metrics\": [{\"field\": \"system.cpu.softirq.pct\", \"type\": \"avg\", \"id\": \"2efc5d41-1b1a-11e7-b09e-037021c4f8df\"}], \"point_size\": \"0\", \"label\": \"softirq\", \"split_mode\": \"everything\", \"color\": \"rgba(176,188,0,1)\", \"axis_position\": \"right\", \"stacked\": \"stacked\", \"id\": \"2efc5d40-1b1a-11e7-b09e-037021c4f8df\"}, {\"fill\": \"1\", \"line_width\": 1, \"seperate_axis\": 0, \"formatter\": \"percent\", \"chart_type\": \"line\", \"metrics\": [{\"field\": \"system.cpu.iowait.pct\", \"type\": \"avg\", \"id\": \"ae644a31-1b19-11e7-b09e-037021c4f8df\"}], \"point_size\": \"0\", \"label\": \"iowait\", \"split_mode\": \"everything\", \"color\": \"rgba(15,20,25,1)\", \"axis_position\": \"right\", \"stacked\": \"stacked\", \"id\": \"ae644a30-1b19-11e7-b09e-037021c4f8df\"}], \"axis_formatter\": \"number\", \"index_pattern\": \"metricbeat-*\"}, \"title\": \"CPU Usage [Metricbeat System] ECS\", \"type\": \"metrics\"}"
            },
            "id": "ab2d1e90-1b1a-11e7-b09e-037021c4f8df-ecs",
            "migrationVersion": {
                "visualization": "7.4.2"
            },
            "references": [],
            "type": "visualization",
            "updated_at": "2020-03-03T20:18:18.996Z",
            "version": "WzUxNjksM10="
        },
        {
            "attributes": {
                "description": "",
                "kibanaSavedObjectMeta": {
                    "searchSourceJSON": "{\"query\": {\"query\": \"\", \"language\": \"kuery\"}, \"filter\": []}"
                },
                "title": "Disk IO (Bytes) [Metricbeat System] ECS",
                "uiStateJSON": "{}",
                "version": 1,
                "visState": "{\"aggs\": [], \"params\": {\"show_grid\": 1, \"filter\": \"\", \"show_legend\": 1, \"time_field\": \"@timestamp\", \"type\": \"timeseries\", \"axis_position\": \"left\", \"interval\": \"auto\", \"index_pattern\": \"metricbeat-*\", \"series\": [{\"fill\": \"1\", \"line_width\": 1, \"seperate_axis\": 0, \"formatter\": \"bytes\", \"chart_type\": \"line\", \"metrics\": [{\"field\": \"system.diskio.read.bytes\", \"type\": \"max\", \"id\": \"d3c67db2-1b1a-11e7-b09e-037021c4f8df\"}, {\"unit\": \"1s\", \"field\": \"d3c67db2-1b1a-11e7-b09e-037021c4f8df\", \"type\": \"derivative\", \"id\": \"f55b9910-1b1a-11e7-b09e-037021c4f8df\"}, {\"unit\": \"\", \"field\": \"f55b9910-1b1a-11e7-b09e-037021c4f8df\", \"type\": \"positive_only\", \"id\": \"dcbbb100-1b93-11e7-8ada-3df93aab833e\"}], \"point_size\": \"0\", \"label\": \"reads\", \"split_mode\": \"everything\", \"color\": \"rgba(22,165,165,1)\", \"axis_position\": \"right\", \"stacked\": \"none\", \"value_template\": \"{{value}}/s\", \"id\": \"d3c67db1-1b1a-11e7-b09e-037021c4f8df\"}, {\"fill\": \"1\", \"line_width\": 1, \"seperate_axis\": 0, \"formatter\": \"bytes\", \"chart_type\": \"line\", \"metrics\": [{\"field\": \"system.diskio.write.bytes\", \"type\": \"max\", \"id\": \"144124d1-1b1b-11e7-b09e-037021c4f8df\"}, {\"unit\": \"1s\", \"field\": \"144124d1-1b1b-11e7-b09e-037021c4f8df\", \"type\": \"derivative\", \"id\": \"144124d2-1b1b-11e7-b09e-037021c4f8df\"}, {\"variables\": [{\"name\": \"rate\", \"field\": \"144124d2-1b1b-11e7-b09e-037021c4f8df\", \"id\": \"144124d3-1b1b-11e7-b09e-037021c4f8df\"}], \"type\": \"calculation\", \"script\": \"params.rate > 0 ? params.rate * -1 : 0\", \"id\": \"144124d4-1b1b-11e7-b09e-037021c4f8df\"}], \"point_size\": \"0\", \"label\": \"writes\", \"split_mode\": \"everything\", \"color\": \"rgba(251,158,0,1)\", \"axis_position\": \"right\", \"stacked\": \"none\", \"value_template\": \"{{value}}/s\", \"id\": \"144124d0-1b1b-11e7-b09e-037021c4f8df\"}], \"axis_formatter\": \"number\", \"id\": \"d3c67db0-1b1a-11e7-b09e-037021c4f8df\"}, \"title\": \"Disk IO (Bytes) [Metricbeat System] ECS\", \"type\": \"metrics\"}"
            },
            "id": "4e4bb1e0-1b1b-11e7-b09e-037021c4f8df-ecs",
            "migrationVersion": {
                "visualization": "7.4.2"
            },
            "references": [],
            "type": "visualization",
            "updated_at": "2020-03-03T20:18:18.996Z",
            "version": "WzUxNzAsM10="
        },
        {
            "attributes": {
                "description": "",
                "kibanaSavedObjectMeta": {
                    "searchSourceJSON": "{\"query\": {\"query\": \"\", \"language\": \"kuery\"}, \"filter\": []}"
                },
                "title": "Load Gauge [Metricbeat System] ECS",
                "uiStateJSON": "{}",
                "version": 1,
                "visState": "{\"aggs\": [], \"params\": {\"gauge_width\": 10, \"show_grid\": 1, \"background_color_rules\": [{\"id\": \"feefabd0-1b90-11e7-bec4-a5e9ec5cab8b\"}], \"gauge_color_rules\": [{\"id\": \"ffd94880-1b90-11e7-bec4-a5e9ec5cab8b\"}], \"gauge_inner_width\": 10, \"time_field\": \"@timestamp\", \"series\": [{\"fill\": 0.5, \"line_width\": 1, \"seperate_axis\": 0, \"formatter\": \"number\", \"chart_type\": \"line\", \"metrics\": [{\"field\": \"system.load.5\", \"type\": \"avg\", \"id\": \"fdcc6182-1b90-11e7-bec4-a5e9ec5cab8b\"}], \"point_size\": 1, \"label\": \"5m Load\", \"split_mode\": \"everything\", \"color\": \"#68BC00\", \"axis_position\": \"right\", \"stacked\": \"none\", \"id\": \"fdcc6181-1b90-11e7-bec4-a5e9ec5cab8b\"}], \"show_legend\": 1, \"type\": \"gauge\", \"axis_position\": \"left\", \"interval\": \"auto\", \"id\": \"fdcc6180-1b90-11e7-bec4-a5e9ec5cab8b\", \"gauge_style\": \"half\", \"axis_formatter\": \"number\", \"index_pattern\": \"metricbeat-*\"}, \"title\": \"Load Gauge [Metricbeat System] ECS\", \"type\": \"metrics\"}"
            },
            "id": "26732e20-1b91-11e7-bec4-a5e9ec5cab8b-ecs",
            "migrationVersion": {
                "visualization": "7.4.2"
            },
            "references": [],
            "type": "visualization",
            "updated_at": "2020-03-03T20:18:18.996Z",
            "version": "WzUxNzEsM10="
        },
        {
            "attributes": {
                "description": "",
                "kibanaSavedObjectMeta": {
                    "searchSourceJSON": "{\"query\": {\"query\": \"\", \"language\": \"kuery\"}, \"filter\": []}"
                },
                "title": "CPU Usage Gauge [Metricbeat System] ECS",
                "uiStateJSON": "{}",
                "version": 1,
                "visState": "{\"aggs\": [], \"params\": {\"show_grid\": 1, \"gauge_width\": 10, \"filter\": \"\", \"gauge_color_rules\": [{\"operator\": \"gte\", \"gauge\": \"rgba(104,188,0,1)\", \"value\": 0, \"id\": \"4ef2c3b0-1b91-11e7-bec4-a5e9ec5cab8b\"}, {\"operator\": \"gte\", \"gauge\": \"rgba(254,146,0,1)\", \"value\": 0.7, \"id\": \"e6561ae0-1b91-11e7-bec4-a5e9ec5cab8b\"}, {\"operator\": \"gte\", \"gauge\": \"rgba(211,49,21,1)\", \"value\": 0.85, \"id\": \"ec655040-1b91-11e7-bec4-a5e9ec5cab8b\"}], \"gauge_inner_width\": 10, \"gauge_max\": \"1\", \"series\": [{\"fill\": 0.5, \"line_width\": 1, \"seperate_axis\": 0, \"formatter\": \"percent\", \"chart_type\": \"line\", \"metrics\": [{\"field\": \"system.cpu.user.pct\", \"type\": \"avg\", \"id\": \"4c9e2552-1b91-11e7-bec4-a5e9ec5cab8b\"}, {\"field\": \"system.cpu.system.pct\", \"type\": \"avg\", \"id\": \"225c2140-5fd7-11e7-a63a-a937b7c1a7e1\"}, {\"field\": \"system.cpu.cores\", \"type\": \"avg\", \"id\": \"837a30c0-5fd7-11e7-a63a-a937b7c1a7e1\"}, {\"variables\": [{\"name\": \"user\", \"field\": \"4c9e2552-1b91-11e7-bec4-a5e9ec5cab8b\", \"id\": \"5a19af10-1b91-11e7-bec4-a5e9ec5cab8b\"}, {\"name\": \"system\", \"field\": \"225c2140-5fd7-11e7-a63a-a937b7c1a7e1\", \"id\": \"32b54f80-5fd7-11e7-a63a-a937b7c1a7e1\"}, {\"name\": \"n\", \"field\": \"837a30c0-5fd7-11e7-a63a-a937b7c1a7e1\", \"id\": \"8ba6eef0-5fd7-11e7-a63a-a937b7c1a7e1\"}], \"type\": \"calculation\", \"script\": \"params.n > 0 ? (params.user+params.system)/params.n : null\", \"id\": \"587aa510-1b91-11e7-bec4-a5e9ec5cab8b\"}], \"point_size\": 1, \"label\": \"CPU Usage\", \"split_mode\": \"everything\", \"color\": \"#68BC00\", \"axis_position\": \"right\", \"stacked\": \"none\", \"id\": \"4c9e2551-1b91-11e7-bec4-a5e9ec5cab8b\"}], \"time_field\": \"@timestamp\", \"show_legend\": 1, \"type\": \"gauge\", \"axis_position\": \"left\", \"interval\": \"auto\", \"id\": \"4c9e2550-1b91-11e7-bec4-a5e9ec5cab8b\", \"gauge_style\": \"half\", \"axis_formatter\": \"number\", \"index_pattern\": \"metricbeat-*\"}, \"title\": \"CPU Usage Gauge [Metricbeat System] ECS\", \"type\": \"metrics\"}"
            },
            "id": "83e12df0-1b91-11e7-bec4-a5e9ec5cab8b-ecs",
            "migrationVersion": {
                "visualization": "7.4.2"
            },
            "references": [],
            "type": "visualization",
            "updated_at": "2020-03-03T20:18:44.291Z",
            "version": "WzUzODEsM10="
        },
        {
            "attributes": {
                "description": "",
                "kibanaSavedObjectMeta": {
                    "searchSourceJSON": "{\"query\": {\"query\": \"\", \"language\": \"kuery\"}, \"filter\": []}"
                },
                "title": "Memory Usage Gauge [Metricbeat System] ECS",
                "uiStateJSON": "{}",
                "version": 1,
                "visState": "{\"aggs\": [], \"params\": {\"show_grid\": 1, \"gauge_width\": 10, \"filter\": \"\", \"gauge_color_rules\": [{\"operator\": \"gte\", \"gauge\": \"rgba(104,188,0,1)\", \"value\": 0, \"id\": \"a0d522e0-1b91-11e7-bec4-a5e9ec5cab8b\"}, {\"operator\": \"gte\", \"gauge\": \"rgba(254,146,0,1)\", \"value\": 0.7, \"id\": \"b45ad8f0-1b91-11e7-bec4-a5e9ec5cab8b\"}, {\"operator\": \"gte\", \"gauge\": \"rgba(211,49,21,1)\", \"value\": 0.85, \"id\": \"c06e9550-1b91-11e7-bec4-a5e9ec5cab8b\"}], \"gauge_inner_width\": 10, \"gauge_max\": \"1\", \"series\": [{\"fill\": 0.5, \"line_width\": 1, \"seperate_axis\": 0, \"formatter\": \"percent\", \"chart_type\": \"line\", \"metrics\": [{\"field\": \"system.memory.actual.used.pct\", \"type\": \"avg\", \"id\": \"9f51b732-1b91-11e7-bec4-a5e9ec5cab8b\"}], \"point_size\": 1, \"label\": \"Memory Usage\", \"split_mode\": \"everything\", \"color\": \"#68BC00\", \"axis_position\": \"right\", \"stacked\": \"none\", \"id\": \"9f51b731-1b91-11e7-bec4-a5e9ec5cab8b\"}], \"time_field\": \"@timestamp\", \"show_legend\": 1, \"type\": \"gauge\", \"axis_position\": \"left\", \"interval\": \"auto\", \"id\": \"9f51b730-1b91-11e7-bec4-a5e9ec5cab8b\", \"gauge_style\": \"half\", \"axis_formatter\": \"number\", \"index_pattern\": \"metricbeat-*\"}, \"title\": \"Memory Usage Gauge [Metricbeat System] ECS\", \"type\": \"metrics\"}"
            },
            "id": "d3166e80-1b91-11e7-bec4-a5e9ec5cab8b-ecs",
            "migrationVersion": {
                "visualization": "7.4.2"
            },
            "references": [],
            "type": "visualization",
            "updated_at": "2020-03-03T20:18:44.291Z",
            "version": "WzUzODAsM10="
        },
        {
            "attributes": {
                "description": "",
                "kibanaSavedObjectMeta": {
                    "searchSourceJSON": "{\"query\": {\"query\": \"\", \"language\": \"kuery\"}, \"filter\": []}"
                },
                "title": "Inbound Traffic [Metricbeat System] ECS",
                "uiStateJSON": "{}",
                "version": 1,
                "visState": "{\"aggs\": [], \"params\": {\"id\": \"0c761590-1b92-11e7-bec4-a5e9ec5cab8b\", \"filter\": {\"query\": \"-system.network.name:l*\", \"language\": \"lucene\"}, \"background_color_rules\": [{\"id\": \"0e346760-1b92-11e7-bec4-a5e9ec5cab8b\"}], \"axis_position\": \"left\", \"series\": [{\"fill\": 0.5, \"line_width\": 1, \"seperate_axis\": 0, \"formatter\": \"bytes\", \"chart_type\": \"line\", \"metrics\": [{\"field\": \"system.network.in.bytes\", \"type\": \"max\", \"id\": \"0c761592-1b92-11e7-bec4-a5e9ec5cab8b\"}, {\"unit\": \"1s\", \"field\": \"0c761592-1b92-11e7-bec4-a5e9ec5cab8b\", \"type\": \"derivative\", \"id\": \"1d659060-1b92-11e7-bec4-a5e9ec5cab8b\"}, {\"unit\": \"\", \"field\": \"1d659060-1b92-11e7-bec4-a5e9ec5cab8b\", \"type\": \"positive_only\", \"id\": \"f2074f70-1b92-11e7-a416-41f5ccdba2e6\"}, {\"function\": \"sum\", \"type\": \"series_agg\", \"id\": \"c40e18f0-2c55-11e7-a0ad-277ce466684d\"}], \"point_size\": 1, \"label\": \"Inbound Traffic\", \"terms_field\": \"system.network.name\", \"split_mode\": \"terms\", \"color\": \"#68BC00\", \"axis_position\": \"right\", \"stacked\": \"none\", \"value_template\": \"{{value}}/s\", \"id\": \"0c761591-1b92-11e7-bec4-a5e9ec5cab8b\"}, {\"fill\": 0.5, \"line_width\": 1, \"seperate_axis\": 0, \"formatter\": \"bytes\", \"chart_type\": \"line\", \"metrics\": [{\"field\": \"system.network.in.bytes\", \"type\": \"max\", \"id\": \"37f72b50-1b92-11e7-bec4-a5e9ec5cab8b\"}, {\"unit\": \"\", \"field\": \"37f72b50-1b92-11e7-bec4-a5e9ec5cab8b\", \"type\": \"derivative\", \"id\": \"37f72b51-1b92-11e7-bec4-a5e9ec5cab8b\"}, {\"unit\": \"\", \"field\": \"37f72b51-1b92-11e7-bec4-a5e9ec5cab8b\", \"type\": \"positive_only\", \"id\": \"f9da2dd0-1b92-11e7-a416-41f5ccdba2e6\"}, {\"sigma\": \"\", \"id\": \"3e63c2f0-1b92-11e7-bec4-a5e9ec5cab8b\", \"field\": \"f9da2dd0-1b92-11e7-a416-41f5ccdba2e6\", \"type\": \"series_agg\", \"function\": \"overall_sum\"}], \"point_size\": 1, \"label\": \"Total Transferred\", \"terms_field\": \"system.network.name\", \"split_mode\": \"terms\", \"color\": \"#68BC00\", \"axis_position\": \"right\", \"stacked\": \"none\", \"value_template\": \"{{value}}\", \"id\": \"37f70440-1b92-11e7-bec4-a5e9ec5cab8b\"}], \"show_legend\": 1, \"type\": \"metric\", \"time_field\": \"@timestamp\", \"interval\": \"auto\", \"show_grid\": 1, \"axis_formatter\": \"number\", \"index_pattern\": \"metricbeat-*\"}, \"title\": \"Inbound Traffic [Metricbeat System] ECS\", \"type\": \"metrics\"}"
            },
            "id": "522ee670-1b92-11e7-bec4-a5e9ec5cab8b-ecs",
            "migrationVersion": {
                "visualization": "7.4.2"
            },
            "references": [],
            "type": "visualization",
            "updated_at": "2020-03-03T20:18:44.291Z",
            "version": "WzUzNzcsM10="
        },
        {
            "attributes": {
                "description": "",
                "kibanaSavedObjectMeta": {
                    "searchSourceJSON": "{\"query\": {\"query\": \"\", \"language\": \"kuery\"}, \"filter\": []}"
                },
                "title": "Outbound Traffic [Metricbeat System] ECS",
                "uiStateJSON": "{}",
                "version": 1,
                "visState": "{\"aggs\": [], \"params\": {\"id\": \"0c761590-1b92-11e7-bec4-a5e9ec5cab8b\", \"filter\": {\"query\": \"-system.network.name:l*\", \"language\": \"lucene\"}, \"background_color_rules\": [{\"id\": \"0e346760-1b92-11e7-bec4-a5e9ec5cab8b\"}], \"axis_position\": \"left\", \"series\": [{\"fill\": 0.5, \"line_width\": 1, \"seperate_axis\": 0, \"formatter\": \"bytes\", \"chart_type\": \"line\", \"metrics\": [{\"field\": \"system.network.out.bytes\", \"type\": \"max\", \"id\": \"0c761592-1b92-11e7-bec4-a5e9ec5cab8b\"}, {\"unit\": \"1s\", \"field\": \"0c761592-1b92-11e7-bec4-a5e9ec5cab8b\", \"type\": \"derivative\", \"id\": \"1d659060-1b92-11e7-bec4-a5e9ec5cab8b\"}, {\"unit\": \"\", \"field\": \"1d659060-1b92-11e7-bec4-a5e9ec5cab8b\", \"type\": \"positive_only\", \"id\": \"f2074f70-1b92-11e7-a416-41f5ccdba2e6\"}, {\"function\": \"sum\", \"type\": \"series_agg\", \"id\": \"a1737470-2c55-11e7-a0ad-277ce466684d\"}], \"point_size\": 1, \"label\": \"Outbound Traffic\", \"terms_field\": \"system.network.name\", \"split_mode\": \"terms\", \"color\": \"#68BC00\", \"axis_position\": \"right\", \"stacked\": \"none\", \"value_template\": \"{{value}}/s\", \"id\": \"0c761591-1b92-11e7-bec4-a5e9ec5cab8b\"}, {\"fill\": 0.5, \"line_width\": 1, \"seperate_axis\": 0, \"formatter\": \"bytes\", \"chart_type\": \"line\", \"metrics\": [{\"field\": \"system.network.out.bytes\", \"type\": \"max\", \"id\": \"37f72b50-1b92-11e7-bec4-a5e9ec5cab8b\"}, {\"unit\": \"\", \"field\": \"37f72b50-1b92-11e7-bec4-a5e9ec5cab8b\", \"type\": \"derivative\", \"id\": \"37f72b51-1b92-11e7-bec4-a5e9ec5cab8b\"}, {\"unit\": \"\", \"field\": \"37f72b51-1b92-11e7-bec4-a5e9ec5cab8b\", \"type\": \"positive_only\", \"id\": \"f9da2dd0-1b92-11e7-a416-41f5ccdba2e6\"}, {\"sigma\": \"\", \"id\": \"3e63c2f0-1b92-11e7-bec4-a5e9ec5cab8b\", \"field\": \"f9da2dd0-1b92-11e7-a416-41f5ccdba2e6\", \"type\": \"series_agg\", \"function\": \"overall_sum\"}], \"point_size\": 1, \"label\": \"Total Transferred\", \"terms_field\": \"system.network.name\", \"split_mode\": \"terms\", \"color\": \"#68BC00\", \"axis_position\": \"right\", \"stacked\": \"none\", \"value_template\": \"{{value}}\", \"id\": \"37f70440-1b92-11e7-bec4-a5e9ec5cab8b\"}], \"show_legend\": 1, \"type\": \"metric\", \"time_field\": \"@timestamp\", \"interval\": \"auto\", \"show_grid\": 1, \"axis_formatter\": \"number\", \"index_pattern\": \"metricbeat-*\"}, \"title\": \"Outbound Traffic [Metricbeat System] ECS\", \"type\": \"metrics\"}"
            },
            "id": "1aae9140-1b93-11e7-8ada-3df93aab833e-ecs",
            "migrationVersion": {
                "visualization": "7.4.2"
            },
            "references": [],
            "type": "visualization",
            "updated_at": "2020-03-03T20:18:44.291Z",
            "version": "WzUzNzgsM10="
        },
        {
            "attributes": {
                "description": "",
                "kibanaSavedObjectMeta": {
                    "searchSourceJSON": "{\"query\": {\"query\": \"\", \"language\": \"kuery\"}, \"filter\": []}"
                },
                "title": "Disk Usage [Metricbeat System] ECS",
                "uiStateJSON": "{}",
                "version": 1,
                "visState": "{\"aggs\": [], \"params\": {\"show_grid\": 1, \"default_timefield\": \"@timestamp\", \"filter\": {\"query\": \"-system.filesystem.mount_point:\\\\/run* AND -system.filesystem.mount_point:\\\\/sys* AND -system.filesystem.mount_point:\\\\/dev* AND -system.filesystem.mount_point:\\\\/proc* AND -system.filesystem.mount_point:\\\\/var* AND -system.filesystem.mount_point:\\\\/boot\", \"language\": \"lucene\"}, \"series\": [{\"fill\": 0.5, \"line_width\": 1, \"seperate_axis\": 0, \"formatter\": \"percent\", \"chart_type\": \"line\", \"metrics\": [{\"order_by\": \"@timestamp\", \"type\": \"top_hit\", \"agg_with\": \"avg\", \"size\": 1, \"order\": \"desc\", \"field\": \"system.filesystem.used.pct\", \"id\": \"9f7e48a2-1b95-11e7-8ada-3df93aab833e\"}], \"point_size\": 1, \"terms_field\": \"system.filesystem.mount_point\", \"split_mode\": \"terms\", \"color\": \"#68BC00\", \"axis_position\": \"right\", \"stacked\": \"none\", \"id\": \"9f7e48a1-1b95-11e7-8ada-3df93aab833e\"}], \"time_field\": \"@timestamp\", \"default_index_pattern\": \"metricbeat-*\", \"show_legend\": 1, \"isModelInvalid\": false, \"time_range_mode\": \"entire_time_range\", \"axis_scale\": \"normal\", \"bar_color_rules\": [{\"operator\": \"gte\", \"bar_color\": \"rgba(104,188,0,1)\", \"value\": 0, \"id\": \"bf525310-1b95-11e7-8ada-3df93aab833e\"}, {\"operator\": \"gte\", \"bar_color\": \"rgba(254,146,0,1)\", \"value\": 0.7, \"id\": \"125fc4c0-1b96-11e7-8ada-3df93aab833e\"}, {\"operator\": \"gte\", \"bar_color\": \"rgba(211,49,21,1)\", \"value\": 0.85, \"id\": \"1a5c7240-1b96-11e7-8ada-3df93aab833e\"}], \"type\": \"top_n\", \"axis_position\": \"left\", \"drilldown_url\": \"\", \"interval\": \"auto\", \"id\": \"9f7e48a0-1b95-11e7-8ada-3df93aab833e\", \"axis_formatter\": \"number\", \"index_pattern\": \"metricbeat-*\"}, \"title\": \"Disk Usage [Metricbeat System] ECS\", \"type\": \"metrics\"}"
            },
            "id": "34f97ee0-1b96-11e7-8ada-3df93aab833e-ecs",
            "migrationVersion": {
                "visualization": "7.4.2"
            },
            "references": [],
            "type": "visualization",
            "updated_at": "2020-03-26T17:26:35.781Z",
            "version": "WzY3NTEsN10="
        },
        {
            "attributes": {
                "description": "",
                "kibanaSavedObjectMeta": {
                    "searchSourceJSON": "{\"query\": {\"query\": \"\", \"language\": \"kuery\"}, \"filter\": []}"
                },
                "title": "System Navigation [Metricbeat System] ECS",
                "uiStateJSON": "{}",
                "version": 1,
                "visState": "{\"aggs\": [], \"params\": {\"fontSize\": 12, \"markdown\": \"[System Overview](#/dashboard/Metricbeat-system-overview-ecs)  | [Host Overview](#/dashboard/79ffd6e0-faa0-11e6-947f-177f697178b8-ecs) |\\n[Containers overview](#/dashboard/CPU-slash-Memory-per-container-ecs)\"}, \"title\": \"System Navigation [Metricbeat System] ECS\", \"type\": \"markdown\"}"
            },
            "id": "System-Navigation-ecs",
            "migrationVersion": {
                "visualization": "7.4.2"
            },
            "references": [],
            "type": "visualization",
            "updated_at": "2020-03-03T20:18:44.291Z",
            "version": "WzUzNzIsM10="
        },
        {
            "attributes": {
                "description": "",
                "kibanaSavedObjectMeta": {
                    "searchSourceJSON": "{\"query\": {\"query\": \"\", \"language\": \"kuery\"}, \"filter\": []}"
                },
                "title": "Swap usage [Metricbeat System] ECS",
                "uiStateJSON": "{}",
                "version": 1,
                "visState": "{\"aggs\": [], \"params\": {\"show_grid\": 1, \"gauge_width\": 10, \"filter\": \"\", \"gauge_color_rules\": [{\"operator\": \"gte\", \"gauge\": \"rgba(104,188,0,1)\", \"value\": 0, \"id\": \"d17c1e90-4d59-11e7-aee5-fdc812cc3bec\"}, {\"operator\": \"gte\", \"gauge\": \"rgba(251,158,0,1)\", \"value\": 0.7, \"id\": \"fc1d3490-4d59-11e7-aee5-fdc812cc3bec\"}, {\"operator\": \"gte\", \"gauge\": \"rgba(211,49,21,1)\", \"value\": 0.85, \"id\": \"0e204240-4d5a-11e7-aee5-fdc812cc3bec\"}], \"gauge_inner_width\": 10, \"gauge_max\": \"\", \"series\": [{\"fill\": 0.5, \"line_width\": 1, \"seperate_axis\": 0, \"formatter\": \"percent\", \"chart_type\": \"line\", \"metrics\": [{\"field\": \"system.memory.swap.used.pct\", \"type\": \"avg\", \"id\": \"cee2fd22-4d59-11e7-aee5-fdc812cc3bec\"}], \"point_size\": 1, \"label\": \"Swap usage\", \"split_mode\": \"everything\", \"color\": \"#68BC00\", \"axis_position\": \"right\", \"stacked\": \"none\", \"id\": \"cee2fd21-4d59-11e7-aee5-fdc812cc3bec\"}], \"time_field\": \"@timestamp\", \"show_legend\": 1, \"type\": \"gauge\", \"axis_position\": \"left\", \"interval\": \"auto\", \"id\": \"cee2fd20-4d59-11e7-aee5-fdc812cc3bec\", \"gauge_style\": \"half\", \"axis_formatter\": \"number\", \"index_pattern\": \"metricbeat-*\"}, \"title\": \"Swap usage [Metricbeat System] ECS\", \"type\": \"metrics\"}"
            },
            "id": "19e123b0-4d5a-11e7-aee5-fdc812cc3bec-ecs",
            "migrationVersion": {
                "visualization": "7.4.2"
            },
            "references": [],
            "type": "visualization",
            "updated_at": "2020-03-03T20:18:18.996Z",
            "version": "WzUxNzgsM10="
        },
        {
            "attributes": {
                "description": "",
                "kibanaSavedObjectMeta": {
                    "searchSourceJSON": "{\"query\": {\"query\": \"\", \"language\": \"kuery\"}, \"filter\": []}"
                },
                "title": "Memory usage vs total [Metricbeat System] ECS",
                "uiStateJSON": "{}",
                "version": 1,
                "visState": "{\"aggs\": [], \"params\": {\"time_field\": \"@timestamp\", \"show_legend\": 1, \"background_color_rules\": [{\"id\": \"6f7618b0-4d5c-11e7-aa29-87a97a796de6\"}], \"type\": \"metric\", \"axis_position\": \"left\", \"interval\": \"auto\", \"id\": \"6bc65720-4d5c-11e7-aa29-87a97a796de6\", \"series\": [{\"fill\": 0.5, \"line_width\": 1, \"seperate_axis\": 0, \"formatter\": \"bytes\", \"chart_type\": \"line\", \"metrics\": [{\"field\": \"system.memory.actual.used.bytes\", \"type\": \"avg\", \"id\": \"6bc65722-4d5c-11e7-aa29-87a97a796de6\"}], \"point_size\": 1, \"label\": \"Memory usage\", \"split_mode\": \"everything\", \"color\": \"#68BC00\", \"axis_position\": \"right\", \"stacked\": \"none\", \"id\": \"6bc65721-4d5c-11e7-aa29-87a97a796de6\"}, {\"fill\": 0.5, \"line_width\": 1, \"seperate_axis\": 0, \"formatter\": \"bytes\", \"chart_type\": \"line\", \"metrics\": [{\"field\": \"system.memory.total\", \"type\": \"avg\", \"id\": \"b8fe6821-4d5c-11e7-aa29-87a97a796de6\"}], \"point_size\": 1, \"label\": \"Total Memory\", \"split_mode\": \"everything\", \"color\": \"#68BC00\", \"axis_position\": \"right\", \"stacked\": \"none\", \"id\": \"b8fe6820-4d5c-11e7-aa29-87a97a796de6\"}], \"axis_formatter\": \"number\", \"index_pattern\": \"metricbeat-*\"}, \"title\": \"Memory usage vs total ECS\", \"type\": \"metrics\", \"listeners\": {}}"
            },
            "id": "d2e80340-4d5c-11e7-aa29-87a97a796de6-ecs",
            "migrationVersion": {
                "visualization": "7.4.2"
            },
            "references": [],
            "type": "visualization",
            "updated_at": "2020-03-03T20:18:18.996Z",
            "version": "WzUxNzksM10="
        },
        {
            "attributes": {
                "description": "",
                "kibanaSavedObjectMeta": {
                    "searchSourceJSON": "{\"query\": {\"query\": \"\", \"language\": \"kuery\"}, \"filter\": []}"
                },
                "title": "Disk used [Metricbeat System] ECS",
                "uiStateJSON": "{}",
                "version": 1,
                "visState": "{\"aggs\": [], \"params\": {\"show_grid\": 1, \"default_timefield\": \"@timestamp\", \"filter\": \"\", \"gauge_width\": 10, \"gauge_color_rules\": [{\"operator\": \"gte\", \"gauge\": \"rgba(104,188,0,1)\", \"value\": 0, \"id\": \"51921d10-4d1d-11e7-b5f2-2b7c1895bf32\"}, {\"operator\": \"gte\", \"gauge\": \"rgba(251,158,0,1)\", \"value\": 0.7, \"id\": \"f26de750-4d54-11e7-b5f2-2b7c1895bf32\"}, {\"operator\": \"gte\", \"gauge\": \"rgba(211,49,21,1)\", \"value\": 0.85, \"id\": \"fa31d190-4d54-11e7-b5f2-2b7c1895bf32\"}], \"gauge_inner_width\": 10, \"gauge_max\": \"1\", \"default_index_pattern\": \"metricbeat-*\", \"time_field\": \"@timestamp\", \"series\": [{\"fill\": 0.5, \"line_width\": 1, \"seperate_axis\": 0, \"formatter\": \"percent\", \"chart_type\": \"line\", \"metrics\": [{\"order_by\": \"@timestamp\", \"type\": \"top_hit\", \"agg_with\": \"avg\", \"size\": 1, \"order\": \"desc\", \"field\": \"system.fsstat.total_size.used\", \"id\": \"4e4dee91-4d1d-11e7-b5f2-2b7c1895bf32\"}, {\"order_by\": \"@timestamp\", \"type\": \"top_hit\", \"agg_with\": \"avg\", \"size\": 1, \"order\": \"desc\", \"field\": \"system.fsstat.total_size.total\", \"id\": \"57c96ee0-4d54-11e7-b5f2-2b7c1895bf32\"}, {\"variables\": [{\"name\": \"used\", \"field\": \"4e4dee91-4d1d-11e7-b5f2-2b7c1895bf32\", \"id\": \"6da10430-4d54-11e7-b5f2-2b7c1895bf32\"}, {\"name\": \"total\", \"field\": \"57c96ee0-4d54-11e7-b5f2-2b7c1895bf32\", \"id\": \"73b8c510-4d54-11e7-b5f2-2b7c1895bf32\"}], \"type\": \"math\", \"script\": \"params.used/params.total \", \"id\": \"6304cca0-4d54-11e7-b5f2-2b7c1895bf32\"}], \"point_size\": 1, \"label\": \"Disk used\", \"split_mode\": \"everything\", \"color\": \"#68BC00\", \"axis_position\": \"right\", \"stacked\": \"none\", \"id\": \"4e4dee90-4d1d-11e7-b5f2-2b7c1895bf32\"}], \"isModelInvalid\": false, \"time_range_mode\": \"entire_time_range\", \"show_legend\": 1, \"axis_scale\": \"normal\", \"type\": \"gauge\", \"axis_position\": \"left\", \"interval\": \"auto\", \"index_pattern\": \"metricbeat-*\", \"gauge_style\": \"half\", \"axis_formatter\": \"number\", \"id\": \"4e4dc780-4d1d-11e7-b5f2-2b7c1895bf32\"}, \"title\": \"Disk used [Metricbeat System] ECS\", \"type\": \"metrics\"}"
            },
            "id": "825fdb80-4d1d-11e7-b5f2-2b7c1895bf32-ecs",
            "migrationVersion": {
                "visualization": "7.4.2"
            },
            "references": [],
            "type": "visualization",
            "updated_at": "2020-03-26T17:22:09.379Z",
            "version": "WzY3MTksN10="
        },
        {
            "attributes": {
                "description": "",
                "kibanaSavedObjectMeta": {
                    "searchSourceJSON": "{\"query\": {\"query\": \"\", \"language\": \"kuery\"}, \"filter\": []}"
                },
                "title": "Packetloss [Metricbeat System] ECS",
                "uiStateJSON": "{}",
                "version": 1,
                "visState": "{\"aggs\": [], \"params\": {\"time_field\": \"@timestamp\", \"show_grid\": 1, \"show_legend\": 1, \"background_color_rules\": [{\"id\": \"6ba9b1f0-4d5d-11e7-aa29-87a97a796de6\"}], \"type\": \"metric\", \"axis_position\": \"left\", \"interval\": \"auto\", \"id\": \"6984af10-4d5d-11e7-aa29-87a97a796de6\", \"series\": [{\"fill\": 0.5, \"line_width\": 1, \"seperate_axis\": 0, \"formatter\": \"number\", \"chart_type\": \"line\", \"metrics\": [{\"field\": \"system.network.in.dropped\", \"type\": \"max\", \"id\": \"6984af12-4d5d-11e7-aa29-87a97a796de6\"}], \"point_size\": 1, \"label\": \"In Packetloss\", \"split_mode\": \"everything\", \"color\": \"#68BC00\", \"axis_position\": \"right\", \"stacked\": \"none\", \"id\": \"6984af11-4d5d-11e7-aa29-87a97a796de6\"}, {\"fill\": 0.5, \"line_width\": 1, \"seperate_axis\": 0, \"formatter\": \"number\", \"chart_type\": \"line\", \"metrics\": [{\"field\": \"system.network.out.dropped\", \"type\": \"max\", \"id\": \"ac2e6b31-4d5d-11e7-aa29-87a97a796de6\"}], \"point_size\": 1, \"label\": \"Out Packetloss\", \"split_mode\": \"everything\", \"color\": \"#68BC00\", \"axis_position\": \"right\", \"stacked\": \"none\", \"id\": \"ac2e6b30-4d5d-11e7-aa29-87a97a796de6\"}], \"axis_formatter\": \"number\", \"index_pattern\": \"metricbeat-*\"}, \"title\": \"Packetloss [Metricbeat System] ECS\", \"type\": \"metrics\"}"
            },
            "id": "96976150-4d5d-11e7-aa29-87a97a796de6-ecs",
            "migrationVersion": {
                "visualization": "7.4.2"
            },
            "references": [],
            "type": "visualization",
            "updated_at": "2020-03-03T20:18:18.996Z",
            "version": "WzUxODEsM10="
        },
        {
            "attributes": {
                "description": "",
                "kibanaSavedObjectMeta": {
                    "searchSourceJSON": "{\"query\": {\"query\": \"\", \"language\": \"kuery\"}, \"filter\": []}"
                },
                "title": "Interfaces by Incoming traffic [Metricbeat System] ECS",
                "uiStateJSON": "{}",
                "version": 1,
                "visState": "{\"aggs\": [], \"params\": {\"time_field\": \"@timestamp\", \"show_grid\": 1, \"show_legend\": 1, \"bar_color_rules\": [{\"id\": \"44596d40-4d60-11e7-9a4c-ed99bbcaa42b\"}], \"type\": \"top_n\", \"axis_position\": \"left\", \"interval\": \"auto\", \"id\": \"42ceae90-4d60-11e7-9a4c-ed99bbcaa42b\", \"series\": [{\"fill\": 0.5, \"line_width\": 1, \"seperate_axis\": 0, \"formatter\": \"bytes\", \"chart_type\": \"line\", \"metrics\": [{\"field\": \"system.network.in.bytes\", \"type\": \"avg\", \"id\": \"42ced5a1-4d60-11e7-9a4c-ed99bbcaa42b\"}], \"point_size\": 1, \"label\": \"Interfaces by Incoming traffic\", \"terms_field\": \"system.network.name\", \"split_mode\": \"terms\", \"color\": \"#68BC00\", \"axis_position\": \"right\", \"terms_order_by\": \"42ced5a1-4d60-11e7-9a4c-ed99bbcaa42b\", \"stacked\": \"none\", \"id\": \"42ced5a0-4d60-11e7-9a4c-ed99bbcaa42b\"}], \"axis_formatter\": \"number\", \"index_pattern\": \"metricbeat-*\"}, \"title\": \"Interfaces by Incoming traffic [Metricbeat System] ECS\", \"type\": \"metrics\"}"
            },
            "id": "99381c80-4d60-11e7-9a4c-ed99bbcaa42b-ecs",
            "migrationVersion": {
                "visualization": "7.4.2"
            },
            "references": [],
            "type": "visualization",
            "updated_at": "2020-03-03T20:18:18.996Z",
            "version": "WzUxODIsM10="
        },
        {
            "attributes": {
                "description": "",
                "kibanaSavedObjectMeta": {
                    "searchSourceJSON": "{\"query\": {\"query\": \"\", \"language\": \"kuery\"}, \"filter\": []}"
                },
                "title": "Interfaces by Outgoing traffic [Metricbeat System] ECS",
                "uiStateJSON": "{}",
                "version": 1,
                "visState": "{\"aggs\": [], \"params\": {\"time_field\": \"@timestamp\", \"show_grid\": 1, \"show_legend\": 1, \"bar_color_rules\": [{\"id\": \"9db20be0-4d60-11e7-9a4c-ed99bbcaa42b\"}], \"type\": \"top_n\", \"axis_position\": \"left\", \"interval\": \"auto\", \"id\": \"9cdba910-4d60-11e7-9a4c-ed99bbcaa42b\", \"series\": [{\"fill\": 0.5, \"line_width\": 1, \"seperate_axis\": 0, \"formatter\": \"bytes\", \"chart_type\": \"line\", \"metrics\": [{\"field\": \"system.network.out.bytes\", \"type\": \"avg\", \"id\": \"9cdba912-4d60-11e7-9a4c-ed99bbcaa42b\"}], \"point_size\": 1, \"label\": \"Interfaces by Outgoing traffic\", \"terms_field\": \"system.network.name\", \"split_mode\": \"terms\", \"color\": \"#68BC00\", \"axis_position\": \"right\", \"terms_order_by\": \"9cdba912-4d60-11e7-9a4c-ed99bbcaa42b\", \"stacked\": \"none\", \"id\": \"9cdba911-4d60-11e7-9a4c-ed99bbcaa42b\"}], \"axis_formatter\": \"number\", \"index_pattern\": \"metricbeat-*\"}, \"title\": \"Interfaces by Outgoing traffic [Metricbeat System] ECS\", \"type\": \"metrics\"}"
            },
            "id": "c5e3cf90-4d60-11e7-9a4c-ed99bbcaa42b-ecs",
            "migrationVersion": {
                "visualization": "7.4.2"
            },
            "references": [],
            "type": "visualization",
            "updated_at": "2020-03-03T20:18:18.996Z",
            "version": "WzUxODMsM10="
        },
        {
            "attributes": {
                "description": "",
                "kibanaSavedObjectMeta": {
                    "searchSourceJSON": "{\"query\": {\"query\": \"\", \"language\": \"kuery\"}, \"filter\": [], \"indexRefName\": \"kibanaSavedObjectMeta.searchSourceJSON.index\"}"
                },
                "title": "Number of processes [Metricbeat System] ECS",
                "uiStateJSON": "{\"vis\": {\"defaultColors\": {\"0 - 100\": \"rgb(0,104,55)\"}}}",
                "version": 1,
                "visState": "{\"aggs\": [{\"params\": {\"field\": \"process.pid\", \"customLabel\": \"Processes\"}, \"schema\": \"metric\", \"enabled\": true, \"type\": \"cardinality\", \"id\": \"1\"}], \"params\": {\"addTooltip\": true, \"gauge\": {\"autoExtend\": false, \"orientation\": \"vertical\", \"gaugeColorMode\": \"None\", \"useRange\": false, \"gaugeType\": \"Metric\", \"scale\": {\"show\": false, \"labels\": false, \"color\": \"#333\", \"width\": 2}, \"backStyle\": \"Full\", \"colorSchema\": \"Green to Red\", \"gaugeStyle\": \"Full\", \"percentageMode\": false, \"style\": {\"subText\": \"\", \"labelColor\": false, \"bgFill\": \"#000\", \"bgColor\": false, \"fontSize\": 60}, \"type\": \"simple\", \"colorsRange\": [{\"to\": 100, \"from\": 0}], \"verticalSplit\": false, \"labels\": {\"show\": true, \"color\": \"black\"}, \"invertColors\": false}, \"type\": \"gauge\", \"addLegend\": false}, \"title\": \"Number of processes ECS\", \"type\": \"metric\", \"listeners\": {}}"
            },
            "id": "590a60f0-5d87-11e7-8884-1bb4c3b890e4-ecs",
            "migrationVersion": {
                "visualization": "7.4.2"
            },
            "references": [
                {
                    "id": "metricbeat-*",
                    "name": "kibanaSavedObjectMeta.searchSourceJSON.index",
                    "type": "index-pattern"
                }
            ],
            "type": "visualization",
            "updated_at": "2020-03-03T20:18:18.996Z",
            "version": "WzUxODQsM10="
        },
        {
            "attributes": {
                "description": "",
                "kibanaSavedObjectMeta": {
                    "searchSourceJSON": "{}"
                },
                "title": "Tip [Metricbeat System] ECS",
                "uiStateJSON": "{}",
                "version": 1,
                "visState": "{\"aggs\": [], \"params\": {\"fontSize\": 12, \"markdown\": \"**TIP:** To select another host, go to the [System Overview](#/dashboard/Metricbeat-system-overview-ecs) dashboard and double-click a host name.\"}, \"title\": \"Tip [Metricbeat System] ECS\", \"type\": \"markdown\"}"
            },
            "id": "3d65d450-a9c3-11e7-af20-67db8aecb295-ecs",
            "migrationVersion": {
                "visualization": "7.4.2"
            },
            "references": [],
            "type": "visualization",
            "updated_at": "2020-03-03T20:18:18.996Z",
            "version": "WzUxODUsM10="
        }
    ],
    "version": "7.6.0"
}