{
    "objects": [
        {
            "attributes": {
                "description": "",
                "kibanaSavedObjectMeta": {
                    "searchSourceJSON": "{\"query\": {\"query\": \"\", \"language\": \"kuery\"}, \"filter\": []}"
                },
                "title": "Available pods per deployment [Metricbeat Kubernetes] ECS",
                "uiStateJSON": "{}",
                "version": 1,
                "visState": "{\"aggs\": [], \"params\": {\"show_grid\": 1, \"filter\": \"event.module:kubernetes AND metricset.name:state_deployment\", \"show_legend\": 1, \"time_field\": \"@timestamp\", \"type\": \"timeseries\", \"axis_position\": \"left\", \"interval\": \"auto\", \"index_pattern\": \"metricbeat-*\", \"series\": [{\"fill\": 0.5, \"split_filters\": [{\"color\": \"#68BC00\", \"id\": \"53d35ad0-30df-11e7-8df8-6d3604a72912\"}], \"line_width\": 1, \"seperate_axis\": 0, \"formatter\": \"number\", \"terms_size\": \"10000\", \"chart_type\": \"line\", \"metrics\": [{\"field\": \"kubernetes.deployment.replicas.available\", \"type\": \"avg\", \"id\": \"64456841-30df-11e7-8df8-6d3604a72912\"}], \"point_size\": 1, \"label\": \"Available pods\", \"terms_field\": \"kubernetes.deployment.name\", \"split_mode\": \"terms\", \"color\": \"rgba(104,188,0,1)\", \"axis_position\": \"right\", \"stacked\": \"stacked\", \"id\": \"64456840-30df-11e7-8df8-6d3604a72912\"}], \"axis_formatter\": \"number\", \"id\": \"117fadf0-30df-11e7-8df8-6d3604a72912\"}, \"title\": \"Available pods per deployment [Metricbeat Kubernetes] ECS\", \"type\": \"metrics\"}"
            },
            "id": "022a54c0-2bf5-11e7-859b-f78b612cde28-ecs",
            "type": "visualization",
            "updated_at": "2018-03-11T20:59:01.845Z",
            "version": 4
        },
        {
            "attributes": {
                "description": "",
                "kibanaSavedObjectMeta": {
                    "searchSourceJSON": "{\"query\": {\"query\": \"\", \"language\": \"kuery\"}, \"filter\": []}"
                },
                "title": "CPU usage by node  [Metricbeat Kubernetes] ECS",
                "uiStateJSON": "{}",
                "version": 1,
                "visState": "{\"aggs\": [], \"params\": {\"gauge_width\": 10, \"filter\": \"event.module:kubernetes AND (metricset.name:container OR metricset.name:state_node)\", \"background_color_rules\": [{\"id\": \"12c1f2f0-2bf2-11e7-859b-f78b612cde28\"}], \"gauge_color_rules\": [{\"id\": \"140e4910-2bf2-11e7-859b-f78b612cde28\"}], \"gauge_inner_width\": 10, \"time_field\": \"@timestamp\", \"series\": [{\"fill\": \"0.5\", \"series_time_field\": \"@timestamp\", \"line_width\": 1, \"seperate_axis\": 0, \"formatter\": \"0.0a\", \"terms_field\": \"kubernetes.node.name\", \"value_template\": \"{{value}} nanocores\", \"chart_type\": \"line\", \"metrics\": [{\"field\": \"kubernetes.container.cpu.usage.nanocores\", \"type\": \"sum\", \"id\": \"0d5c9221-2bf2-11e7-859b-f78b612cde28\"}], \"point_size\": 1, \"terms_order_by\": \"0d5c9221-2bf2-11e7-859b-f78b612cde28\", \"series_interval\": \"10s\", \"override_index_pattern\": 0, \"color\": \"#68BC00\", \"axis_position\": \"right\", \"split_mode\": \"terms\", \"stacked\": \"none\", \"terms_size\": \"10000\", \"id\": \"0d5c9220-2bf2-11e7-859b-f78b612cde28\"}, {\"fill\": \"0\", \"terms_size\": \"10000\", \"line_width\": 1, \"hide_in_legend\": 1, \"point_size\": \"0\", \"formatter\": \"0.0a\", \"terms_field\": \"kubernetes.node.name\", \"stacked\": \"none\", \"chart_type\": \"line\", \"metrics\": [{\"field\": \"kubernetes.node.cpu.capacity.cores\", \"type\": \"avg\", \"id\": \"22f65d41-31a7-11e7-84cc-096d2b38e6e5\"}, {\"variables\": [{\"name\": \"cores\", \"field\": \"22f65d41-31a7-11e7-84cc-096d2b38e6e5\", \"id\": \"4cd32080-34d6-11e7-be88-cb6a123dc1bb\"}], \"type\": \"calculation\", \"script\": \"params.cores * 1000000000\", \"id\": \"4af4c390-34d6-11e7-be88-cb6a123dc1bb\"}], \"series_time_field\": \"@timestamp\", \"label\": \"\", \"series_interval\": \"10s\", \"override_index_pattern\": 0, \"color\": \"rgba(211,49,21,1)\", \"axis_position\": \"right\", \"terms_order_by\": \"22f65d41-31a7-11e7-84cc-096d2b38e6e5\", \"split_mode\": \"terms\", \"seperate_axis\": 0, \"value_template\": \"{{value}} nanocores\", \"id\": \"22f65d40-31a7-11e7-84cc-096d2b38e6e5\"}], \"show_legend\": 1, \"bar_color_rules\": [{\"id\": \"1373ddd0-2bf2-11e7-859b-f78b612cde28\"}], \"type\": \"timeseries\", \"axis_position\": \"left\", \"interval\": \"auto\", \"id\": \"0d5c6b10-2bf2-11e7-859b-f78b612cde28\", \"gauge_style\": \"half\", \"axis_formatter\": \"number\", \"index_pattern\": \"metricbeat-*\"}, \"title\": \"CPU usage by node  [Metricbeat Kubernetes] ECS\", \"type\": \"metrics\", \"listeners\": {}}"
            },
            "id": "44f12b40-2bf4-11e7-859b-f78b612cde28-ecs",
            "type": "visualization",
            "updated_at": "2018-03-01T18:58:07.906Z",
            "version": 3
        },
        {
            "attributes": {
                "description": "",
                "kibanaSavedObjectMeta": {
                    "searchSourceJSON": "{\"query\": {\"query\": \"\", \"language\": \"kuery\"}, \"filter\": []}"
                },
                "title": "Deployments [Metricbeat Kubernetes] ECS",
                "uiStateJSON": "{}",
                "version": 1,
                "visState": "{\"aggs\": [], \"params\": {\"gauge_width\": 10, \"filter\": \"event.module:kubernetes AND metricset.name:state_deployment\", \"background_color_rules\": [{\"id\": \"67ee7da0-30e0-11e7-8df8-6d3604a72912\"}], \"gauge_color_rules\": [{\"id\": \"69765620-30e0-11e7-8df8-6d3604a72912\"}], \"gauge_inner_width\": 10, \"time_field\": \"@timestamp\", \"series\": [{\"fill\": 0.5, \"line_width\": 1, \"seperate_axis\": 0, \"formatter\": \"number\", \"chart_type\": \"line\", \"metrics\": [{\"field\": \"kubernetes.deployment.name\", \"type\": \"cardinality\", \"id\": \"4c4690b2-30e0-11e7-8df8-6d3604a72912\"}], \"point_size\": 1, \"label\": \"Deployments\", \"terms_field\": \"kubernetes.deployment.name\", \"split_mode\": \"everything\", \"color\": \"#68BC00\", \"axis_position\": \"right\", \"stacked\": \"none\", \"id\": \"4c4690b1-30e0-11e7-8df8-6d3604a72912\"}], \"show_legend\": 1, \"bar_color_rules\": [{\"id\": \"68cdba10-30e0-11e7-8df8-6d3604a72912\"}], \"type\": \"metric\", \"axis_position\": \"left\", \"interval\": \"auto\", \"id\": \"4c4690b0-30e0-11e7-8df8-6d3604a72912\", \"gauge_style\": \"half\", \"axis_formatter\": \"number\", \"index_pattern\": \"metricbeat-*\"}, \"title\": \"Deployments [Metricbeat Kubernetes] ECS\", \"type\": \"metrics\", \"listeners\": {}}"
            },
            "id": "cd059410-2bfb-11e7-859b-f78b612cde28-ecs",
            "type": "visualization",
            "updated_at": "2018-03-01T18:58:07.906Z",
            "version": 3
        },
        {
            "attributes": {
                "description": "",
                "kibanaSavedObjectMeta": {
                    "searchSourceJSON": "{\"query\": {\"query\": \"\", \"language\": \"kuery\"}, \"filter\": []}"
                },
                "title": "Desired pods [Metricbeat Kubernetes] ECS",
                "uiStateJSON": "{}",
                "version": 1,
                "visState": "{\"aggs\": [], \"params\": {\"gauge_width\": \"10\", \"filter\": \"event.module:kubernetes AND metricset.name:state_deployment\", \"background_color_rules\": [{\"id\": \"508ffb30-30d5-11e7-8df8-6d3604a72912\"}], \"gauge_color_rules\": [{\"id\": \"50f9b980-30d5-11e7-8df8-6d3604a72912\"}], \"gauge_inner_width\": \"10\", \"gauge_max\": \"5\", \"series\": [{\"fill\": 0.5, \"line_width\": 1, \"stacked\": \"none\", \"point_size\": 1, \"formatter\": \"number\", \"chart_type\": \"line\", \"metrics\": [{\"field\": \"kubernetes.deployment.replicas.desired\", \"type\": \"sum\", \"id\": \"54cf79a0-30d5-11e7-8df8-6d3604a72912\"}], \"series_time_field\": \"@timestamp\", \"label\": \"Desired Pods\", \"series_interval\": \"10s\", \"override_index_pattern\": 1, \"color\": \"#68BC00\", \"axis_position\": \"right\", \"split_mode\": \"everything\", \"seperate_axis\": 0, \"id\": \"2fe9d3b1-30d5-11e7-8df8-6d3604a72912\"}], \"time_field\": \"@timestamp\", \"show_legend\": 1, \"bar_color_rules\": [{\"id\": \"674d83b0-30d5-11e7-8df8-6d3604a72912\"}], \"type\": \"metric\", \"axis_position\": \"left\", \"interval\": \"auto\", \"index_pattern\": \"metricbeat-*\", \"gauge_style\": \"half\", \"axis_formatter\": \"number\", \"id\": \"2fe9d3b0-30d5-11e7-8df8-6d3604a72912\"}, \"title\": \"Desired pods [Metricbeat Kubernetes] ECS\", \"type\": \"metrics\", \"listeners\": {}}"
            },
            "id": "e1018b90-2bfb-11e7-859b-f78b612cde28-ecs",
            "type": "visualization",
            "updated_at": "2018-03-01T18:58:07.906Z",
            "version": 3
        },
        {
            "attributes": {
                "description": "",
                "kibanaSavedObjectMeta": {
                    "searchSourceJSON": "{\"query\": {\"query\": \"\", \"language\": \"kuery\"}, \"filter\": []}"
                },
                "title": "Memory usage by node  [Metricbeat Kubernetes] ECS",
                "uiStateJSON": "{}",
                "version": 1,
                "visState": "{\"aggs\": [], \"params\": {\"show_grid\": 1, \"gauge_width\": 10, \"filter\": \"event.module:kubernetes AND (metricset.name:container OR metricset.name:state_node)\", \"background_color_rules\": [{\"id\": \"12c1f2f0-2bf2-11e7-859b-f78b612cde28\"}], \"gauge_color_rules\": [{\"id\": \"140e4910-2bf2-11e7-859b-f78b612cde28\"}], \"gauge_inner_width\": 10, \"time_field\": \"@timestamp\", \"series\": [{\"fill\": 0.5, \"terms_size\": \"10000\", \"line_width\": 1, \"seperate_axis\": 0, \"formatter\": \"bytes\", \"chart_type\": \"line\", \"metrics\": [{\"field\": \"kubernetes.container.memory.usage.bytes\", \"type\": \"sum\", \"id\": \"0d5c9221-2bf2-11e7-859b-f78b612cde28\"}, {\"field\": \"0d5c9221-2bf2-11e7-859b-f78b612cde28\", \"type\": \"cumulative_sum\", \"id\": \"9f0cf900-1ffb-11e8-81f2-43be86397500\"}, {\"unit\": \"10s\", \"field\": \"9f0cf900-1ffb-11e8-81f2-43be86397500\", \"type\": \"derivative\", \"id\": \"a926e130-1ffb-11e8-81f2-43be86397500\"}], \"point_size\": 1, \"terms_order_by\": \"0d5c9221-2bf2-11e7-859b-f78b612cde28\", \"terms_field\": \"kubernetes.node.name\", \"split_mode\": \"terms\", \"color\": \"#68BC00\", \"axis_position\": \"right\", \"stacked\": \"none\", \"id\": \"0d5c9220-2bf2-11e7-859b-f78b612cde28\"}, {\"fill\": \"0\", \"terms_size\": \"10000\", \"line_width\": 1, \"hide_in_legend\": 1, \"point_size\": \"0\", \"formatter\": \"bytes\", \"chart_type\": \"line\", \"metrics\": [{\"field\": \"kubernetes.node.memory.capacity.bytes\", \"type\": \"sum\", \"id\": \"8ba3b271-31a7-11e7-84cc-096d2b38e6e5\"}, {\"field\": \"8ba3b271-31a7-11e7-84cc-096d2b38e6e5\", \"type\": \"cumulative_sum\", \"id\": \"d1fb2670-1ffb-11e8-81f2-43be86397500\"}, {\"unit\": \"10s\", \"field\": \"d1fb2670-1ffb-11e8-81f2-43be86397500\", \"type\": \"derivative\", \"id\": \"dc8b01f0-1ffb-11e8-81f2-43be86397500\"}], \"stacked\": \"none\", \"label\": \"Node capacity\", \"terms_field\": \"kubernetes.node.name\", \"split_mode\": \"terms\", \"color\": \"rgba(211,49,21,1)\", \"axis_position\": \"right\", \"terms_order_by\": \"8ba3b271-31a7-11e7-84cc-096d2b38e6e5\", \"seperate_axis\": 0, \"id\": \"8ba3b270-31a7-11e7-84cc-096d2b38e6e5\"}], \"show_legend\": 1, \"bar_color_rules\": [{\"id\": \"1373ddd0-2bf2-11e7-859b-f78b612cde28\"}], \"type\": \"timeseries\", \"axis_position\": \"left\", \"interval\": \"auto\", \"id\": \"0d5c6b10-2bf2-11e7-859b-f78b612cde28\", \"gauge_style\": \"half\", \"axis_formatter\": \"number\", \"index_pattern\": \"metricbeat-*\"}, \"title\": \"Memory usage by node  [Metricbeat Kubernetes] ECS\", \"type\": \"metrics\"}"
            },
            "id": "d6564360-2bfc-11e7-859b-f78b612cde28-ecs",
            "type": "visualization",
            "updated_at": "2018-03-04T23:15:29.035Z",
            "version": 4
        },
        {
            "attributes": {
                "description": "",
                "kibanaSavedObjectMeta": {
                    "searchSourceJSON": "{\"query\": {\"query\": \"\", \"language\": \"kuery\"}, \"filter\": []}"
                },
                "title": "Network in by node  [Metricbeat Kubernetes] ECS",
                "uiStateJSON": "{}",
                "version": 1,
                "visState": "{\"aggs\": [], \"params\": {\"gauge_width\": 10, \"filter\": \"event.module:kubernetes AND metricset.name:pod\", \"background_color_rules\": [{\"id\": \"12c1f2f0-2bf2-11e7-859b-f78b612cde28\"}], \"gauge_color_rules\": [{\"id\": \"140e4910-2bf2-11e7-859b-f78b612cde28\"}], \"gauge_inner_width\": 10, \"time_field\": \"@timestamp\", \"series\": [{\"fill\": 0.5, \"terms_size\": \"100000\", \"line_width\": 1, \"seperate_axis\": 0, \"formatter\": \"bytes\", \"chart_type\": \"line\", \"metrics\": [{\"field\": \"kubernetes.pod.network.rx.bytes\", \"type\": \"max\", \"id\": \"0d5c9221-2bf2-11e7-859b-f78b612cde28\"}, {\"unit\": \"\", \"field\": \"0d5c9221-2bf2-11e7-859b-f78b612cde28\", \"type\": \"derivative\", \"id\": \"494fc310-2bf7-11e7-859b-f78b612cde28\"}, {\"unit\": \"\", \"field\": \"494fc310-2bf7-11e7-859b-f78b612cde28\", \"type\": \"positive_only\", \"id\": \"37c72a70-3598-11e7-aa4a-8313a0c92a88\"}], \"point_size\": 1, \"label\": \"\", \"terms_field\": \"kubernetes.node.name\", \"split_mode\": \"terms\", \"color\": \"rgba(104,188,0,1)\", \"axis_position\": \"right\", \"terms_order_by\": \"0d5c9221-2bf2-11e7-859b-f78b612cde28\", \"stacked\": \"stacked\", \"id\": \"0d5c9220-2bf2-11e7-859b-f78b612cde28\"}], \"show_legend\": 1, \"bar_color_rules\": [{\"id\": \"1373ddd0-2bf2-11e7-859b-f78b612cde28\"}], \"type\": \"timeseries\", \"axis_position\": \"left\", \"interval\": \"auto\", \"id\": \"0d5c6b10-2bf2-11e7-859b-f78b612cde28\", \"gauge_style\": \"half\", \"axis_formatter\": \"number\", \"index_pattern\": \"metricbeat-*\"}, \"title\": \"Network in by node  [Metricbeat Kubernetes] ECS\", \"type\": \"metrics\", \"listeners\": {}}"
            },
            "id": "16fa4470-2bfd-11e7-859b-f78b612cde28-ecs",
            "type": "visualization",
            "updated_at": "2018-03-01T18:58:07.906Z",
            "version": 4
        },
        {
            "attributes": {
                "description": "",
                "kibanaSavedObjectMeta": {
                    "searchSourceJSON": "{\"query\": {\"query\": \"\", \"language\": \"kuery\"}, \"filter\": []}"
                },
                "title": "Network out by node  [Metricbeat Kubernetes] ECS",
                "uiStateJSON": "{}",
                "version": 1,
                "visState": "{\"aggs\": [], \"params\": {\"gauge_width\": 10, \"filter\": \"event.module:kubernetes AND metricset.name:pod\", \"background_color_rules\": [{\"id\": \"12c1f2f0-2bf2-11e7-859b-f78b612cde28\"}], \"gauge_color_rules\": [{\"id\": \"140e4910-2bf2-11e7-859b-f78b612cde28\"}], \"gauge_inner_width\": 10, \"time_field\": \"@timestamp\", \"series\": [{\"fill\": 0.5, \"terms_size\": \"10000\", \"line_width\": 1, \"seperate_axis\": 0, \"formatter\": \"bytes\", \"chart_type\": \"line\", \"metrics\": [{\"field\": \"kubernetes.pod.network.tx.bytes\", \"type\": \"max\", \"id\": \"0d5c9221-2bf2-11e7-859b-f78b612cde28\"}, {\"unit\": \"\", \"field\": \"0d5c9221-2bf2-11e7-859b-f78b612cde28\", \"type\": \"derivative\", \"id\": \"494fc310-2bf7-11e7-859b-f78b612cde28\"}, {\"unit\": \"\", \"field\": \"494fc310-2bf7-11e7-859b-f78b612cde28\", \"type\": \"positive_only\", \"id\": \"244c70e0-3598-11e7-aa4a-8313a0c92a88\"}], \"point_size\": 1, \"label\": \"\", \"terms_field\": \"kubernetes.node.name\", \"split_mode\": \"terms\", \"color\": \"rgba(104,188,0,1)\", \"axis_position\": \"right\", \"terms_order_by\": \"0d5c9221-2bf2-11e7-859b-f78b612cde28\", \"stacked\": \"stacked\", \"id\": \"0d5c9220-2bf2-11e7-859b-f78b612cde28\"}], \"show_legend\": 1, \"bar_color_rules\": [{\"id\": \"1373ddd0-2bf2-11e7-859b-f78b612cde28\"}], \"type\": \"timeseries\", \"axis_position\": \"left\", \"interval\": \"auto\", \"id\": \"0d5c6b10-2bf2-11e7-859b-f78b612cde28\", \"gauge_style\": \"half\", \"axis_formatter\": \"number\", \"index_pattern\": \"metricbeat-*\"}, \"title\": \"Network out by node  [Metricbeat Kubernetes] ECS\", \"type\": \"metrics\", \"listeners\": {}}"
            },
            "id": "294546b0-30d6-11e7-8df8-6d3604a72912-ecs",
            "type": "visualization",
            "updated_at": "2018-03-01T18:58:07.906Z",
            "version": 4
        },
        {
            "attributes": {
                "description": "",
                "kibanaSavedObjectMeta": {
                    "searchSourceJSON": "{\"query\": {\"query\": \"\", \"language\": \"kuery\"}, \"filter\": []}"
                },
                "title": "Nodes [Metricbeat Kubernetes] ECS",
                "uiStateJSON": "{}",
                "version": 1,
                "visState": "{\"aggs\": [], \"params\": {\"gauge_width\": 10, \"filter\": \"event.module:kubernetes AND metricset.name:state_node\", \"background_color_rules\": [{\"id\": \"67ee7da0-30e0-11e7-8df8-6d3604a72912\"}], \"gauge_color_rules\": [{\"id\": \"69765620-30e0-11e7-8df8-6d3604a72912\"}], \"gauge_inner_width\": 10, \"time_field\": \"@timestamp\", \"series\": [{\"fill\": 0.5, \"line_width\": 1, \"seperate_axis\": 0, \"formatter\": \"number\", \"chart_type\": \"line\", \"metrics\": [{\"field\": \"kubernetes.node.name\", \"type\": \"cardinality\", \"id\": \"4c4690b2-30e0-11e7-8df8-6d3604a72912\"}], \"point_size\": 1, \"label\": \"Nodes\", \"terms_field\": \"kubernetes.deployment.name\", \"split_mode\": \"everything\", \"color\": \"#68BC00\", \"axis_position\": \"right\", \"stacked\": \"none\", \"id\": \"4c4690b1-30e0-11e7-8df8-6d3604a72912\"}], \"show_legend\": 1, \"bar_color_rules\": [{\"id\": \"68cdba10-30e0-11e7-8df8-6d3604a72912\"}], \"type\": \"metric\", \"axis_position\": \"left\", \"interval\": \"auto\", \"id\": \"4c4690b0-30e0-11e7-8df8-6d3604a72912\", \"gauge_style\": \"half\", \"axis_formatter\": \"number\", \"index_pattern\": \"metricbeat-*\"}, \"title\": \"Nodes [Metricbeat Kubernetes] ECS\", \"type\": \"metrics\", \"listeners\": {}}"
            },
            "id": "408fccf0-30d6-11e7-8df8-6d3604a72912-ecs",
            "type": "visualization",
            "updated_at": "2018-03-01T18:58:07.906Z",
            "version": 3
        },
        {
            "attributes": {
                "description": "",
                "kibanaSavedObjectMeta": {
                    "searchSourceJSON": "{\"query\": {\"query\": \"\", \"language\": \"kuery\"}, \"filter\": []}"
                },
                "title": "Top CPU intensive pods  [Metricbeat Kubernetes] ECS",
                "uiStateJSON": "{}",
                "version": 1,
                "visState": "{\"aggs\": [], \"params\": {\"time_field\": \"@timestamp\", \"filter\": \"event.module:kubernetes AND metricset.name:container\", \"show_legend\": 1, \"bar_color_rules\": [{\"id\": \"802104d0-2bfc-11e7-859b-f78b612cde28\"}], \"type\": \"top_n\", \"axis_position\": \"left\", \"interval\": \"auto\", \"index_pattern\": \"metricbeat-*\", \"series\": [{\"fill\": 0.5, \"line_width\": 1, \"stacked\": \"none\", \"point_size\": 1, \"formatter\": \"0.0 a\", \"seperate_axis\": 0, \"chart_type\": \"line\", \"metrics\": [{\"field\": \"kubernetes.container.cpu.usage.core.ns\", \"type\": \"max\", \"id\": \"5d3692a2-2bfc-11e7-859b-f78b612cde28\"}, {\"unit\": \"1s\", \"field\": \"5d3692a2-2bfc-11e7-859b-f78b612cde28\", \"type\": \"derivative\", \"id\": \"6c905240-2bfc-11e7-859b-f78b612cde28\"}, {\"unit\": \"\", \"field\": \"6c905240-2bfc-11e7-859b-f78b612cde28\", \"type\": \"positive_only\", \"id\": \"9a51f710-359d-11e7-aa4a-8313a0c92a88\"}], \"terms_order_by\": \"5d3692a2-2bfc-11e7-859b-f78b612cde28\", \"terms_field\": \"kubernetes.pod.name\", \"override_index_pattern\": 0, \"color\": \"#68BC00\", \"axis_position\": \"right\", \"split_mode\": \"terms\", \"offset_time\": \"\", \"value_template\": \"{{value}} ns\", \"id\": \"5d3692a1-2bfc-11e7-859b-f78b612cde28\"}], \"axis_formatter\": \"number\", \"id\": \"5d3692a0-2bfc-11e7-859b-f78b612cde28\"}, \"title\": \"Top CPU intensive pods  [Metricbeat Kubernetes] ECS\", \"type\": \"metrics\", \"listeners\": {}}"
            },
            "id": "58e644f0-30d6-11e7-8df8-6d3604a72912-ecs",
            "type": "visualization",
            "updated_at": "2018-03-01T18:58:07.906Z",
            "version": 4
        },
        {
            "attributes": {
                "description": "",
                "kibanaSavedObjectMeta": {
                    "searchSourceJSON": "{\"query\": {\"query\": \"\", \"language\": \"kuery\"}, \"filter\": []}"
                },
                "title": "Top memory intensive pods  [Metricbeat Kubernetes] ECS",
                "uiStateJSON": "{}",
                "version": 1,
                "visState": "{\"aggs\": [], \"params\": {\"id\": \"5d3692a0-2bfc-11e7-859b-f78b612cde28\", \"filter\": \"event.module:kubernetes AND metricset.name:container\", \"axis_position\": \"left\", \"series\": [{\"fill\": 0.5, \"terms_size\": \"10\", \"line_width\": 1, \"stacked\": \"none\", \"point_size\": 1, \"formatter\": \"bytes\", \"seperate_axis\": 0, \"chart_type\": \"line\", \"metrics\": [{\"field\": \"kubernetes.container.memory.usage.bytes\", \"type\": \"sum\", \"id\": \"5d3692a2-2bfc-11e7-859b-f78b612cde28\"}, {\"field\": \"5d3692a2-2bfc-11e7-859b-f78b612cde28\", \"type\": \"cumulative_sum\", \"id\": \"3972e9f0-256f-11e8-84e6-87221f87ae3b\"}, {\"unit\": \"10s\", \"field\": \"3972e9f0-256f-11e8-84e6-87221f87ae3b\", \"type\": \"derivative\", \"id\": \"3e9fd5a0-256f-11e8-84e6-87221f87ae3b\"}], \"terms_order_by\": \"5d3692a2-2bfc-11e7-859b-f78b612cde28\", \"terms_field\": \"kubernetes.pod.name\", \"override_index_pattern\": 0, \"color\": \"#68BC00\", \"axis_position\": \"right\", \"split_mode\": \"terms\", \"offset_time\": \"\", \"value_template\": \"\", \"id\": \"5d3692a1-2bfc-11e7-859b-f78b612cde28\"}], \"show_legend\": 1, \"bar_color_rules\": [{\"id\": \"802104d0-2bfc-11e7-859b-f78b612cde28\"}], \"type\": \"top_n\", \"time_field\": \"@timestamp\", \"interval\": \"auto\", \"show_grid\": 1, \"axis_formatter\": \"number\", \"index_pattern\": \"metricbeat-*\"}, \"title\": \"Top memory intensive pods  [Metricbeat Kubernetes] ECS\", \"type\": \"metrics\"}"
            },
            "id": "a4c9d360-30df-11e7-8df8-6d3604a72912-ecs",
            "type": "visualization",
            "updated_at": "2018-03-11T21:00:49.028Z",
            "version": 4
        },
        {
            "attributes": {
                "description": "",
                "kibanaSavedObjectMeta": {
                    "searchSourceJSON": "{\"query\": {\"query\": \"\", \"language\": \"kuery\"}, \"filter\": []}"
                },
                "title": "Unavailable pods [Metricbeat Kubernetes] ECS",
                "uiStateJSON": "{}",
                "version": 1,
                "visState": "{\"aggs\": [], \"params\": {\"gauge_width\": \"10\", \"filter\": \"event.module:kubernetes AND metricset.name:state_deployment\", \"background_color_rules\": [{\"id\": \"508ffb30-30d5-11e7-8df8-6d3604a72912\"}], \"gauge_color_rules\": [{\"id\": \"50f9b980-30d5-11e7-8df8-6d3604a72912\"}], \"gauge_inner_width\": \"10\", \"gauge_max\": \"\", \"series\": [{\"fill\": 0.5, \"line_width\": 1, \"stacked\": \"none\", \"point_size\": 1, \"formatter\": \"number\", \"chart_type\": \"line\", \"metrics\": [{\"field\": \"kubernetes.deployment.replicas.unavailable\", \"type\": \"sum\", \"id\": \"54cf79a0-30d5-11e7-8df8-6d3604a72912\"}], \"label\": \"Unavailable Pods\", \"series_interval\": \"10s\", \"override_index_pattern\": 1, \"color\": \"#68BC00\", \"axis_position\": \"right\", \"split_mode\": \"everything\", \"seperate_axis\": 0, \"id\": \"2fe9d3b1-30d5-11e7-8df8-6d3604a72912\"}], \"time_field\": \"@timestamp\", \"show_legend\": 1, \"bar_color_rules\": [{\"id\": \"674d83b0-30d5-11e7-8df8-6d3604a72912\"}], \"type\": \"metric\", \"axis_position\": \"left\", \"interval\": \"auto\", \"index_pattern\": \"metricbeat-*\", \"gauge_style\": \"half\", \"axis_formatter\": \"number\", \"id\": \"2fe9d3b0-30d5-11e7-8df8-6d3604a72912\"}, \"title\": \"Unavailable pods [Metricbeat Kubernetes] ECS\", \"type\": \"metrics\", \"listeners\": {}}"
            },
            "id": "174a6ad0-30e0-11e7-8df8-6d3604a72912-ecs",
            "type": "visualization",
            "updated_at": "2018-03-01T18:58:07.906Z",
            "version": 3
        },
        {
            "attributes": {
                "description": "",
                "kibanaSavedObjectMeta": {
                    "searchSourceJSON": "{\"query\": {\"query\": \"\", \"language\": \"kuery\"}, \"filter\": []}"
                },
                "title": "Unavailable pods per deployment [Metricbeat Kubernetes] ECS",
                "uiStateJSON": "{}",
                "version": 1,
                "visState": "{\"aggs\": [], \"params\": {\"show_grid\": 1, \"filter\": \"event.module:kubernetes AND metricset.name:state_deployment\", \"show_legend\": 1, \"time_field\": \"@timestamp\", \"type\": \"timeseries\", \"axis_position\": \"left\", \"interval\": \"auto\", \"index_pattern\": \"metricbeat-*\", \"series\": [{\"fill\": 0.5, \"split_filters\": [{\"color\": \"#68BC00\", \"id\": \"53d35ad0-30df-11e7-8df8-6d3604a72912\"}], \"line_width\": 1, \"seperate_axis\": 0, \"formatter\": \"number\", \"terms_size\": \"10000\", \"chart_type\": \"line\", \"metrics\": [{\"field\": \"kubernetes.deployment.replicas.unavailable\", \"type\": \"avg\", \"id\": \"64456841-30df-11e7-8df8-6d3604a72912\"}], \"point_size\": 1, \"label\": \"Unavailable pods\", \"terms_field\": \"kubernetes.deployment.name\", \"split_mode\": \"terms\", \"color\": \"rgba(254,146,0,1)\", \"axis_position\": \"right\", \"stacked\": \"stacked\", \"id\": \"64456840-30df-11e7-8df8-6d3604a72912\"}], \"axis_formatter\": \"number\", \"id\": \"117fadf0-30df-11e7-8df8-6d3604a72912\"}, \"title\": \"Unavailable pods per deployment [Metricbeat Kubernetes] ECS\", \"type\": \"metrics\"}"
            },
            "id": "7aac4fd0-30e0-11e7-8df8-6d3604a72912-ecs",
            "type": "visualization",
            "updated_at": "2018-03-11T20:59:18.668Z",
            "version": 4
        },
        {
            "attributes": {
                "description": "",
                "kibanaSavedObjectMeta": {
                    "searchSourceJSON": "{\"query\": {\"query\": \"\", \"language\": \"kuery\"}, \"filter\": []}"
                },
                "title": "Available pods [Metricbeat Kubernetes] ECS",
                "uiStateJSON": "{}",
                "version": 1,
                "visState": "{\"aggs\": [], \"params\": {\"gauge_width\": \"10\", \"filter\": \"event.module:kubernetes AND metricset.name:state_deployment\", \"background_color_rules\": [{\"id\": \"508ffb30-30d5-11e7-8df8-6d3604a72912\"}], \"gauge_color_rules\": [{\"id\": \"50f9b980-30d5-11e7-8df8-6d3604a72912\"}], \"gauge_inner_width\": \"10\", \"gauge_max\": \"5\", \"series\": [{\"fill\": 0.5, \"line_width\": 1, \"stacked\": \"none\", \"point_size\": 1, \"formatter\": \"number\", \"series_index_pattern\": \"*\", \"chart_type\": \"line\", \"metrics\": [{\"field\": \"kubernetes.deployment.replicas.available\", \"type\": \"sum\", \"id\": \"54cf79a0-30d5-11e7-8df8-6d3604a72912\"}], \"series_time_field\": \"@timestamp\", \"label\": \"Available Pods\", \"series_interval\": \"10s\", \"override_index_pattern\": 1, \"color\": \"#68BC00\", \"axis_position\": \"right\", \"split_mode\": \"everything\", \"seperate_axis\": 0, \"id\": \"2fe9d3b1-30d5-11e7-8df8-6d3604a72912\"}], \"time_field\": \"@timestamp\", \"show_legend\": 1, \"bar_color_rules\": [{\"id\": \"674d83b0-30d5-11e7-8df8-6d3604a72912\"}], \"type\": \"metric\", \"axis_position\": \"left\", \"interval\": \"auto\", \"index_pattern\": \"metricbeat-*\", \"gauge_style\": \"half\", \"axis_formatter\": \"number\", \"id\": \"2fe9d3b0-30d5-11e7-8df8-6d3604a72912\"}, \"title\": \"Available pods [Metricbeat Kubernetes] ECS\", \"type\": \"metrics\", \"listeners\": {}}"
            },
            "id": "da1ff7c0-30ed-11e7-b9e5-2b5b07213ab3-ecs",
            "type": "visualization",
            "updated_at": "2018-03-01T18:58:07.906Z",
            "version": 3
        },
        {
            "attributes": {
                "description": "Overview of Kubernetes cluster metrics",
                "hits": 0,
                "kibanaSavedObjectMeta": {
                    "searchSourceJSON": "{\"query\": {\"query\": \"\", \"language\": \"kuery\"}, \"filter\": [], \"version\": true, \"highlightAll\": true}"
                },
                "optionsJSON": "{\"darkTheme\": false, \"useMargins\": false}",
                "panelsJSON": "[{\"gridData\": {\"y\": 0, \"h\": 3, \"i\": \"1\", \"w\": 6, \"x\": 6}, \"version\": \"6.2.2\", \"panelIndex\": \"1\", \"type\": \"visualization\", \"id\": \"022a54c0-2bf5-11e7-859b-f78b612cde28-ecs\"}, {\"gridData\": {\"y\": 6, \"h\": 3, \"i\": \"2\", \"w\": 6, \"x\": 0}, \"version\": \"6.2.2\", \"panelIndex\": \"2\", \"type\": \"visualization\", \"id\": \"44f12b40-2bf4-11e7-859b-f78b612cde28-ecs\"}, {\"gridData\": {\"y\": 0, \"h\": 3, \"i\": \"5\", \"w\": 3, \"x\": 3}, \"version\": \"6.2.2\", \"panelIndex\": \"5\", \"type\": \"visualization\", \"id\": \"cd059410-2bfb-11e7-859b-f78b612cde28-ecs\"}, {\"gridData\": {\"y\": 3, \"h\": 3, \"i\": \"6\", \"w\": 2, \"x\": 0}, \"version\": \"6.2.2\", \"panelIndex\": \"6\", \"type\": \"visualization\", \"id\": \"e1018b90-2bfb-11e7-859b-f78b612cde28-ecs\"}, {\"gridData\": {\"y\": 6, \"h\": 3, \"i\": \"7\", \"w\": 6, \"x\": 6}, \"version\": \"6.2.2\", \"panelIndex\": \"7\", \"type\": \"visualization\", \"id\": \"d6564360-2bfc-11e7-859b-f78b612cde28-ecs\"}, {\"gridData\": {\"y\": 9, \"h\": 3, \"i\": \"8\", \"w\": 6, \"x\": 6}, \"version\": \"6.2.2\", \"panelIndex\": \"8\", \"type\": \"visualization\", \"id\": \"16fa4470-2bfd-11e7-859b-f78b612cde28-ecs\"}, {\"gridData\": {\"y\": 9, \"h\": 3, \"i\": \"9\", \"w\": 6, \"x\": 0}, \"version\": \"6.2.2\", \"panelIndex\": \"9\", \"type\": \"visualization\", \"id\": \"294546b0-30d6-11e7-8df8-6d3604a72912-ecs\"}, {\"gridData\": {\"y\": 0, \"h\": 3, \"i\": \"10\", \"w\": 3, \"x\": 0}, \"version\": \"6.2.2\", \"panelIndex\": \"10\", \"type\": \"visualization\", \"id\": \"408fccf0-30d6-11e7-8df8-6d3604a72912-ecs\"}, {\"gridData\": {\"y\": 12, \"h\": 3, \"i\": \"11\", \"w\": 6, \"x\": 0}, \"version\": \"6.2.2\", \"panelIndex\": \"11\", \"type\": \"visualization\", \"id\": \"58e644f0-30d6-11e7-8df8-6d3604a72912-ecs\"}, {\"gridData\": {\"y\": 12, \"h\": 3, \"i\": \"12\", \"w\": 6, \"x\": 6}, \"version\": \"6.2.2\", \"panelIndex\": \"12\", \"type\": \"visualization\", \"id\": \"a4c9d360-30df-11e7-8df8-6d3604a72912-ecs\"}, {\"gridData\": {\"y\": 3, \"h\": 3, \"i\": \"13\", \"w\": 2, \"x\": 4}, \"version\": \"6.2.2\", \"panelIndex\": \"13\", \"type\": \"visualization\", \"id\": \"174a6ad0-30e0-11e7-8df8-6d3604a72912-ecs\"}, {\"gridData\": {\"y\": 3, \"h\": 3, \"i\": \"14\", \"w\": 6, \"x\": 6}, \"version\": \"6.2.2\", \"panelIndex\": \"14\", \"type\": \"visualization\", \"id\": \"7aac4fd0-30e0-11e7-8df8-6d3604a72912-ecs\"}, {\"gridData\": {\"y\": 3, \"h\": 3, \"i\": \"15\", \"w\": 2, \"x\": 2}, \"version\": \"6.2.2\", \"panelIndex\": \"15\", \"type\": \"visualization\", \"id\": \"da1ff7c0-30ed-11e7-b9e5-2b5b07213ab3-ecs\"}]",
                "timeRestore": false,
                "title": "[Metricbeat Kubernetes] Overview ECS",
                "version": 1
            },
            "id": "AV4RGUqo5NkDleZmzKuZ-ecs",
            "type": "dashboard",
            "updated_at": "2018-03-11T21:00:58.354Z",
            "version": 4
        }
    ],
    "version": "6.2.2"
}