{
    "objects": [
        {
            "attributes": {
                "description": "",
                "kibanaSavedObjectMeta": {
                    "searchSourceJSON": "{\"filter\": []}"
                },
                "savedSearchId": "Metricbeat-Rabbitmq-ecs",
                "title": "Memory Usage [Metricbeat RabbitMQ] ECS",
                "uiStateJSON": "{}",
                "version": 1,
                "visState": "{\"aggs\": [{\"params\": {\"json\": \"\", \"field\": \"rabbitmq.node.mem.used.bytes\", \"customLabel\": \"Used memory\"}, \"schema\": \"metric\", \"enabled\": true, \"type\": \"max\", \"id\": \"1\"}, {\"params\": {\"customInterval\": \"30s\", \"interval\": \"custom\", \"extended_bounds\": {}, \"field\": \"@timestamp\", \"min_doc_count\": 1}, \"schema\": \"segment\", \"enabled\": true, \"type\": \"date_histogram\", \"id\": \"3\"}, {\"params\": {\"size\": 5, \"orderBy\": \"1\", \"order\": \"desc\", \"field\": \"rabbitmq.node.name\", \"customLabel\": \"Node name\"}, \"schema\": \"group\", \"enabled\": true, \"type\": \"terms\", \"id\": \"4\"}], \"params\": {\"setYExtents\": false, \"yAxis\": {}, \"scale\": \"linear\", \"defaultYExtents\": true, \"radiusRatio\": 9, \"showCircles\": false, \"addLegend\": true, \"shareYAxis\": true, \"times\": [], \"interpolate\": \"linear\", \"drawLinesBetweenPoints\": true, \"addTooltip\": true, \"smoothLines\": true, \"legendPosition\": \"top\", \"addTimeMarker\": false}, \"title\": \"RabbitMQ Memory Usage ECS\", \"type\": \"line\", \"listeners\": {}}"
            },
            "id": "RabbitMQ-Memory-Usage-ecs",
            "type": "visualization",
            "version": 2
        },
        {
            "attributes": {
                "description": "",
                "kibanaSavedObjectMeta": {
                    "searchSourceJSON": "{\"filter\": []}"
                },
                "savedSearchId": "Metricbeat-Rabbitmq-ecs",
                "title": "Number of Nodes [Metricbeat RabbitMQ] ECS",
                "uiStateJSON": "{}",
                "version": 1,
                "visState": "{\"aggs\": [{\"params\": {\"field\": \"rabbitmq.node.name\", \"customLabel\": \"RabbitMQ Nodes\"}, \"schema\": \"metric\", \"enabled\": true, \"type\": \"cardinality\", \"id\": \"1\"}], \"params\": {\"handleNoResults\": true, \"fontSize\": 60}, \"title\": \"Rabbitmq Number of Nodes ECS\", \"type\": \"metric\", \"listeners\": {}}"
            },
            "id": "Rabbitmq-Number-of-Nodes-ecs",
            "type": "visualization",
            "version": 2
        },
        {
            "attributes": {
                "description": "",
                "kibanaSavedObjectMeta": {
                    "searchSourceJSON": "{\"filter\": []}"
                },
                "savedSearchId": "Metricbeat-Rabbitmq-ecs",
                "title": "Erlang Process Usage [Metricbeat RabbitMQ] ECS",
                "uiStateJSON": "{}",
                "version": 1,
                "visState": "{\"aggs\": [{\"params\": {\"field\": \"rabbitmq.node.proc.used\", \"customLabel\": \"Used Process\"}, \"schema\": \"metric\", \"enabled\": true, \"type\": \"max\", \"id\": \"1\"}, {\"params\": {\"customInterval\": \"30s\", \"interval\": \"custom\", \"extended_bounds\": {}, \"field\": \"@timestamp\", \"min_doc_count\": 1}, \"schema\": \"segment\", \"enabled\": true, \"type\": \"date_histogram\", \"id\": \"3\"}, {\"params\": {\"size\": 5, \"orderBy\": \"1\", \"order\": \"desc\", \"field\": \"rabbitmq.node.name\", \"customLabel\": \"Node name\"}, \"schema\": \"group\", \"enabled\": true, \"type\": \"terms\", \"id\": \"4\"}], \"params\": {\"setYExtents\": false, \"yAxis\": {}, \"scale\": \"linear\", \"defaultYExtents\": false, \"radiusRatio\": 9, \"showCircles\": false, \"addLegend\": true, \"shareYAxis\": true, \"times\": [], \"interpolate\": \"linear\", \"drawLinesBetweenPoints\": true, \"addTooltip\": true, \"smoothLines\": true, \"legendPosition\": \"top\", \"addTimeMarker\": false}, \"title\": \"RabbitMQ Erlang Process Usage ECS\", \"type\": \"line\", \"listeners\": {}}"
            },
            "id": "RabbitMQ-Erlang-Process-Usage-ecs",
            "type": "visualization",
            "version": 2
        },
        {
            "attributes": {
                "description": "",
                "kibanaSavedObjectMeta": {
                    "searchSourceJSON": "{\"filter\": []}"
                },
                "savedSearchId": "Metricbeat-Rabbitmq-ecs",
                "title": "Queue Index Operations [Metricbeat RabbitMQ] ECS",
                "uiStateJSON": "{}",
                "version": 1,
                "visState": "{\"aggs\": [{\"params\": {\"field\": \"rabbitmq.node.queue.index.read.count\", \"customLabel\": \"Queue Index Read\"}, \"schema\": \"metric\", \"enabled\": true, \"type\": \"max\", \"id\": \"1\"}, {\"params\": {\"customInterval\": \"30s\", \"interval\": \"custom\", \"extended_bounds\": {}, \"field\": \"@timestamp\", \"min_doc_count\": 1}, \"schema\": \"segment\", \"enabled\": true, \"type\": \"date_histogram\", \"id\": \"2\"}, {\"params\": {\"field\": \"rabbitmq.node.queue.index.journal_write.count\", \"customLabel\": \"Queue Index Jornal Write\"}, \"schema\": \"metric\", \"enabled\": true, \"type\": \"max\", \"id\": \"3\"}, {\"params\": {\"field\": \"rabbitmq.node.queue.index.write.count\", \"customLabel\": \"Queue Index Write\"}, \"schema\": \"metric\", \"enabled\": true, \"type\": \"max\", \"id\": \"4\"}], \"params\": {\"setYExtents\": false, \"grid\": {\"style\": {\"color\": \"#eee\"}, \"categoryLines\": false}, \"scale\": \"linear\", \"defaultYExtents\": false, \"valueAxes\": [{\"style\": {}, \"name\": \"LeftAxis-1\", \"type\": \"value\", \"scale\": {\"type\": \"linear\", \"mode\": \"normal\"}, \"id\": \"ValueAxis-1\", \"title\": {\"text\": \"Count\"}, \"labels\": {\"rotate\": 0, \"filter\": false, \"truncate\": 100, \"show\": true}, \"show\": true, \"position\": \"left\"}], \"radiusRatio\": 9, \"showCircles\": false, \"type\": \"line\", \"addLegend\": true, \"shareYAxis\": true, \"categoryAxes\": [{\"style\": {}, \"title\": {}, \"type\": \"category\", \"scale\": {\"type\": \"linear\"}, \"id\": \"CategoryAxis-1\", \"labels\": {\"truncate\": 100, \"show\": true}, \"show\": true, \"position\": \"bottom\"}], \"seriesParams\": [{\"data\": {\"label\": \"Count\", \"id\": \"1\"}, \"type\": \"line\", \"drawLinesBetweenPoints\": true, \"valueAxis\": \"ValueAxis-1\", \"showCircles\": true, \"show\": \"true\", \"mode\": \"normal\"}], \"interpolate\": \"linear\", \"drawLinesBetweenPoints\": true, \"addTooltip\": true, \"times\": [], \"yAxis\": {}, \"smoothLines\": false, \"legendPosition\": \"top\", \"addTimeMarker\": false}, \"title\": \"Queue Index Operations [Metricbeat RabbitMQ] ECS\", \"type\": \"line\"}"
            },
            "id": "RabbitMQ-Queue-Index-Operations-ecs",
            "type": "visualization",
            "version": 2
        },
        {
            "attributes": {
                "description": "",
                "hits": 0,
                "kibanaSavedObjectMeta": {
                    "searchSourceJSON": "{\"highlight\": {\"post_tags\": [\"@/kibana-highlighted-field@\"], \"fragment_size\": 2147483647, \"require_field_match\": false, \"fields\": {\"*\": {}}, \"pre_tags\": [\"@kibana-highlighted-field@\"]}, \"query\": {\"query\": \"event.module:rabbitmq\", \"language\": \"kuery\"}, \"filter\": [], \"index\": \"metricbeat-*\"}"
                },
                "sort": [
                    "@timestamp",
                    "desc"
                ],
                "title": "Metricbeat Rabbitmq ECS",
                "version": 1
            },
            "id": "Metricbeat-Rabbitmq-ecs",
            "type": "search",
            "version": 1
        },
        {
            "attributes": {
                "description": "Overview of RabbitMQ status",
                "hits": 0,
                "kibanaSavedObjectMeta": {
                    "searchSourceJSON": "{\"query\": {\"query\": \"\", \"language\": \"kuery\"}, \"filter\": [], \"version\": true, \"highlightAll\": true}"
                },
                "optionsJSON": "{\"darkTheme\": false}",
                "panelsJSON": "[{\"type\": \"visualization\", \"row\": 1, \"size_y\": 3, \"id\": \"RabbitMQ-Memory-Usage-ecs\", \"col\": 1, \"panelIndex\": 8, \"size_x\": 6}, {\"type\": \"visualization\", \"row\": 1, \"size_y\": 3, \"id\": \"Rabbitmq-Number-of-Nodes-ecs\", \"col\": 8, \"panelIndex\": 2, \"size_x\": 3}, {\"type\": \"visualization\", \"row\": 4, \"size_y\": 3, \"id\": \"RabbitMQ-Erlang-Process-Usage-ecs\", \"col\": 1, \"panelIndex\": 10, \"size_x\": 6}, {\"type\": \"visualization\", \"row\": 4, \"size_y\": 3, \"id\": \"RabbitMQ-Queue-Index-Operations-ecs\", \"col\": 7, \"panelIndex\": 9, \"size_x\": 6}]",
                "timeRestore": false,
                "title": "[Metricbeat RabbitMQ] Overview ECS",
                "uiStateJSON": "{\"P-2\": {\"vis\": {\"defaultColors\": {\"0 - 100\": \"rgb(0,104,55)\"}}}}",
                "version": 1
            },
            "id": "AV4YobKIge1VCbKU_qVo-ecs",
            "type": "dashboard",
            "version": 2
        }
    ],
    "version": "6.0.0-beta1-SNAPSHOT"
}