{
    "objects": [
        {
            "attributes": {
                "description": "This PostgreSQL dashboard shows the most important database related metrics.\n\n",
                "hits": 0,
                "kibanaSavedObjectMeta": {
                    "searchSourceJSON": "{\"query\": {\"query\": \"\", \"language\": \"kuery\"}, \"filter\": []}"
                },
                "optionsJSON": "{\"hidePanelTitles\": false, \"useMargins\": true}",
                "panelsJSON": "[{\"title\": \"Query Latency\", \"embeddableConfig\": {\"title\": \"Query Latency\"}, \"gridData\": {\"y\": 6, \"h\": 13, \"i\": \"1\", \"w\": 24, \"x\": 0}, \"panelRefName\": \"panel_0\", \"panelIndex\": \"1\", \"version\": \"7.3.1\"}, {\"title\": \"Database Transactions\", \"embeddableConfig\": {\"title\": \"Database Transactions\"}, \"gridData\": {\"y\": 0, \"h\": 12, \"i\": \"2\", \"w\": 24, \"x\": 24}, \"panelRefName\": \"panel_1\", \"panelIndex\": \"2\", \"version\": \"7.3.1\"}, {\"title\": \"Fileblock IO\", \"embeddableConfig\": {\"title\": \"Fileblock IO\"}, \"gridData\": {\"y\": 19, \"h\": 10, \"i\": \"3\", \"w\": 24, \"x\": 0}, \"panelRefName\": \"panel_2\", \"panelIndex\": \"3\", \"version\": \"7.3.1\"}, {\"title\": \"Rows Fetched/Returned\", \"embeddableConfig\": {\"title\": \"Rows Fetched/Returned\"}, \"gridData\": {\"y\": 0, \"h\": 6, \"i\": \"4\", \"w\": 14, \"x\": 10}, \"panelRefName\": \"panel_3\", \"panelIndex\": \"4\", \"version\": \"7.3.1\"}, {\"title\": \"Rows Inserted/Deleted/Updated\", \"embeddableConfig\": {\"title\": \"Rows Inserted/Deleted/Updated\"}, \"gridData\": {\"y\": 22, \"h\": 9, \"i\": \"5\", \"w\": 24, \"x\": 24}, \"panelRefName\": \"panel_4\", \"panelIndex\": \"5\", \"version\": \"7.3.1\"}, {\"title\": \"Conflict/Deadlock Rates\", \"embeddableConfig\": {\"title\": \"Conflict/Deadlock Rates\"}, \"gridData\": {\"y\": 29, \"h\": 11, \"i\": \"6\", \"w\": 24, \"x\": 0}, \"panelRefName\": \"panel_5\", \"panelIndex\": \"6\", \"version\": \"7.3.1\"}, {\"title\": \"Database Filter\", \"embeddableConfig\": {\"title\": \"Database Filter\"}, \"gridData\": {\"y\": 0, \"h\": 6, \"i\": \"7\", \"w\": 10, \"x\": 0}, \"panelRefName\": \"panel_6\", \"panelIndex\": \"7\", \"version\": \"7.3.1\"}, {\"title\": \"Top Queries\", \"embeddableConfig\": {\"title\": \"Top Queries\"}, \"gridData\": {\"y\": 12, \"h\": 10, \"i\": \"8\", \"w\": 24, \"x\": 24}, \"panelRefName\": \"panel_7\", \"panelIndex\": \"8\", \"version\": \"7.3.1\"}, {\"title\": \"Local block cache stats\", \"embeddableConfig\": {\"title\": \"Local block cache stats\"}, \"gridData\": {\"y\": 31, \"h\": 9, \"i\": \"9\", \"w\": 12, \"x\": 24}, \"panelRefName\": \"panel_8\", \"panelIndex\": \"9\", \"version\": \"7.3.1\"}, {\"title\": \"Shared block cache stats\", \"embeddableConfig\": {\"title\": \"Shared block cache stats\"}, \"gridData\": {\"y\": 31, \"h\": 9, \"i\": \"10\", \"w\": 12, \"x\": 36}, \"panelRefName\": \"panel_9\", \"panelIndex\": \"10\", \"version\": \"7.3.1\"}]",
                "timeRestore": false,
                "title": "[Metricbeat PostgreSQL] Database Overview",
                "version": 1
            },
            "id": "4288b790-b79f-11e9-a579-f5c0a5d81340",
            "migrationVersion": {
                "dashboard": "7.3.0"
            },
            "references": [
                {
                    "id": "fbfa67e0-b796-11e9-a579-f5c0a5d81340",
                    "name": "panel_0",
                    "type": "visualization"
                },
                {
                    "id": "d733c630-b797-11e9-a579-f5c0a5d81340",
                    "name": "panel_1",
                    "type": "visualization"
                },
                {
                    "id": "570973a0-b798-11e9-a579-f5c0a5d81340",
                    "name": "panel_2",
                    "type": "visualization"
                },
                {
                    "id": "66d67200-b799-11e9-a579-f5c0a5d81340",
                    "name": "panel_3",
                    "type": "visualization"
                },
                {
                    "id": "20931ef0-b79a-11e9-a579-f5c0a5d81340",
                    "name": "panel_4",
                    "type": "visualization"
                },
                {
                    "id": "960ecdf0-b79a-11e9-a579-f5c0a5d81340",
                    "name": "panel_5",
                    "type": "visualization"
                },
                {
                    "id": "98e6b0a0-b79b-11e9-a579-f5c0a5d81340",
                    "name": "panel_6",
                    "type": "visualization"
                },
                {
                    "id": "147875b0-b903-11e9-a579-f5c0a5d81340",
                    "name": "panel_7",
                    "type": "visualization"
                },
                {
                    "id": "0cb65170-b909-11e9-a579-f5c0a5d81340",
                    "name": "panel_8",
                    "type": "visualization"
                },
                {
                    "id": "e2b28ce0-b908-11e9-a579-f5c0a5d81340",
                    "name": "panel_9",
                    "type": "visualization"
                }
            ],
            "type": "dashboard",
            "updated_at": "2020-02-06T12:05:20.696Z",
            "version": "WzQzNTYsMV0="
        },
        {
            "attributes": {
                "description": "",
                "kibanaSavedObjectMeta": {
                    "searchSourceJSON": "{\"query\": {\"query\": \"\", \"language\": \"kuery\"}, \"filter\": []}"
                },
                "title": "Query Latency [Metricbeat PostgreSQL] ECS",
                "uiStateJSON": "{}",
                "version": 1,
                "visState": "{\"aggs\": [], \"params\": {\"show_grid\": 1, \"default_timefield\": \"@timestamp\", \"filter\": {\"query\": \"\", \"language\": \"kuery\"}, \"default_index_pattern\": \"metricbeat-*\", \"time_field\": \"@timestamp\", \"series\": [{\"fill\": \"0.1\", \"terms_size\": \"10\", \"line_width\": 2, \"filter\": {\"query\": \"not postgresql.statement.query.text : (\\\"BEGIN;\\\" or \\\"begin\\\" or \\\"commit\\\" or \\\"end\\\" or \\\"END;\\\" or \\\"SELECT * FROM pg_stat_statements\\\" or \\\"SELECT * FROM pg_stat_database\\\" or \\\"SELECT * FROM pg_stat_bgwriter\\\" or \\\"SELECT * FROM pg_stat_activity\\\")\", \"language\": \"kuery\"}, \"point_size\": 0, \"formatter\": \"number\", \"chart_type\": \"line\", \"separate_axis\": 0, \"metrics\": [{\"field\": \"postgresql.statement.query.time.total.ms\", \"type\": \"max\", \"id\": \"919c7c80-b796-11e9-8ed3-ef1959e6b366\"}, {\"unit\": \"1s\", \"field\": \"919c7c80-b796-11e9-8ed3-ef1959e6b366\", \"type\": \"derivative\", \"id\": \"9e553c60-b79f-11e9-9029-a9d302b79ec2\"}, {\"unit\": \"\", \"field\": \"9e553c60-b79f-11e9-9029-a9d302b79ec2\", \"type\": \"positive_only\", \"id\": \"a58b6590-b79f-11e9-9029-a9d302b79ec2\"}], \"stacked\": \"none\", \"label\": \"Query Latency\", \"terms_field\": \"postgresql.statement.query.text\", \"split_mode\": \"terms\", \"color\": \"rgba(0,156,224,1)\", \"type\": \"timeseries\", \"axis_position\": \"right\", \"terms_order_by\": \"919c7c80-b796-11e9-8ed3-ef1959e6b366\", \"split_color_mode\": \"rainbow\", \"value_template\": \"{{value}}\", \"id\": \"919c5571-b796-11e9-8ed3-ef1959e6b366\"}], \"show_legend\": 1, \"isModelInvalid\": false, \"axis_scale\": \"normal\", \"type\": \"timeseries\", \"axis_position\": \"left\", \"interval\": \"auto\", \"id\": \"919c5570-b796-11e9-8ed3-ef1959e6b366\", \"axis_formatter\": \"number\", \"index_pattern\": \"metricbeat-*\"}, \"title\": \"Query Latency [Metricbeat PostgreSQL] ECS\", \"type\": \"metrics\"}"
            },
            "id": "fbfa67e0-b796-11e9-a579-f5c0a5d81340",
            "migrationVersion": {
                "visualization": "7.4.2"
            },
            "references": [],
            "type": "visualization",
            "updated_at": "2020-02-06T11:59:01.903Z",
            "version": "WzQzNTAsMV0="
        },
        {
            "attributes": {
                "description": "",
                "kibanaSavedObjectMeta": {
                    "searchSourceJSON": "{\"query\": {\"query\": \"\", \"language\": \"kuery\"}, \"filter\": []}"
                },
                "title": "Database Transactions [Metricbeat PostgreSQL] ECS",
                "uiStateJSON": "{}",
                "version": 1,
                "visState": "{\"aggs\": [], \"params\": {\"show_grid\": 1, \"default_timefield\": \"@timestamp\", \"filter\": {\"query\": \"\", \"language\": \"kuery\"}, \"default_index_pattern\": \"metricbeat-*\", \"time_field\": \"@timestamp\", \"series\": [{\"fill\": 0, \"line_width\": 2, \"point_size\": 0, \"formatter\": \"number\", \"color\": \"rgba(104,188,0,1)\", \"chart_type\": \"line\", \"metrics\": [{\"field\": \"postgresql.database.transactions.commit\", \"type\": \"max\", \"id\": \"7af01592-b797-11e9-8816-2992f1df7a62\"}, {\"unit\": \"1s\", \"field\": \"7af01592-b797-11e9-8816-2992f1df7a62\", \"type\": \"derivative\", \"id\": \"7af01594-b797-11e9-8816-2992f1df7a62\"}, {\"field\": \"7af01594-b797-11e9-8816-2992f1df7a62\", \"type\": \"positive_only\", \"id\": \"7af01593-b797-11e9-8816-2992f1df7a62\"}], \"label\": \"committed\", \"split_mode\": \"everything\", \"separate_axis\": 0, \"type\": \"timeseries\", \"axis_position\": \"right\", \"stacked\": \"none\", \"value_template\": \"{{value}}\", \"id\": \"7af01591-b797-11e9-8816-2992f1df7a62\"}, {\"fill\": 0, \"line_width\": 2, \"point_size\": 0, \"formatter\": \"number\", \"color\": \"rgba(254,146,0,1)\", \"chart_type\": \"line\", \"metrics\": [{\"field\": \"postgresql.database.transactions.rollback\", \"type\": \"max\", \"id\": \"7af01596-b797-11e9-8816-2992f1df7a62\"}, {\"unit\": \"1s\", \"field\": \"7af01596-b797-11e9-8816-2992f1df7a62\", \"type\": \"derivative\", \"id\": \"7af01598-b797-11e9-8816-2992f1df7a62\"}, {\"field\": \"7af01598-b797-11e9-8816-2992f1df7a62\", \"type\": \"positive_only\", \"id\": \"7af01597-b797-11e9-8816-2992f1df7a62\"}], \"label\": \"rolled back\", \"split_mode\": \"everything\", \"separate_axis\": 0, \"type\": \"timeseries\", \"axis_position\": \"right\", \"stacked\": \"none\", \"value_template\": \"{{value}}\", \"id\": \"7af01595-b797-11e9-8816-2992f1df7a62\"}], \"show_legend\": 1, \"isModelInvalid\": false, \"axis_scale\": \"normal\", \"type\": \"timeseries\", \"axis_position\": \"left\", \"interval\": \"auto\", \"id\": \"7af01590-b797-11e9-8816-2992f1df7a62\", \"axis_formatter\": \"number\", \"index_pattern\": \"metricbeat-*\"}, \"title\": \"Database Transactions [Metricbeat PostgreSQL] ECS\", \"type\": \"metrics\"}"
            },
            "id": "d733c630-b797-11e9-a579-f5c0a5d81340",
            "migrationVersion": {
                "visualization": "7.4.2"
            },
            "references": [],
            "type": "visualization",
            "updated_at": "2020-02-05T15:49:18.236Z",
            "version": "WzQzMTIsMV0="
        },
        {
            "attributes": {
                "description": "",
                "kibanaSavedObjectMeta": {
                    "searchSourceJSON": "{\"query\": {\"query\": \"\", \"language\": \"kuery\"}, \"filter\": []}"
                },
                "title": "Fileblock IO Rate [Metricbeat PostgreSQL] ECS",
                "uiStateJSON": "{}",
                "version": 1,
                "visState": "{\"aggs\": [], \"params\": {\"show_grid\": 1, \"default_timefield\": \"@timestamp\", \"filter\": {\"query\": \"\", \"language\": \"kuery\"}, \"default_index_pattern\": \"metricbeat-*\", \"time_field\": \"@timestamp\", \"series\": [{\"fill\": 0, \"line_width\": 2, \"point_size\": 0, \"formatter\": \"number\", \"color\": \"rgba(252,196,0,1)\", \"chart_type\": \"line\", \"metrics\": [{\"field\": \"postgresql.database.blocks.time.read.ms\", \"type\": \"max\", \"id\": \"fbc27282-b797-11e9-b46b-4f80f005c4a5\"}, {\"unit\": \"1s\", \"field\": \"fbc27282-b797-11e9-b46b-4f80f005c4a5\", \"type\": \"derivative\", \"id\": \"fbc27284-b797-11e9-b46b-4f80f005c4a5\"}, {\"field\": \"fbc27284-b797-11e9-b46b-4f80f005c4a5\", \"type\": \"positive_only\", \"id\": \"fbc27283-b797-11e9-b46b-4f80f005c4a5\"}], \"label\": \"read\", \"split_mode\": \"everything\", \"separate_axis\": 0, \"type\": \"timeseries\", \"axis_position\": \"right\", \"stacked\": \"none\", \"value_template\": \"{{value}} ms\", \"id\": \"fbc27281-b797-11e9-b46b-4f80f005c4a5\"}, {\"fill\": 0, \"line_width\": 2, \"point_size\": 0, \"formatter\": \"number\", \"color\": \"rgba(123,100,255,1)\", \"chart_type\": \"line\", \"metrics\": [{\"field\": \"postgresql.database.blocks.time.write.ms\", \"type\": \"max\", \"id\": \"fbc27286-b797-11e9-b46b-4f80f005c4a5\"}, {\"unit\": \"1s\", \"field\": \"fbc27286-b797-11e9-b46b-4f80f005c4a5\", \"type\": \"derivative\", \"id\": \"fbc27288-b797-11e9-b46b-4f80f005c4a5\"}, {\"field\": \"fbc27288-b797-11e9-b46b-4f80f005c4a5\", \"type\": \"positive_only\", \"id\": \"fbc27287-b797-11e9-b46b-4f80f005c4a5\"}], \"label\": \"write\", \"split_mode\": \"everything\", \"separate_axis\": 0, \"type\": \"timeseries\", \"axis_position\": \"right\", \"stacked\": \"none\", \"value_template\": \"{{value}} ms\", \"id\": \"fbc27285-b797-11e9-b46b-4f80f005c4a5\"}], \"show_legend\": 1, \"isModelInvalid\": false, \"axis_scale\": \"normal\", \"type\": \"timeseries\", \"axis_position\": \"left\", \"interval\": \"auto\", \"id\": \"fbc27280-b797-11e9-b46b-4f80f005c4a5\", \"axis_formatter\": \"number\", \"index_pattern\": \"metricbeat-*\"}, \"title\": \"Fileblock IO Rate [Metricbeat PostgreSQL] ECS\", \"type\": \"metrics\"}"
            },
            "id": "570973a0-b798-11e9-a579-f5c0a5d81340",
            "migrationVersion": {
                "visualization": "7.4.2"
            },
            "references": [],
            "type": "visualization",
            "updated_at": "2020-02-05T19:01:54.390Z",
            "version": "WzQzMjQsMV0="
        },
        {
            "attributes": {
                "description": "",
                "kibanaSavedObjectMeta": {
                    "searchSourceJSON": "{\"query\": {\"query\": \"\", \"language\": \"kuery\"}, \"filter\": []}"
                },
                "title": "Rows Fetched/Returned [Metricbeat PostgreSQL] ECS",
                "uiStateJSON": "{}",
                "version": 1,
                "visState": "{\"aggs\": [], \"params\": {\"show_grid\": 1, \"default_timefield\": \"@timestamp\", \"filter\": {\"query\": \"\", \"language\": \"kuery\"}, \"background_color_rules\": [{\"id\": \"bec42b70-b798-11e9-af2f-3be5a91b64a6\"}], \"gauge_width\": 10, \"gauge_color_rules\": [{\"id\": \"ada89790-b798-11e9-af2f-3be5a91b64a6\"}], \"gauge_inner_width\": 10, \"time_field\": \"@timestamp\", \"default_index_pattern\": \"metricbeat-*\", \"interval\": \"auto\", \"series\": [{\"fill\": 0, \"line_width\": 2, \"filter\": {\"query\": \"\", \"language\": \"kuery\"}, \"point_size\": 0, \"formatter\": \"'0.0 a'\", \"chart_type\": \"line\", \"separate_axis\": 0, \"metrics\": [{\"type\": \"max\", \"field\": \"postgresql.database.rows.returned\", \"percentiles\": [{\"shade\": 0.2, \"mode\": \"line\", \"value\": 50, \"id\": \"b507cc90-b798-11e9-af2f-3be5a91b64a6\"}], \"id\": \"a6981ed2-b798-11e9-a598-8baa89257193\"}, {\"unit\": \"1\", \"field\": \"a6981ed2-b798-11e9-a598-8baa89257193\", \"type\": \"derivative\", \"id\": \"ed6f33d0-b8ff-11e9-8645-31d6a6d28728\"}, {\"unit\": \"\", \"field\": \"ed6f33d0-b8ff-11e9-8645-31d6a6d28728\", \"type\": \"positive_only\", \"id\": \"f58b9e50-b8ff-11e9-8645-31d6a6d28728\"}], \"label\": \"Rows Returned\", \"split_mode\": \"everything\", \"color\": \"rgba(164,221,0,1)\", \"type\": \"timeseries\", \"axis_position\": \"right\", \"stacked\": \"none\", \"value_template\": \"{{value}}\", \"id\": \"a6981ed1-b798-11e9-a598-8baa89257193\"}, {\"fill\": 0, \"line_width\": 2, \"point_size\": 0, \"formatter\": \"number\", \"color\": \"rgba(0,156,224,1)\", \"chart_type\": \"line\", \"metrics\": [{\"field\": \"postgresql.database.rows.fetched\", \"type\": \"max\", \"id\": \"a6981ed4-b798-11e9-a598-8baa89257193\"}, {\"unit\": \"1s\", \"field\": \"a6981ed4-b798-11e9-a598-8baa89257193\", \"type\": \"derivative\", \"id\": \"064737e0-b900-11e9-8645-31d6a6d28728\"}, {\"unit\": \"\", \"field\": \"064737e0-b900-11e9-8645-31d6a6d28728\", \"type\": \"positive_only\", \"id\": \"0fea1b50-b900-11e9-8645-31d6a6d28728\"}], \"label\": \"Rows Fetched\", \"split_mode\": \"everything\", \"separate_axis\": 0, \"type\": \"timeseries\", \"axis_position\": \"right\", \"stacked\": \"none\", \"value_template\": \"{{value}}\", \"id\": \"a6981ed3-b798-11e9-a598-8baa89257193\"}], \"isModelInvalid\": false, \"show_legend\": 1, \"bar_color_rules\": [{\"id\": \"cc80b5d0-b798-11e9-af2f-3be5a91b64a6\"}], \"type\": \"timeseries\", \"axis_position\": \"left\", \"index_pattern\": \"metricbeat-*\", \"id\": \"a6981ed0-b798-11e9-a598-8baa89257193\", \"gauge_style\": \"half\", \"axis_formatter\": \"number\", \"axis_scale\": \"normal\"}, \"title\": \"Rows Fetched/Returned [Metricbeat PostgreSQL] ECS\", \"type\": \"metrics\"}"
            },
            "id": "66d67200-b799-11e9-a579-f5c0a5d81340",
            "migrationVersion": {
                "visualization": "7.4.2"
            },
            "references": [],
            "type": "visualization",
            "updated_at": "2020-02-06T11:56:03.315Z",
            "version": "WzQzNDYsMV0="
        },
        {
            "attributes": {
                "description": "",
                "kibanaSavedObjectMeta": {
                    "searchSourceJSON": "{\"query\": {\"query\": \"\", \"language\": \"kuery\"}, \"filter\": []}"
                },
                "title": "Rows Inserted/Deleted/Updated [Metricbeat PostgreSQL] ECS",
                "uiStateJSON": "{}",
                "version": 1,
                "visState": "{\"aggs\": [], \"params\": {\"show_grid\": 1, \"default_timefield\": \"@timestamp\", \"filter\": {\"query\": \"\", \"language\": \"kuery\"}, \"default_index_pattern\": \"metricbeat-*\", \"time_field\": \"@timestamp\", \"series\": [{\"fill\": 0, \"line_width\": 2, \"point_size\": 0, \"formatter\": \"number\", \"color\": \"#3185FC\", \"chart_type\": \"line\", \"metrics\": [{\"field\": \"postgresql.database.rows.inserted\", \"type\": \"max\", \"id\": \"fc474802-b799-11e9-bfa6-bd2fe13c0445\"}, {\"unit\": \"1s\", \"field\": \"fc474802-b799-11e9-bfa6-bd2fe13c0445\", \"type\": \"derivative\", \"id\": \"fc474804-b799-11e9-bfa6-bd2fe13c0445\"}, {\"field\": \"fc474804-b799-11e9-bfa6-bd2fe13c0445\", \"type\": \"positive_only\", \"id\": \"fc474803-b799-11e9-bfa6-bd2fe13c0445\"}], \"label\": \"inserted\", \"split_mode\": \"everything\", \"separate_axis\": 0, \"axis_position\": \"right\", \"stacked\": \"none\", \"value_template\": \"{{value}}/s\", \"id\": \"fc474801-b799-11e9-bfa6-bd2fe13c0445\"}, {\"fill\": 0, \"line_width\": 2, \"point_size\": 0, \"formatter\": \"number\", \"color\": \"#DB1374\", \"chart_type\": \"line\", \"metrics\": [{\"field\": \"postgresql.database.rows.deleted\", \"type\": \"max\", \"id\": \"fc474806-b799-11e9-bfa6-bd2fe13c0445\"}, {\"unit\": \"1s\", \"field\": \"fc474806-b799-11e9-bfa6-bd2fe13c0445\", \"type\": \"derivative\", \"id\": \"fc474808-b799-11e9-bfa6-bd2fe13c0445\"}, {\"field\": \"fc474808-b799-11e9-bfa6-bd2fe13c0445\", \"type\": \"positive_only\", \"id\": \"fc474807-b799-11e9-bfa6-bd2fe13c0445\"}], \"label\": \"deleted\", \"split_mode\": \"everything\", \"separate_axis\": 0, \"axis_position\": \"right\", \"stacked\": \"none\", \"value_template\": \"{{value}}/s\", \"id\": \"fc474805-b799-11e9-bfa6-bd2fe13c0445\"}, {\"fill\": 0, \"line_width\": 2, \"point_size\": 0, \"formatter\": \"number\", \"color\": \"#00B3A4\", \"chart_type\": \"line\", \"metrics\": [{\"field\": \"postgresql.database.rows.updated\", \"type\": \"max\", \"id\": \"fc476f11-b799-11e9-bfa6-bd2fe13c0445\"}, {\"unit\": \"1s\", \"field\": \"fc476f11-b799-11e9-bfa6-bd2fe13c0445\", \"type\": \"derivative\", \"id\": \"fc476f13-b799-11e9-bfa6-bd2fe13c0445\"}, {\"field\": \"fc476f13-b799-11e9-bfa6-bd2fe13c0445\", \"type\": \"positive_only\", \"id\": \"fc476f12-b799-11e9-bfa6-bd2fe13c0445\"}], \"label\": \"updated\", \"split_mode\": \"everything\", \"separate_axis\": 0, \"axis_position\": \"right\", \"stacked\": \"none\", \"value_template\": \"{{value}}/s\", \"id\": \"fc476f10-b799-11e9-bfa6-bd2fe13c0445\"}], \"show_legend\": 1, \"isModelInvalid\": false, \"axis_scale\": \"normal\", \"type\": \"timeseries\", \"axis_position\": \"left\", \"interval\": \"auto\", \"id\": \"fc474800-b799-11e9-bfa6-bd2fe13c0445\", \"axis_formatter\": \"number\", \"index_pattern\": \"metricbeat-*\"}, \"title\": \"Rows Inserted/Deleted/Updated [Metricbeat PostgreSQL] ECS\", \"type\": \"metrics\"}"
            },
            "id": "20931ef0-b79a-11e9-a579-f5c0a5d81340",
            "migrationVersion": {
                "visualization": "7.4.2"
            },
            "references": [],
            "type": "visualization",
            "updated_at": "2020-02-06T12:01:45.205Z",
            "version": "WzQzNTMsMV0="
        },
        {
            "attributes": {
                "description": "",
                "kibanaSavedObjectMeta": {
                    "searchSourceJSON": "{\"query\": {\"query\": \"\", \"language\": \"kuery\"}, \"filter\": []}"
                },
                "title": "Conflict/Deadlock Rates [Metricbeat PostgreSQL] ECS",
                "uiStateJSON": "{}",
                "version": 1,
                "visState": "{\"aggs\": [], \"params\": {\"show_grid\": 1, \"default_timefield\": \"@timestamp\", \"filter\": {\"query\": \"\", \"language\": \"kuery\"}, \"default_index_pattern\": \"metricbeat-*\", \"time_field\": \"@timestamp\", \"series\": [{\"fill\": 0, \"line_width\": 2, \"point_size\": 0, \"formatter\": \"number\", \"color\": \"rgba(12,121,125,1)\", \"chart_type\": \"line\", \"metrics\": [{\"field\": \"postgresql.database.conflicts\", \"type\": \"avg\", \"id\": \"6c90db32-b79a-11e9-a8f0-d7983cd3d871\"}, {\"unit\": \"1s\", \"field\": \"6c90db32-b79a-11e9-a8f0-d7983cd3d871\", \"type\": \"derivative\", \"id\": \"6c90db34-b79a-11e9-a8f0-d7983cd3d871\"}, {\"field\": \"6c90db34-b79a-11e9-a8f0-d7983cd3d871\", \"type\": \"positive_only\", \"id\": \"6c90db33-b79a-11e9-a8f0-d7983cd3d871\"}], \"label\": \"conflicts\", \"split_mode\": \"everything\", \"separate_axis\": 0, \"type\": \"timeseries\", \"axis_position\": \"right\", \"stacked\": \"none\", \"value_template\": \"{{value}}\", \"id\": \"6c90db31-b79a-11e9-a8f0-d7983cd3d871\"}, {\"fill\": 0, \"line_width\": 2, \"point_size\": 0, \"formatter\": \"number\", \"color\": \"rgba(244,78,59,1)\", \"chart_type\": \"line\", \"metrics\": [{\"field\": \"postgresql.database.deadlocks\", \"type\": \"avg\", \"id\": \"6c90db36-b79a-11e9-a8f0-d7983cd3d871\"}, {\"unit\": \"1s\", \"field\": \"6c90db36-b79a-11e9-a8f0-d7983cd3d871\", \"type\": \"derivative\", \"id\": \"6c90db38-b79a-11e9-a8f0-d7983cd3d871\"}, {\"field\": \"6c90db38-b79a-11e9-a8f0-d7983cd3d871\", \"type\": \"positive_only\", \"id\": \"6c90db37-b79a-11e9-a8f0-d7983cd3d871\"}], \"label\": \"deadlocks\", \"split_mode\": \"everything\", \"separate_axis\": 0, \"type\": \"timeseries\", \"axis_position\": \"right\", \"stacked\": \"none\", \"value_template\": \"{{value}}\", \"id\": \"6c90db35-b79a-11e9-a8f0-d7983cd3d871\"}], \"show_legend\": 1, \"isModelInvalid\": false, \"axis_scale\": \"normal\", \"type\": \"timeseries\", \"axis_position\": \"left\", \"interval\": \"auto\", \"id\": \"6c90db30-b79a-11e9-a8f0-d7983cd3d871\", \"axis_formatter\": \"number\", \"index_pattern\": \"metricbeat-*\"}, \"title\": \"Conflict/Deadlock Rates [Metricbeat PostgreSQL] ECS\", \"type\": \"metrics\"}"
            },
            "id": "960ecdf0-b79a-11e9-a579-f5c0a5d81340",
            "migrationVersion": {
                "visualization": "7.4.2"
            },
            "references": [],
            "type": "visualization",
            "updated_at": "2020-02-05T15:46:52.411Z",
            "version": "WzQzMDgsMV0="
        },
        {
            "attributes": {
                "description": "",
                "kibanaSavedObjectMeta": {
                    "searchSourceJSON": "{\"query\": {\"query\": \"\", \"language\": \"kuery\"}, \"filter\": []}"
                },
                "title": "Database Filter [Metricbeat PostgreSQL] ECS",
                "uiStateJSON": "{}",
                "version": 1,
                "visState": "{\"aggs\": [], \"params\": {\"pinFilters\": false, \"useTimeFilter\": true, \"controls\": [{\"label\": \"database\", \"indexPatternRefName\": \"control_0_index_pattern\", \"type\": \"list\", \"fieldName\": \"postgresql.database.name\", \"options\": {\"dynamicOptions\": true, \"size\": 5, \"order\": \"desc\", \"type\": \"terms\", \"multiselect\": false}, \"parent\": \"\", \"id\": \"1549397251041\"}], \"updateFiltersOnChange\": true}, \"title\": \"Database Filter [Metricbeat PostgreSQL] ECS\", \"type\": \"input_control_vis\"}"
            },
            "id": "98e6b0a0-b79b-11e9-a579-f5c0a5d81340",
            "migrationVersion": {
                "visualization": "7.4.2"
            },
            "references": [
                {
                    "id": "metricbeat-*",
                    "name": "control_0_index_pattern",
                    "type": "index-pattern"
                }
            ],
            "type": "visualization",
            "updated_at": "2020-01-22T13:56:51.268Z",
            "version": "WzQwMjgsMV0="
        },
        {
            "attributes": {
                "description": "",
                "kibanaSavedObjectMeta": {
                    "searchSourceJSON": "{\"query\": {\"query\": \"\", \"language\": \"kuery\"}, \"filter\": []}"
                },
                "title": "Query Calls Count [Metricbeat PostgreSQL] ECS",
                "uiStateJSON": "{}",
                "version": 1,
                "visState": "{\"aggs\": [], \"params\": {\"default_timefield\": \"@timestamp\", \"background_color_rules\": [{\"id\": \"d3cc2560-484b-11ea-a805-d7a3b4bc3300\"}], \"series\": [{\"fill\": 0, \"terms_size\": \"20\", \"line_width\": 2, \"filter\": {\"query\": \"not postgresql.statement.query.text : (\\\"BEGIN;\\\" or \\\"begin\\\" or \\\"commit\\\" or \\\"end\\\" or \\\"END;\\\" or \\\"SELECT * FROM pg_stat_statements\\\" or \\\"SELECT * FROM pg_stat_database\\\" or \\\"SELECT * FROM pg_stat_bgwriter\\\" or \\\"SELECT * FROM pg_stat_activity\\\")\", \"language\": \"kuery\"}, \"point_size\": 0, \"formatter\": \"'0a'\", \"chart_type\": \"line\", \"separate_axis\": 0, \"metrics\": [{\"field\": \"postgresql.statement.query.calls\", \"type\": \"avg\", \"id\": \"2bc5fea2-b902-11e9-8b8c-f99be54b4271\"}], \"label\": \"Number of times the query has been run\", \"terms_field\": \"postgresql.statement.query.text\", \"split_mode\": \"terms\", \"color\": \"rgba(22,165,165,1)\", \"type\": \"timeseries\", \"axis_position\": \"right\", \"terms_order_by\": \"2bc5fea2-b902-11e9-8b8c-f99be54b4271\", \"stacked\": \"none\", \"value_template\": \"{{value}}\", \"id\": \"2bc5fea1-b902-11e9-8b8c-f99be54b4271\"}], \"show_legend\": 1, \"type\": \"top_n\", \"axis_position\": \"left\", \"interval\": \"auto\", \"show_grid\": 1, \"pivot_id\": \"postgresql.statement.query.text\", \"gauge_width\": 10, \"filter\": {\"query\": \"\", \"language\": \"kuery\"}, \"gauge_color_rules\": [{\"id\": \"d22727f0-484b-11ea-a805-d7a3b4bc3300\"}], \"gauge_inner_width\": 10, \"default_index_pattern\": \"metricbeat-*\", \"axis_formatter\": \"number\", \"isModelInvalid\": false, \"time_range_mode\": \"entire_time_range\", \"axis_scale\": \"normal\", \"bar_color_rules\": [{\"id\": \"6da7d6e0-b902-11e9-9f00-7b1f283b2282\"}], \"time_field\": \"@timestamp\", \"id\": \"2bc5fea0-b902-11e9-8b8c-f99be54b4271\", \"gauge_style\": \"half\", \"pivot_type\": \"string\", \"index_pattern\": \"metricbeat-*\"}, \"title\": \"Query Calls Count [Metricbeat PostgreSQL] ECS\", \"type\": \"metrics\"}"
            },
            "id": "147875b0-b903-11e9-a579-f5c0a5d81340",
            "migrationVersion": {
                "visualization": "7.4.2"
            },
            "references": [],
            "type": "visualization",
            "updated_at": "2020-02-06T12:04:42.628Z",
            "version": "WzQzNTUsMV0="
        },
        {
            "attributes": {
                "description": "",
                "kibanaSavedObjectMeta": {
                    "searchSourceJSON": "{\"query\": {\"query\": \"\", \"language\": \"kuery\"}, \"filter\": []}"
                },
                "title": "Local block cache stats [Metricbeat PostgreSQL] ECS",
                "uiStateJSON": "{}",
                "version": 1,
                "visState": "{\"aggs\": [], \"params\": {\"default_timefield\": \"@timestamp\", \"filter\": {\"query\": \"\", \"language\": \"kuery\"}, \"default_index_pattern\": \"metricbeat-*\", \"time_field\": \"@timestamp\", \"series\": [{\"fill\": 0, \"line_width\": 2, \"point_size\": 0, \"formatter\": \"number\", \"color\": \"#3185FC\", \"chart_type\": \"line\", \"metrics\": [{\"field\": \"postgresql.statement.query.memory.local.hit\", \"type\": \"max\", \"id\": \"8f49dbd2-b908-11e9-a256-6d0ec934f3f9\"}, {\"unit\": \"1s\", \"field\": \"8f49dbd2-b908-11e9-a256-6d0ec934f3f9\", \"type\": \"derivative\", \"id\": \"8f49dbd4-b908-11e9-a256-6d0ec934f3f9\"}, {\"unit\": \"\", \"field\": \"8f49dbd2-b908-11e9-a256-6d0ec934f3f9\", \"type\": \"positive_only\", \"id\": \"8f49dbd3-b908-11e9-a256-6d0ec934f3f9\"}], \"label\": \"cache hits\", \"split_mode\": \"everything\", \"separate_axis\": 0, \"axis_position\": \"right\", \"stacked\": \"none\", \"value_template\": \"{{value}}\", \"id\": \"8f49dbd1-b908-11e9-a256-6d0ec934f3f9\"}, {\"fill\": 0, \"line_width\": 2, \"point_size\": 0, \"formatter\": \"number\", \"color\": \"#DB1374\", \"chart_type\": \"line\", \"metrics\": [{\"field\": \"postgresql.statement.query.memory.local.read\", \"type\": \"max\", \"id\": \"8f49dbd6-b908-11e9-a256-6d0ec934f3f9\"}, {\"unit\": \"1s\", \"field\": \"8f49dbd6-b908-11e9-a256-6d0ec934f3f9\", \"type\": \"derivative\", \"id\": \"8f49dbd8-b908-11e9-a256-6d0ec934f3f9\"}, {\"unit\": \"\", \"field\": \"8f49dbd6-b908-11e9-a256-6d0ec934f3f9\", \"type\": \"positive_only\", \"id\": \"8f49dbd7-b908-11e9-a256-6d0ec934f3f9\"}], \"label\": \"cache read\", \"split_mode\": \"everything\", \"separate_axis\": 0, \"axis_position\": \"right\", \"stacked\": \"none\", \"value_template\": \"{{value}}\", \"id\": \"8f49dbd5-b908-11e9-a256-6d0ec934f3f9\"}], \"show_legend\": 1, \"id\": \"8f49dbd0-b908-11e9-a256-6d0ec934f3f9\", \"axis_scale\": \"normal\", \"type\": \"timeseries\", \"axis_position\": \"left\", \"interval\": \"auto\", \"show_grid\": 1, \"axis_formatter\": \"number\", \"index_pattern\": \"metricbeat-*\"}, \"title\": \"Local block cache stats [Metricbeat PostgreSQL] ECS\", \"type\": \"metrics\"}"
            },
            "id": "0cb65170-b909-11e9-a579-f5c0a5d81340",
            "migrationVersion": {
                "visualization": "7.4.2"
            },
            "references": [],
            "type": "visualization",
            "updated_at": "2020-01-22T13:56:51.268Z",
            "version": "WzQwMzAsMV0="
        },
        {
            "attributes": {
                "description": "",
                "kibanaSavedObjectMeta": {
                    "searchSourceJSON": "{\"query\": {\"query\": \"\", \"language\": \"kuery\"}, \"filter\": []}"
                },
                "title": "Shared block cache stats [Metricbeat PostgreSQL] ECS",
                "uiStateJSON": "{}",
                "version": 1,
                "visState": "{\"aggs\": [], \"params\": {\"default_timefield\": \"@timestamp\", \"filter\": {\"query\": \"\", \"language\": \"kuery\"}, \"default_index_pattern\": \"metricbeat-*\", \"time_field\": \"@timestamp\", \"series\": [{\"fill\": 0, \"line_width\": 2, \"point_size\": 0, \"formatter\": \"number\", \"color\": \"#3185FC\", \"chart_type\": \"line\", \"metrics\": [{\"field\": \"postgresql.statement.query.memory.shared.hit\", \"type\": \"max\", \"id\": \"8f49dbd2-b908-11e9-a256-6d0ec934f3f9\"}, {\"unit\": \"1s\", \"field\": \"8f49dbd2-b908-11e9-a256-6d0ec934f3f9\", \"type\": \"derivative\", \"id\": \"8f49dbd4-b908-11e9-a256-6d0ec934f3f9\"}, {\"field\": \"8f49dbd4-b908-11e9-a256-6d0ec934f3f9\", \"type\": \"positive_only\", \"id\": \"8f49dbd3-b908-11e9-a256-6d0ec934f3f9\"}], \"label\": \"cache hits\", \"split_mode\": \"everything\", \"separate_axis\": 0, \"axis_position\": \"right\", \"stacked\": \"none\", \"value_template\": \"{{value}}\", \"id\": \"8f49dbd1-b908-11e9-a256-6d0ec934f3f9\"}, {\"fill\": 0, \"line_width\": 2, \"point_size\": 0, \"formatter\": \"number\", \"color\": \"#DB1374\", \"chart_type\": \"line\", \"metrics\": [{\"field\": \"postgresql.statement.query.memory.shared.read\", \"type\": \"max\", \"id\": \"8f49dbd6-b908-11e9-a256-6d0ec934f3f9\"}, {\"unit\": \"1s\", \"field\": \"8f49dbd6-b908-11e9-a256-6d0ec934f3f9\", \"type\": \"derivative\", \"id\": \"8f49dbd8-b908-11e9-a256-6d0ec934f3f9\"}, {\"field\": \"8f49dbd8-b908-11e9-a256-6d0ec934f3f9\", \"type\": \"positive_only\", \"id\": \"8f49dbd7-b908-11e9-a256-6d0ec934f3f9\"}], \"label\": \"cache read\", \"split_mode\": \"everything\", \"separate_axis\": 0, \"axis_position\": \"right\", \"stacked\": \"none\", \"value_template\": \"{{value}}\", \"id\": \"8f49dbd5-b908-11e9-a256-6d0ec934f3f9\"}], \"show_legend\": 1, \"id\": \"8f49dbd0-b908-11e9-a256-6d0ec934f3f9\", \"axis_scale\": \"normal\", \"type\": \"timeseries\", \"axis_position\": \"left\", \"interval\": \"auto\", \"show_grid\": 1, \"axis_formatter\": \"number\", \"index_pattern\": \"metricbeat-*\"}, \"title\": \"Shared block cache stats [Metricbeat PostgreSQL] ECS\", \"type\": \"metrics\"}"
            },
            "id": "e2b28ce0-b908-11e9-a579-f5c0a5d81340",
            "migrationVersion": {
                "visualization": "7.4.2"
            },
            "references": [],
            "type": "visualization",
            "updated_at": "2020-01-22T13:56:51.268Z",
            "version": "WzQwMzEsMV0="
        }
    ],
    "version": "7.3.1"
}